2026-07-14 15:40:50,318 INFO  Logger.cs: 70 - 
--------------------------------------------------------------------------------
2026-07-14 15:40:50,339 INFO  Logger.cs: 71 - Logging commencing for SW2URDF exporter
2026-07-14 15:40:50,340 INFO  Logger.cs: 73 - Commit version 1.6.0-4-g7f85cfe
2026-07-14 15:40:50,341 INFO  Logger.cs: 74 - Build version 1.6.7995.38578
2026-07-14 15:40:50,342 INFO  SwAddin.cs: 192 - Attempting to connect to SW
2026-07-14 15:40:50,342 INFO  SwAddin.cs: 197 - Setting up callbacks
2026-07-14 15:40:50,343 INFO  SwAddin.cs: 201 - Setting up command manager
2026-07-14 15:40:50,343 INFO  SwAddin.cs: 204 - Adding command manager
2026-07-14 15:40:50,345 INFO  SwAddin.cs: 263 - Adding Assembly export to file menu
2026-07-14 15:40:50,347 INFO  SwAddin.cs: 272 - Adding Part export to file menu
2026-07-14 15:40:50,347 INFO  SwAddin.cs: 210 - Adding event handlers
2026-07-14 15:40:50,361 INFO  SwAddin.cs: 217 - Connecting plugin to SolidWorks
2026-07-14 15:41:06,650 INFO  SwAddin.cs: 294 - Assembly export called for file 整狗装配体.SLDASM
2026-07-14 15:41:09,429 INFO  SwAddin.cs: 313 - Saving assembly
2026-07-14 15:41:10,108 INFO  SwAddin.cs: 316 - Opening property manager
2026-07-14 15:41:10,117 INFO  ExportHelperExtension.cs: 1125 - Retrieving features of type [CoordSys] from 整狗装配体.SLDASM
2026-07-14 15:41:10,121 INFO  ExportHelperExtension.cs: 1136 - Found 538 in 整狗装配体.SLDASM
2026-07-14 15:41:10,123 INFO  ExportHelperExtension.cs: 1145 - Found 13 features of type [CoordSys] in 整狗装配体.SLDASM
2026-07-14 15:41:10,124 INFO  ExportHelperExtension.cs: 1148 - Proceeding through assembly components
2026-07-14 15:41:10,124 INFO  ExportHelperExtension.cs: 1160 - 100 components to check
2026-07-14 15:41:10,125 INFO  ExportHelperExtension.cs: 1125 - Retrieving features of type [CoordSys] from 小腿中间曲线-6061-1
2026-07-14 15:41:10,126 INFO  ExportHelperExtension.cs: 1136 - Found 35 in 小腿中间曲线-6061-1
2026-07-14 15:41:10,126 INFO  ExportHelperExtension.cs: 1145 - Found 0 features of type [CoordSys] in 小腿中间曲线-6061-1
2026-07-14 15:41:10,127 INFO  ExportHelperExtension.cs: 1125 - Retrieving features of type [CoordSys] from 2-3关节连接件-前右-6061-2
2026-07-14 15:41:10,127 INFO  ExportHelperExtension.cs: 1136 - Found 36 in 2-3关节连接件-前右-6061-2
2026-07-14 15:41:10,128 INFO  ExportHelperExtension.cs: 1145 - Found 0 features of type [CoordSys] in 2-3关节连接件-前右-6061-2
2026-07-14 15:41:10,128 INFO  ExportHelperExtension.cs: 1125 - Retrieving features of type [CoordSys] from 小腿饰板1-4
2026-07-14 15:41:10,129 INFO  ExportHelperExtension.cs: 1136 - Found 28 in 小腿饰板1-4
2026-07-14 15:41:10,129 INFO  ExportHelperExtension.cs: 1145 - Found 0 features of type [CoordSys] in 小腿饰板1-4
2026-07-14 15:41:10,129 INFO  ExportHelperExtension.cs: 1125 - Retrieving features of type [CoordSys] from GO-M8010-6电机3D模型-3
2026-07-14 15:41:10,130 INFO  ExportHelperExtension.cs: 1136 - Found 42 in GO-M8010-6电机3D模型-3
2026-07-14 15:41:10,130 INFO  ExportHelperExtension.cs: 1145 - Found 0 features of type [CoordSys] in GO-M8010-6电机3D模型-3
2026-07-14 15:41:10,131 INFO  ExportHelperExtension.cs: 1125 - Retrieving features of type [CoordSys] from 髋关节连接件-前腿-6061-1
2026-07-14 15:41:10,131 INFO  ExportHelperExtension.cs: 1136 - Found 41 in 髋关节连接件-前腿-6061-1
2026-07-14 15:41:10,131 INFO  ExportHelperExtension.cs: 1145 - Found 0 features of type [CoordSys] in 髋关节连接件-前腿-6061-1
2026-07-14 15:41:10,131 INFO  ExportHelperExtension.cs: 1125 - Retrieving features of type [CoordSys] from 硅胶足端-5
2026-07-14 15:41:10,133 INFO  ExportHelperExtension.cs: 1136 - Found 28 in 硅胶足端-5
2026-07-14 15:41:10,133 INFO  ExportHelperExtension.cs: 1145 - Found 0 features of type [CoordSys] in 硅胶足端-5
2026-07-14 15:41:10,133 INFO  ExportHelperExtension.cs: 1125 - Retrieving features of type [CoordSys] from 小腿外侧曲线-镜像-6061-1
2026-07-14 15:41:10,133 INFO  ExportHelperExtension.cs: 1136 - Found 36 in 小腿外侧曲线-镜像-6061-1
2026-07-14 15:41:10,134 INFO  ExportHelperExtension.cs: 1145 - Found 0 features of type [CoordSys] in 小腿外侧曲线-镜像-6061-1
2026-07-14 15:41:10,134 INFO  ExportHelperExtension.cs: 1125 - Retrieving features of type [CoordSys] from 小腿齿轮-1
2026-07-14 15:41:10,135 INFO  ExportHelperExtension.cs: 1136 - Found 29 in 小腿齿轮-1
2026-07-14 15:41:10,135 INFO  ExportHelperExtension.cs: 1145 - Found 0 features of type [CoordSys] in 小腿齿轮-1
2026-07-14 15:41:10,135 INFO  ExportHelperExtension.cs: 1125 - Retrieving features of type [CoordSys] from 小腿外侧曲线-6061-1
2026-07-14 15:41:10,136 INFO  ExportHelperExtension.cs: 1136 - Found 38 in 小腿外侧曲线-6061-1
2026-07-14 15:41:10,136 INFO  ExportHelperExtension.cs: 1145 - Found 0 features of type [CoordSys] in 小腿外侧曲线-6061-1
2026-07-14 15:41:10,137 INFO  ExportHelperExtension.cs: 1125 - Retrieving features of type [CoordSys] from 大腿外侧-6061-3mm-1
2026-07-14 15:41:10,137 INFO  ExportHelperExtension.cs: 1136 - Found 32 in 大腿外侧-6061-3mm-1
2026-07-14 15:41:10,138 INFO  ExportHelperExtension.cs: 1145 - Found 0 features of type [CoordSys] in 大腿外侧-6061-3mm-1
2026-07-14 15:41:10,138 INFO  ExportHelperExtension.cs: 1125 - Retrieving features of type [CoordSys] from 大腿打印件-1
2026-07-14 15:41:10,138 INFO  ExportHelperExtension.cs: 1136 - Found 40 in 大腿打印件-1
2026-07-14 15:41:10,139 INFO  ExportHelperExtension.cs: 1145 - Found 0 features of type [CoordSys] in 大腿打印件-1
2026-07-14 15:41:10,139 INFO  ExportHelperExtension.cs: 1125 - Retrieving features of type [CoordSys] from 大腿内侧-6061-1
2026-07-14 15:41:10,140 INFO  ExportHelperExtension.cs: 1136 - Found 43 in 大腿内侧-6061-1
2026-07-14 15:41:10,140 INFO  ExportHelperExtension.cs: 1145 - Found 0 features of type [CoordSys] in 大腿内侧-6061-1
2026-07-14 15:41:10,141 INFO  ExportHelperExtension.cs: 1125 - Retrieving features of type [CoordSys] from 210mm连杆-6061-1
2026-07-14 15:41:10,141 INFO  ExportHelperExtension.cs: 1136 - Found 32 in 210mm连杆-6061-1
2026-07-14 15:41:10,141 INFO  ExportHelperExtension.cs: 1145 - Found 0 features of type [CoordSys] in 210mm连杆-6061-1
2026-07-14 15:41:10,143 INFO  ExportHelperExtension.cs: 1125 - Retrieving features of type [CoordSys] from 小腿饰板2-4
2026-07-14 15:41:10,144 INFO  ExportHelperExtension.cs: 1136 - Found 35 in 小腿饰板2-4
2026-07-14 15:41:10,144 INFO  ExportHelperExtension.cs: 1145 - Found 0 features of type [CoordSys] in 小腿饰板2-4
2026-07-14 15:41:10,144 INFO  ExportHelperExtension.cs: 1125 - Retrieving features of type [CoordSys] from 前面板髋关节限位块-4
2026-07-14 15:41:10,144 INFO  ExportHelperExtension.cs: 1136 - Found 25 in 前面板髋关节限位块-4
2026-07-14 15:41:10,145 INFO  ExportHelperExtension.cs: 1145 - Found 0 features of type [CoordSys] in 前面板髋关节限位块-4
2026-07-14 15:41:10,145 INFO  ExportHelperExtension.cs: 1125 - Retrieving features of type [CoordSys] from GO-M8010-6电机3D模型-6
2026-07-14 15:41:10,145 INFO  ExportHelperExtension.cs: 1136 - Found 42 in GO-M8010-6电机3D模型-6
2026-07-14 15:41:10,146 INFO  ExportHelperExtension.cs: 1145 - Found 0 features of type [CoordSys] in GO-M8010-6电机3D模型-6
2026-07-14 15:41:10,146 INFO  ExportHelperExtension.cs: 1125 - Retrieving features of type [CoordSys] from 210mm连杆-6061-3
2026-07-14 15:41:10,147 INFO  ExportHelperExtension.cs: 1136 - Found 32 in 210mm连杆-6061-3
2026-07-14 15:41:10,147 INFO  ExportHelperExtension.cs: 1145 - Found 0 features of type [CoordSys] in 210mm连杆-6061-3
2026-07-14 15:41:10,147 INFO  ExportHelperExtension.cs: 1125 - Retrieving features of type [CoordSys] from 足端打印件2-6
2026-07-14 15:41:10,148 INFO  ExportHelperExtension.cs: 1136 - Found 30 in 足端打印件2-6
2026-07-14 15:41:10,148 INFO  ExportHelperExtension.cs: 1145 - Found 0 features of type [CoordSys] in 足端打印件2-6
2026-07-14 15:41:10,149 INFO  ExportHelperExtension.cs: 1125 - Retrieving features of type [CoordSys] from 大腿内侧角度限位-3
2026-07-14 15:41:10,149 INFO  ExportHelperExtension.cs: 1136 - Found 26 in 大腿内侧角度限位-3
2026-07-14 15:41:10,149 INFO  ExportHelperExtension.cs: 1145 - Found 0 features of type [CoordSys] in 大腿内侧角度限位-3
2026-07-14 15:41:10,150 INFO  ExportHelperExtension.cs: 1125 - Retrieving features of type [CoordSys] from 大腿打印件-3
2026-07-14 15:41:10,150 INFO  ExportHelperExtension.cs: 1136 - Found 40 in 大腿打印件-3
2026-07-14 15:41:10,151 INFO  ExportHelperExtension.cs: 1145 - Found 0 features of type [CoordSys] in 大腿打印件-3
2026-07-14 15:41:10,151 INFO  ExportHelperExtension.cs: 1125 - Retrieving features of type [CoordSys] from 前面板髋关节限位块-3
2026-07-14 15:41:10,151 INFO  ExportHelperExtension.cs: 1136 - Found 25 in 前面板髋关节限位块-3
2026-07-14 15:41:10,151 INFO  ExportHelperExtension.cs: 1145 - Found 0 features of type [CoordSys] in 前面板髋关节限位块-3
2026-07-14 15:41:10,153 INFO  ExportHelperExtension.cs: 1125 - Retrieving features of type [CoordSys] from 大腿内侧-6061-3
2026-07-14 15:41:10,153 INFO  ExportHelperExtension.cs: 1136 - Found 43 in 大腿内侧-6061-3
2026-07-14 15:41:10,153 INFO  ExportHelperExtension.cs: 1145 - Found 0 features of type [CoordSys] in 大腿内侧-6061-3
2026-07-14 15:41:10,153 INFO  ExportHelperExtension.cs: 1125 - Retrieving features of type [CoordSys] from GO-M8010-6电机3D模型-4
2026-07-14 15:41:10,154 INFO  ExportHelperExtension.cs: 1136 - Found 42 in GO-M8010-6电机3D模型-4
2026-07-14 15:41:10,154 INFO  ExportHelperExtension.cs: 1145 - Found 0 features of type [CoordSys] in GO-M8010-6电机3D模型-4
2026-07-14 15:41:10,155 INFO  ExportHelperExtension.cs: 1125 - Retrieving features of type [CoordSys] from 足端打印件-6
2026-07-14 15:41:10,155 INFO  ExportHelperExtension.cs: 1136 - Found 37 in 足端打印件-6
2026-07-14 15:41:10,155 INFO  ExportHelperExtension.cs: 1145 - Found 0 features of type [CoordSys] in 足端打印件-6
2026-07-14 15:41:10,156 INFO  ExportHelperExtension.cs: 1125 - Retrieving features of type [CoordSys] from 大腿内侧角度限位-4
2026-07-14 15:41:10,156 INFO  ExportHelperExtension.cs: 1136 - Found 26 in 大腿内侧角度限位-4
2026-07-14 15:41:10,157 INFO  ExportHelperExtension.cs: 1145 - Found 0 features of type [CoordSys] in 大腿内侧角度限位-4
2026-07-14 15:41:10,157 INFO  ExportHelperExtension.cs: 1125 - Retrieving features of type [CoordSys] from GO-M8010-6电机3D模型-5
2026-07-14 15:41:10,157 INFO  ExportHelperExtension.cs: 1136 - Found 42 in GO-M8010-6电机3D模型-5
2026-07-14 15:41:10,158 INFO  ExportHelperExtension.cs: 1145 - Found 0 features of type [CoordSys] in GO-M8010-6电机3D模型-5
2026-07-14 15:41:10,158 INFO  ExportHelperExtension.cs: 1125 - Retrieving features of type [CoordSys] from 髋关节连接件-单面-6061-右后-2
2026-07-14 15:41:10,159 INFO  ExportHelperExtension.cs: 1136 - Found 37 in 髋关节连接件-单面-6061-右后-2
2026-07-14 15:41:10,159 INFO  ExportHelperExtension.cs: 1145 - Found 0 features of type [CoordSys] in 髋关节连接件-单面-6061-右后-2
2026-07-14 15:41:10,159 INFO  ExportHelperExtension.cs: 1125 - Retrieving features of type [CoordSys] from 小腿外侧曲线-镜像-6061-3
2026-07-14 15:41:10,160 INFO  ExportHelperExtension.cs: 1136 - Found 36 in 小腿外侧曲线-镜像-6061-3
2026-07-14 15:41:10,160 INFO  ExportHelperExtension.cs: 1145 - Found 0 features of type [CoordSys] in 小腿外侧曲线-镜像-6061-3
2026-07-14 15:41:10,161 INFO  ExportHelperExtension.cs: 1125 - Retrieving features of type [CoordSys] from 小腿中间曲线-6061-3
2026-07-14 15:41:10,161 INFO  ExportHelperExtension.cs: 1136 - Found 35 in 小腿中间曲线-6061-3
2026-07-14 15:41:10,161 INFO  ExportHelperExtension.cs: 1145 - Found 0 features of type [CoordSys] in 小腿中间曲线-6061-3
2026-07-14 15:41:10,162 INFO  ExportHelperExtension.cs: 1125 - Retrieving features of type [CoordSys] from 小腿外侧曲线-6061-3
2026-07-14 15:41:10,163 INFO  ExportHelperExtension.cs: 1136 - Found 38 in 小腿外侧曲线-6061-3
2026-07-14 15:41:10,163 INFO  ExportHelperExtension.cs: 1145 - Found 0 features of type [CoordSys] in 小腿外侧曲线-6061-3
2026-07-14 15:41:10,163 INFO  ExportHelperExtension.cs: 1125 - Retrieving features of type [CoordSys] from 大腿外侧-6061-3mm-3
2026-07-14 15:41:10,164 INFO  ExportHelperExtension.cs: 1136 - Found 32 in 大腿外侧-6061-3mm-3
2026-07-14 15:41:10,164 INFO  ExportHelperExtension.cs: 1145 - Found 0 features of type [CoordSys] in 大腿外侧-6061-3mm-3
2026-07-14 15:41:10,165 INFO  ExportHelperExtension.cs: 1125 - Retrieving features of type [CoordSys] from 2-3关节连接件-右后-6061-2
2026-07-14 15:41:10,165 INFO  ExportHelperExtension.cs: 1136 - Found 36 in 2-3关节连接件-右后-6061-2
2026-07-14 15:41:10,166 INFO  ExportHelperExtension.cs: 1145 - Found 0 features of type [CoordSys] in 2-3关节连接件-右后-6061-2
2026-07-14 15:41:10,166 INFO  ExportHelperExtension.cs: 1125 - Retrieving features of type [CoordSys] from 大腿-小腿关节限位块-6
2026-07-14 15:41:10,166 INFO  ExportHelperExtension.cs: 1136 - Found 25 in 大腿-小腿关节限位块-6
2026-07-14 15:41:10,167 INFO  ExportHelperExtension.cs: 1145 - Found 0 features of type [CoordSys] in 大腿-小腿关节限位块-6
2026-07-14 15:41:10,167 INFO  ExportHelperExtension.cs: 1125 - Retrieving features of type [CoordSys] from 大腿内侧角度限位-5
2026-07-14 15:41:10,167 INFO  ExportHelperExtension.cs: 1136 - Found 26 in 大腿内侧角度限位-5
2026-07-14 15:41:10,168 INFO  ExportHelperExtension.cs: 1145 - Found 0 features of type [CoordSys] in 大腿内侧角度限位-5
2026-07-14 15:41:10,168 INFO  ExportHelperExtension.cs: 1125 - Retrieving features of type [CoordSys] from 大腿内侧角度限位-6
2026-07-14 15:41:10,168 INFO  ExportHelperExtension.cs: 1136 - Found 26 in 大腿内侧角度限位-6
2026-07-14 15:41:10,169 INFO  ExportHelperExtension.cs: 1145 - Found 0 features of type [CoordSys] in 大腿内侧角度限位-6
2026-07-14 15:41:10,169 INFO  ExportHelperExtension.cs: 1125 - Retrieving features of type [CoordSys] from GO-M8010-6电机3D模型-8
2026-07-14 15:41:10,170 INFO  ExportHelperExtension.cs: 1136 - Found 42 in GO-M8010-6电机3D模型-8
2026-07-14 15:41:10,170 INFO  ExportHelperExtension.cs: 1145 - Found 0 features of type [CoordSys] in GO-M8010-6电机3D模型-8
2026-07-14 15:41:10,170 INFO  ExportHelperExtension.cs: 1125 - Retrieving features of type [CoordSys] from 小腿齿轮-3
2026-07-14 15:41:10,171 INFO  ExportHelperExtension.cs: 1136 - Found 29 in 小腿齿轮-3
2026-07-14 15:41:10,171 INFO  ExportHelperExtension.cs: 1145 - Found 0 features of type [CoordSys] in 小腿齿轮-3
2026-07-14 15:41:10,171 INFO  ExportHelperExtension.cs: 1125 - Retrieving features of type [CoordSys] from 大腿内侧-6061-左侧-1
2026-07-14 15:41:10,171 INFO  ExportHelperExtension.cs: 1136 - Found 38 in 大腿内侧-6061-左侧-1
2026-07-14 15:41:10,172 INFO  ExportHelperExtension.cs: 1145 - Found 0 features of type [CoordSys] in 大腿内侧-6061-左侧-1
2026-07-14 15:41:10,172 INFO  ExportHelperExtension.cs: 1125 - Retrieving features of type [CoordSys] from 小腿饰板2-3
2026-07-14 15:41:10,173 INFO  ExportHelperExtension.cs: 1136 - Found 35 in 小腿饰板2-3
2026-07-14 15:41:10,173 INFO  ExportHelperExtension.cs: 1145 - Found 0 features of type [CoordSys] in 小腿饰板2-3
2026-07-14 15:41:10,174 INFO  ExportHelperExtension.cs: 1125 - Retrieving features of type [CoordSys] from 足端打印件2-4
2026-07-14 15:41:10,174 INFO  ExportHelperExtension.cs: 1136 - Found 30 in 足端打印件2-4
2026-07-14 15:41:10,175 INFO  ExportHelperExtension.cs: 1145 - Found 0 features of type [CoordSys] in 足端打印件2-4
2026-07-14 15:41:10,175 INFO  ExportHelperExtension.cs: 1125 - Retrieving features of type [CoordSys] from 小腿饰板1-3
2026-07-14 15:41:10,175 INFO  ExportHelperExtension.cs: 1136 - Found 28 in 小腿饰板1-3
2026-07-14 15:41:10,176 INFO  ExportHelperExtension.cs: 1145 - Found 0 features of type [CoordSys] in 小腿饰板1-3
2026-07-14 15:41:10,176 INFO  ExportHelperExtension.cs: 1125 - Retrieving features of type [CoordSys] from 前面板髋关节限位块-5
2026-07-14 15:41:10,176 INFO  ExportHelperExtension.cs: 1136 - Found 25 in 前面板髋关节限位块-5
2026-07-14 15:41:10,177 INFO  ExportHelperExtension.cs: 1145 - Found 0 features of type [CoordSys] in 前面板髋关节限位块-5
2026-07-14 15:41:10,177 INFO  ExportHelperExtension.cs: 1125 - Retrieving features of type [CoordSys] from 硅胶足端-3
2026-07-14 15:41:10,200 INFO  ExportHelperExtension.cs: 1136 - Found 28 in 硅胶足端-3
2026-07-14 15:41:10,201 INFO  ExportHelperExtension.cs: 1145 - Found 0 features of type [CoordSys] in 硅胶足端-3
2026-07-14 15:41:10,201 INFO  ExportHelperExtension.cs: 1125 - Retrieving features of type [CoordSys] from 足端打印件-4
2026-07-14 15:41:10,201 INFO  ExportHelperExtension.cs: 1136 - Found 37 in 足端打印件-4
2026-07-14 15:41:10,202 INFO  ExportHelperExtension.cs: 1145 - Found 0 features of type [CoordSys] in 足端打印件-4
2026-07-14 15:41:10,202 INFO  ExportHelperExtension.cs: 1125 - Retrieving features of type [CoordSys] from 大腿-小腿关节限位块-4
2026-07-14 15:41:10,203 INFO  ExportHelperExtension.cs: 1136 - Found 25 in 大腿-小腿关节限位块-4
2026-07-14 15:41:10,203 INFO  ExportHelperExtension.cs: 1145 - Found 0 features of type [CoordSys] in 大腿-小腿关节限位块-4
2026-07-14 15:41:10,204 INFO  ExportHelperExtension.cs: 1125 - Retrieving features of type [CoordSys] from 前面板髋关节限位块-6
2026-07-14 15:41:10,205 INFO  ExportHelperExtension.cs: 1136 - Found 25 in 前面板髋关节限位块-6
2026-07-14 15:41:10,205 INFO  ExportHelperExtension.cs: 1145 - Found 0 features of type [CoordSys] in 前面板髋关节限位块-6
2026-07-14 15:41:10,205 INFO  ExportHelperExtension.cs: 1125 - Retrieving features of type [CoordSys] from GO-M8010-6电机3D模型-7
2026-07-14 15:41:10,206 INFO  ExportHelperExtension.cs: 1136 - Found 42 in GO-M8010-6电机3D模型-7
2026-07-14 15:41:10,206 INFO  ExportHelperExtension.cs: 1145 - Found 0 features of type [CoordSys] in GO-M8010-6电机3D模型-7
2026-07-14 15:41:10,207 INFO  ExportHelperExtension.cs: 1125 - Retrieving features of type [CoordSys] from GO-M8010-6电机3D模型-9
2026-07-14 15:41:10,207 INFO  ExportHelperExtension.cs: 1136 - Found 42 in GO-M8010-6电机3D模型-9
2026-07-14 15:41:10,207 INFO  ExportHelperExtension.cs: 1145 - Found 0 features of type [CoordSys] in GO-M8010-6电机3D模型-9
2026-07-14 15:41:10,208 INFO  ExportHelperExtension.cs: 1125 - Retrieving features of type [CoordSys] from 髋关节连接件-单面-6061-左前-1
2026-07-14 15:41:10,208 INFO  ExportHelperExtension.cs: 1136 - Found 37 in 髋关节连接件-单面-6061-左前-1
2026-07-14 15:41:10,209 INFO  ExportHelperExtension.cs: 1145 - Found 0 features of type [CoordSys] in 髋关节连接件-单面-6061-左前-1
2026-07-14 15:41:10,209 INFO  ExportHelperExtension.cs: 1125 - Retrieving features of type [CoordSys] from 大腿打印件-镜像左侧-1
2026-07-14 15:41:10,210 INFO  ExportHelperExtension.cs: 1136 - Found 35 in 大腿打印件-镜像左侧-1
2026-07-14 15:41:10,210 INFO  ExportHelperExtension.cs: 1145 - Found 0 features of type [CoordSys] in 大腿打印件-镜像左侧-1
2026-07-14 15:41:10,210 INFO  ExportHelperExtension.cs: 1125 - Retrieving features of type [CoordSys] from 210mm连杆-6061-4
2026-07-14 15:41:10,211 INFO  ExportHelperExtension.cs: 1136 - Found 32 in 210mm连杆-6061-4
2026-07-14 15:41:10,211 INFO  ExportHelperExtension.cs: 1145 - Found 0 features of type [CoordSys] in 210mm连杆-6061-4
2026-07-14 15:41:10,211 INFO  ExportHelperExtension.cs: 1125 - Retrieving features of type [CoordSys] from 小腿齿轮-4
2026-07-14 15:41:10,212 INFO  ExportHelperExtension.cs: 1136 - Found 29 in 小腿齿轮-4
2026-07-14 15:41:10,212 INFO  ExportHelperExtension.cs: 1145 - Found 0 features of type [CoordSys] in 小腿齿轮-4
2026-07-14 15:41:10,213 INFO  ExportHelperExtension.cs: 1125 - Retrieving features of type [CoordSys] from 大腿外侧-6061-3mm-4
2026-07-14 15:41:10,214 INFO  ExportHelperExtension.cs: 1136 - Found 32 in 大腿外侧-6061-3mm-4
2026-07-14 15:41:10,214 INFO  ExportHelperExtension.cs: 1145 - Found 0 features of type [CoordSys] in 大腿外侧-6061-3mm-4
2026-07-14 15:41:10,214 INFO  ExportHelperExtension.cs: 1125 - Retrieving features of type [CoordSys] from 小腿外侧曲线-6061-4
2026-07-14 15:41:10,215 INFO  ExportHelperExtension.cs: 1136 - Found 38 in 小腿外侧曲线-6061-4
2026-07-14 15:41:10,215 INFO  ExportHelperExtension.cs: 1145 - Found 0 features of type [CoordSys] in 小腿外侧曲线-6061-4
2026-07-14 15:41:10,216 INFO  ExportHelperExtension.cs: 1125 - Retrieving features of type [CoordSys] from 硅胶足端-4
2026-07-14 15:41:10,216 INFO  ExportHelperExtension.cs: 1136 - Found 28 in 硅胶足端-4
2026-07-14 15:41:10,217 INFO  ExportHelperExtension.cs: 1145 - Found 0 features of type [CoordSys] in 硅胶足端-4
2026-07-14 15:41:10,217 INFO  ExportHelperExtension.cs: 1125 - Retrieving features of type [CoordSys] from 2-3关节连接件-前左-6061-1
2026-07-14 15:41:10,217 INFO  ExportHelperExtension.cs: 1136 - Found 36 in 2-3关节连接件-前左-6061-1
2026-07-14 15:41:10,218 INFO  ExportHelperExtension.cs: 1145 - Found 0 features of type [CoordSys] in 2-3关节连接件-前左-6061-1
2026-07-14 15:41:10,218 INFO  ExportHelperExtension.cs: 1125 - Retrieving features of type [CoordSys] from 小腿饰板1-2
2026-07-14 15:41:10,219 INFO  ExportHelperExtension.cs: 1136 - Found 28 in 小腿饰板1-2
2026-07-14 15:41:10,219 INFO  ExportHelperExtension.cs: 1145 - Found 0 features of type [CoordSys] in 小腿饰板1-2
2026-07-14 15:41:10,219 INFO  ExportHelperExtension.cs: 1125 - Retrieving features of type [CoordSys] from 小腿中间曲线-6061-4
2026-07-14 15:41:10,220 INFO  ExportHelperExtension.cs: 1136 - Found 35 in 小腿中间曲线-6061-4
2026-07-14 15:41:10,220 INFO  ExportHelperExtension.cs: 1145 - Found 0 features of type [CoordSys] in 小腿中间曲线-6061-4
2026-07-14 15:41:10,221 INFO  ExportHelperExtension.cs: 1125 - Retrieving features of type [CoordSys] from 小腿饰板2-2
2026-07-14 15:41:10,221 INFO  ExportHelperExtension.cs: 1136 - Found 35 in 小腿饰板2-2
2026-07-14 15:41:10,221 INFO  ExportHelperExtension.cs: 1145 - Found 0 features of type [CoordSys] in 小腿饰板2-2
2026-07-14 15:41:10,221 INFO  ExportHelperExtension.cs: 1125 - Retrieving features of type [CoordSys] from 足端打印件2-5
2026-07-14 15:41:10,222 INFO  ExportHelperExtension.cs: 1136 - Found 30 in 足端打印件2-5
2026-07-14 15:41:10,222 INFO  ExportHelperExtension.cs: 1145 - Found 0 features of type [CoordSys] in 足端打印件2-5
2026-07-14 15:41:10,223 INFO  ExportHelperExtension.cs: 1125 - Retrieving features of type [CoordSys] from 足端打印件-5
2026-07-14 15:41:10,224 INFO  ExportHelperExtension.cs: 1136 - Found 37 in 足端打印件-5
2026-07-14 15:41:10,224 INFO  ExportHelperExtension.cs: 1145 - Found 0 features of type [CoordSys] in 足端打印件-5
2026-07-14 15:41:10,224 INFO  ExportHelperExtension.cs: 1125 - Retrieving features of type [CoordSys] from 小腿外侧曲线-镜像-6061-4
2026-07-14 15:41:10,225 INFO  ExportHelperExtension.cs: 1136 - Found 36 in 小腿外侧曲线-镜像-6061-4
2026-07-14 15:41:10,225 INFO  ExportHelperExtension.cs: 1145 - Found 0 features of type [CoordSys] in 小腿外侧曲线-镜像-6061-4
2026-07-14 15:41:10,226 INFO  ExportHelperExtension.cs: 1125 - Retrieving features of type [CoordSys] from 前面板髋关节限位块-7
2026-07-14 15:41:10,226 INFO  ExportHelperExtension.cs: 1136 - Found 25 in 前面板髋关节限位块-7
2026-07-14 15:41:10,226 INFO  ExportHelperExtension.cs: 1145 - Found 0 features of type [CoordSys] in 前面板髋关节限位块-7
2026-07-14 15:41:10,227 INFO  ExportHelperExtension.cs: 1125 - Retrieving features of type [CoordSys] from 大腿-小腿关节限位块-5
2026-07-14 15:41:10,227 INFO  ExportHelperExtension.cs: 1136 - Found 25 in 大腿-小腿关节限位块-5
2026-07-14 15:41:10,227 INFO  ExportHelperExtension.cs: 1145 - Found 0 features of type [CoordSys] in 大腿-小腿关节限位块-5
2026-07-14 15:41:10,228 INFO  ExportHelperExtension.cs: 1125 - Retrieving features of type [CoordSys] from 大腿-小腿关节限位块-2
2026-07-14 15:41:10,228 INFO  ExportHelperExtension.cs: 1136 - Found 25 in 大腿-小腿关节限位块-2
2026-07-14 15:41:10,229 INFO  ExportHelperExtension.cs: 1145 - Found 0 features of type [CoordSys] in 大腿-小腿关节限位块-2
2026-07-14 15:41:10,229 INFO  ExportHelperExtension.cs: 1125 - Retrieving features of type [CoordSys] from 前面板髋关节限位块-2
2026-07-14 15:41:10,229 INFO  ExportHelperExtension.cs: 1136 - Found 25 in 前面板髋关节限位块-2
2026-07-14 15:41:10,230 INFO  ExportHelperExtension.cs: 1145 - Found 0 features of type [CoordSys] in 前面板髋关节限位块-2
2026-07-14 15:41:10,230 INFO  ExportHelperExtension.cs: 1125 - Retrieving features of type [CoordSys] from 前面板髋关节限位块-1
2026-07-14 15:41:10,230 INFO  ExportHelperExtension.cs: 1136 - Found 25 in 前面板髋关节限位块-1
2026-07-14 15:41:10,231 INFO  ExportHelperExtension.cs: 1145 - Found 0 features of type [CoordSys] in 前面板髋关节限位块-1
2026-07-14 15:41:10,231 INFO  ExportHelperExtension.cs: 1125 - Retrieving features of type [CoordSys] from 大腿内侧角度限位-1
2026-07-14 15:41:10,231 INFO  ExportHelperExtension.cs: 1136 - Found 26 in 大腿内侧角度限位-1
2026-07-14 15:41:10,231 INFO  ExportHelperExtension.cs: 1145 - Found 0 features of type [CoordSys] in 大腿内侧角度限位-1
2026-07-14 15:41:10,232 INFO  ExportHelperExtension.cs: 1125 - Retrieving features of type [CoordSys] from GO-M8010-6电机3D模型-2
2026-07-14 15:41:10,232 INFO  ExportHelperExtension.cs: 1136 - Found 42 in GO-M8010-6电机3D模型-2
2026-07-14 15:41:10,232 INFO  ExportHelperExtension.cs: 1145 - Found 0 features of type [CoordSys] in GO-M8010-6电机3D模型-2
2026-07-14 15:41:10,233 INFO  ExportHelperExtension.cs: 1125 - Retrieving features of type [CoordSys] from 大腿内侧角度限位-2
2026-07-14 15:41:10,233 INFO  ExportHelperExtension.cs: 1136 - Found 26 in 大腿内侧角度限位-2
2026-07-14 15:41:10,233 INFO  ExportHelperExtension.cs: 1145 - Found 0 features of type [CoordSys] in 大腿内侧角度限位-2
2026-07-14 15:41:10,234 INFO  ExportHelperExtension.cs: 1125 - Retrieving features of type [CoordSys] from GO-M8010-6电机3D模型-1
2026-07-14 15:41:10,234 INFO  ExportHelperExtension.cs: 1136 - Found 42 in GO-M8010-6电机3D模型-1
2026-07-14 15:41:10,235 INFO  ExportHelperExtension.cs: 1145 - Found 0 features of type [CoordSys] in GO-M8010-6电机3D模型-1
2026-07-14 15:41:10,235 INFO  ExportHelperExtension.cs: 1125 - Retrieving features of type [CoordSys] from 大腿内侧角度限位-8
2026-07-14 15:41:10,235 INFO  ExportHelperExtension.cs: 1136 - Found 26 in 大腿内侧角度限位-8
2026-07-14 15:41:10,236 INFO  ExportHelperExtension.cs: 1145 - Found 0 features of type [CoordSys] in 大腿内侧角度限位-8
2026-07-14 15:41:10,236 INFO  ExportHelperExtension.cs: 1125 - Retrieving features of type [CoordSys] from GO-M8010-6电机3D模型-10
2026-07-14 15:41:10,236 INFO  ExportHelperExtension.cs: 1136 - Found 42 in GO-M8010-6电机3D模型-10
2026-07-14 15:41:10,237 INFO  ExportHelperExtension.cs: 1145 - Found 0 features of type [CoordSys] in GO-M8010-6电机3D模型-10
2026-07-14 15:41:10,237 INFO  ExportHelperExtension.cs: 1125 - Retrieving features of type [CoordSys] from GO-M8010-6电机3D模型-12
2026-07-14 15:41:10,237 INFO  ExportHelperExtension.cs: 1136 - Found 42 in GO-M8010-6电机3D模型-12
2026-07-14 15:41:10,238 INFO  ExportHelperExtension.cs: 1145 - Found 0 features of type [CoordSys] in GO-M8010-6电机3D模型-12
2026-07-14 15:41:10,238 INFO  ExportHelperExtension.cs: 1125 - Retrieving features of type [CoordSys] from 小腿中间曲线-6061-5
2026-07-14 15:41:10,239 INFO  ExportHelperExtension.cs: 1136 - Found 35 in 小腿中间曲线-6061-5
2026-07-14 15:41:10,239 INFO  ExportHelperExtension.cs: 1145 - Found 0 features of type [CoordSys] in 小腿中间曲线-6061-5
2026-07-14 15:41:10,239 INFO  ExportHelperExtension.cs: 1125 - Retrieving features of type [CoordSys] from GO-M8010-6电机3D模型-11
2026-07-14 15:41:10,240 INFO  ExportHelperExtension.cs: 1136 - Found 42 in GO-M8010-6电机3D模型-11
2026-07-14 15:41:10,240 INFO  ExportHelperExtension.cs: 1145 - Found 0 features of type [CoordSys] in GO-M8010-6电机3D模型-11
2026-07-14 15:41:10,240 INFO  ExportHelperExtension.cs: 1125 - Retrieving features of type [CoordSys] from 大腿内侧角度限位-7
2026-07-14 15:41:10,241 INFO  ExportHelperExtension.cs: 1136 - Found 26 in 大腿内侧角度限位-7
2026-07-14 15:41:10,241 INFO  ExportHelperExtension.cs: 1145 - Found 0 features of type [CoordSys] in 大腿内侧角度限位-7
2026-07-14 15:41:10,241 INFO  ExportHelperExtension.cs: 1125 - Retrieving features of type [CoordSys] from 小腿饰板2-1
2026-07-14 15:41:10,242 INFO  ExportHelperExtension.cs: 1136 - Found 35 in 小腿饰板2-1
2026-07-14 15:41:10,243 INFO  ExportHelperExtension.cs: 1145 - Found 0 features of type [CoordSys] in 小腿饰板2-1
2026-07-14 15:41:10,243 INFO  ExportHelperExtension.cs: 1125 - Retrieving features of type [CoordSys] from 小腿外侧曲线-6061-5
2026-07-14 15:41:10,243 INFO  ExportHelperExtension.cs: 1136 - Found 38 in 小腿外侧曲线-6061-5
2026-07-14 15:41:10,243 INFO  ExportHelperExtension.cs: 1145 - Found 0 features of type [CoordSys] in 小腿外侧曲线-6061-5
2026-07-14 15:41:10,244 INFO  ExportHelperExtension.cs: 1125 - Retrieving features of type [CoordSys] from 小腿齿轮-5
2026-07-14 15:41:10,244 INFO  ExportHelperExtension.cs: 1136 - Found 29 in 小腿齿轮-5
2026-07-14 15:41:10,244 INFO  ExportHelperExtension.cs: 1145 - Found 0 features of type [CoordSys] in 小腿齿轮-5
2026-07-14 15:41:10,245 INFO  ExportHelperExtension.cs: 1125 - Retrieving features of type [CoordSys] from 前面板髋关节限位块-8
2026-07-14 15:41:10,245 INFO  ExportHelperExtension.cs: 1136 - Found 25 in 前面板髋关节限位块-8
2026-07-14 15:41:10,245 INFO  ExportHelperExtension.cs: 1145 - Found 0 features of type [CoordSys] in 前面板髋关节限位块-8
2026-07-14 15:41:10,246 INFO  ExportHelperExtension.cs: 1125 - Retrieving features of type [CoordSys] from 髋关节连接件-单面-6061-左后-1
2026-07-14 15:41:10,246 INFO  ExportHelperExtension.cs: 1136 - Found 38 in 髋关节连接件-单面-6061-左后-1
2026-07-14 15:41:10,247 INFO  ExportHelperExtension.cs: 1145 - Found 0 features of type [CoordSys] in 髋关节连接件-单面-6061-左后-1
2026-07-14 15:41:10,247 INFO  ExportHelperExtension.cs: 1125 - Retrieving features of type [CoordSys] from 大腿内侧-6061-左侧-2
2026-07-14 15:41:10,247 INFO  ExportHelperExtension.cs: 1136 - Found 38 in 大腿内侧-6061-左侧-2
2026-07-14 15:41:10,248 INFO  ExportHelperExtension.cs: 1145 - Found 0 features of type [CoordSys] in 大腿内侧-6061-左侧-2
2026-07-14 15:41:10,248 INFO  ExportHelperExtension.cs: 1125 - Retrieving features of type [CoordSys] from 260mm2020-2
2026-07-14 15:41:10,249 INFO  ExportHelperExtension.cs: 1136 - Found 29 in 260mm2020-2
2026-07-14 15:41:10,249 INFO  ExportHelperExtension.cs: 1145 - Found 0 features of type [CoordSys] in 260mm2020-2
2026-07-14 15:41:10,249 INFO  ExportHelperExtension.cs: 1125 - Retrieving features of type [CoordSys] from 大腿打印件-镜像左侧-2
2026-07-14 15:41:10,250 INFO  ExportHelperExtension.cs: 1136 - Found 35 in 大腿打印件-镜像左侧-2
2026-07-14 15:41:10,250 INFO  ExportHelperExtension.cs: 1145 - Found 0 features of type [CoordSys] in 大腿打印件-镜像左侧-2
2026-07-14 15:41:10,251 INFO  ExportHelperExtension.cs: 1125 - Retrieving features of type [CoordSys] from 大腿外侧-6061-3mm-5
2026-07-14 15:41:10,251 INFO  ExportHelperExtension.cs: 1136 - Found 32 in 大腿外侧-6061-3mm-5
2026-07-14 15:41:10,251 INFO  ExportHelperExtension.cs: 1145 - Found 0 features of type [CoordSys] in 大腿外侧-6061-3mm-5
2026-07-14 15:41:10,252 INFO  ExportHelperExtension.cs: 1125 - Retrieving features of type [CoordSys] from 小腿外侧曲线-镜像-6061-5
2026-07-14 15:41:10,252 INFO  ExportHelperExtension.cs: 1136 - Found 36 in 小腿外侧曲线-镜像-6061-5
2026-07-14 15:41:10,252 INFO  ExportHelperExtension.cs: 1145 - Found 0 features of type [CoordSys] in 小腿外侧曲线-镜像-6061-5
2026-07-14 15:41:10,254 INFO  ExportHelperExtension.cs: 1125 - Retrieving features of type [CoordSys] from 210mm连杆-6061-5
2026-07-14 15:41:10,254 INFO  ExportHelperExtension.cs: 1136 - Found 32 in 210mm连杆-6061-5
2026-07-14 15:41:10,255 INFO  ExportHelperExtension.cs: 1145 - Found 0 features of type [CoordSys] in 210mm连杆-6061-5
2026-07-14 15:41:10,255 INFO  ExportHelperExtension.cs: 1125 - Retrieving features of type [CoordSys] from 小腿饰板1-1
2026-07-14 15:41:10,255 INFO  ExportHelperExtension.cs: 1136 - Found 28 in 小腿饰板1-1
2026-07-14 15:41:10,256 INFO  ExportHelperExtension.cs: 1145 - Found 0 features of type [CoordSys] in 小腿饰板1-1
2026-07-14 15:41:10,256 INFO  ExportHelperExtension.cs: 1125 - Retrieving features of type [CoordSys] from 足端打印件-1
2026-07-14 15:41:10,256 INFO  ExportHelperExtension.cs: 1136 - Found 37 in 足端打印件-1
2026-07-14 15:41:10,257 INFO  ExportHelperExtension.cs: 1145 - Found 0 features of type [CoordSys] in 足端打印件-1
2026-07-14 15:41:10,257 INFO  ExportHelperExtension.cs: 1125 - Retrieving features of type [CoordSys] from 足端打印件2-1
2026-07-14 15:41:10,258 INFO  ExportHelperExtension.cs: 1136 - Found 30 in 足端打印件2-1
2026-07-14 15:41:10,258 INFO  ExportHelperExtension.cs: 1145 - Found 0 features of type [CoordSys] in 足端打印件2-1
2026-07-14 15:41:10,258 INFO  ExportHelperExtension.cs: 1125 - Retrieving features of type [CoordSys] from 2-3关节连接件-左后-6061-2
2026-07-14 15:41:10,259 INFO  ExportHelperExtension.cs: 1136 - Found 36 in 2-3关节连接件-左后-6061-2
2026-07-14 15:41:10,259 INFO  ExportHelperExtension.cs: 1145 - Found 0 features of type [CoordSys] in 2-3关节连接件-左后-6061-2
2026-07-14 15:41:10,260 INFO  ExportHelperExtension.cs: 1125 - Retrieving features of type [CoordSys] from 260mm2020-1
2026-07-14 15:41:10,260 INFO  ExportHelperExtension.cs: 1136 - Found 29 in 260mm2020-1
2026-07-14 15:41:10,261 INFO  ExportHelperExtension.cs: 1145 - Found 0 features of type [CoordSys] in 260mm2020-1
2026-07-14 15:41:10,261 INFO  ExportHelperExtension.cs: 1125 - Retrieving features of type [CoordSys] from 硅胶足端-2
2026-07-14 15:41:10,261 INFO  ExportHelperExtension.cs: 1136 - Found 28 in 硅胶足端-2
2026-07-14 15:41:10,262 INFO  ExportHelperExtension.cs: 1145 - Found 0 features of type [CoordSys] in 硅胶足端-2
2026-07-14 15:41:10,262 INFO  ExportHelperExtension.cs: 1125 - Retrieving features of type [CoordSys] from 260mm2020-4
2026-07-14 15:41:10,262 INFO  ExportHelperExtension.cs: 1136 - Found 29 in 260mm2020-4
2026-07-14 15:41:10,263 INFO  ExportHelperExtension.cs: 1145 - Found 0 features of type [CoordSys] in 260mm2020-4
2026-07-14 15:41:10,263 INFO  ExportHelperExtension.cs: 1125 - Retrieving features of type [CoordSys] from 机身主体-1
2026-07-14 15:41:10,263 INFO  ExportHelperExtension.cs: 1136 - Found 32 in 机身主体-1
2026-07-14 15:41:10,263 INFO  ExportHelperExtension.cs: 1145 - Found 0 features of type [CoordSys] in 机身主体-1
2026-07-14 15:41:10,264 INFO  ExportHelperExtension.cs: 1125 - Retrieving features of type [CoordSys] from 前部连接件-6061-1
2026-07-14 15:41:10,264 INFO  ExportHelperExtension.cs: 1136 - Found 35 in 前部连接件-6061-1
2026-07-14 15:41:10,269 INFO  ExportHelperExtension.cs: 1145 - Found 0 features of type [CoordSys] in 前部连接件-6061-1
2026-07-14 15:41:10,269 INFO  ExportHelperExtension.cs: 1125 - Retrieving features of type [CoordSys] from 260mm2020-3
2026-07-14 15:41:10,297 INFO  ExportHelperExtension.cs: 1136 - Found 29 in 260mm2020-3
2026-07-14 15:41:10,298 INFO  ExportHelperExtension.cs: 1145 - Found 0 features of type [CoordSys] in 260mm2020-3
2026-07-14 15:41:10,299 INFO  ExportHelperExtension.cs: 1125 - Retrieving features of type [CoordSys] from 前部防护件-1
2026-07-14 15:41:10,299 INFO  ExportHelperExtension.cs: 1136 - Found 30 in 前部防护件-1
2026-07-14 15:41:10,300 INFO  ExportHelperExtension.cs: 1145 - Found 0 features of type [CoordSys] in 前部防护件-1
2026-07-14 15:41:10,300 INFO  ExportHelperExtension.cs: 1125 - Retrieving features of type [CoordSys] from 后部连接件-1
2026-07-14 15:41:10,301 INFO  ExportHelperExtension.cs: 1136 - Found 37 in 后部连接件-1
2026-07-14 15:41:10,301 INFO  ExportHelperExtension.cs: 1145 - Found 0 features of type [CoordSys] in 后部连接件-1
2026-07-14 15:41:10,301 INFO  ExportHelperExtension.cs: 1125 - Retrieving features of type [RefAxis] from 整狗装配体.SLDASM
2026-07-14 15:41:10,303 INFO  ExportHelperExtension.cs: 1136 - Found 538 in 整狗装配体.SLDASM
2026-07-14 15:41:10,304 INFO  ExportHelperExtension.cs: 1145 - Found 12 features of type [RefAxis] in 整狗装配体.SLDASM
2026-07-14 15:41:10,304 INFO  ExportHelperExtension.cs: 1148 - Proceeding through assembly components
2026-07-14 15:41:10,305 INFO  ExportHelperExtension.cs: 1160 - 100 components to check
2026-07-14 15:41:10,305 INFO  ExportHelperExtension.cs: 1125 - Retrieving features of type [RefAxis] from 小腿中间曲线-6061-1
2026-07-14 15:41:10,306 INFO  ExportHelperExtension.cs: 1136 - Found 35 in 小腿中间曲线-6061-1
2026-07-14 15:41:10,306 INFO  ExportHelperExtension.cs: 1145 - Found 2 features of type [RefAxis] in 小腿中间曲线-6061-1
2026-07-14 15:41:10,306 INFO  ExportHelperExtension.cs: 1125 - Retrieving features of type [RefAxis] from 2-3关节连接件-前右-6061-2
2026-07-14 15:41:10,307 INFO  ExportHelperExtension.cs: 1136 - Found 36 in 2-3关节连接件-前右-6061-2
2026-07-14 15:41:10,307 INFO  ExportHelperExtension.cs: 1145 - Found 0 features of type [RefAxis] in 2-3关节连接件-前右-6061-2
2026-07-14 15:41:10,308 INFO  ExportHelperExtension.cs: 1125 - Retrieving features of type [RefAxis] from 小腿饰板1-4
2026-07-14 15:41:10,308 INFO  ExportHelperExtension.cs: 1136 - Found 28 in 小腿饰板1-4
2026-07-14 15:41:10,308 INFO  ExportHelperExtension.cs: 1145 - Found 0 features of type [RefAxis] in 小腿饰板1-4
2026-07-14 15:41:10,309 INFO  ExportHelperExtension.cs: 1125 - Retrieving features of type [RefAxis] from GO-M8010-6电机3D模型-3
2026-07-14 15:41:10,309 INFO  ExportHelperExtension.cs: 1136 - Found 42 in GO-M8010-6电机3D模型-3
2026-07-14 15:41:10,310 INFO  ExportHelperExtension.cs: 1145 - Found 0 features of type [RefAxis] in GO-M8010-6电机3D模型-3
2026-07-14 15:41:10,310 INFO  ExportHelperExtension.cs: 1125 - Retrieving features of type [RefAxis] from 髋关节连接件-前腿-6061-1
2026-07-14 15:41:10,310 INFO  ExportHelperExtension.cs: 1136 - Found 41 in 髋关节连接件-前腿-6061-1
2026-07-14 15:41:10,311 INFO  ExportHelperExtension.cs: 1145 - Found 1 features of type [RefAxis] in 髋关节连接件-前腿-6061-1
2026-07-14 15:41:10,311 INFO  ExportHelperExtension.cs: 1125 - Retrieving features of type [RefAxis] from 硅胶足端-5
2026-07-14 15:41:10,311 INFO  ExportHelperExtension.cs: 1136 - Found 28 in 硅胶足端-5
2026-07-14 15:41:10,312 INFO  ExportHelperExtension.cs: 1145 - Found 0 features of type [RefAxis] in 硅胶足端-5
2026-07-14 15:41:10,313 INFO  ExportHelperExtension.cs: 1125 - Retrieving features of type [RefAxis] from 小腿外侧曲线-镜像-6061-1
2026-07-14 15:41:10,313 INFO  ExportHelperExtension.cs: 1136 - Found 36 in 小腿外侧曲线-镜像-6061-1
2026-07-14 15:41:10,313 INFO  ExportHelperExtension.cs: 1145 - Found 0 features of type [RefAxis] in 小腿外侧曲线-镜像-6061-1
2026-07-14 15:41:10,314 INFO  ExportHelperExtension.cs: 1125 - Retrieving features of type [RefAxis] from 小腿齿轮-1
2026-07-14 15:41:10,314 INFO  ExportHelperExtension.cs: 1136 - Found 29 in 小腿齿轮-1
2026-07-14 15:41:10,315 INFO  ExportHelperExtension.cs: 1145 - Found 0 features of type [RefAxis] in 小腿齿轮-1
2026-07-14 15:41:10,315 INFO  ExportHelperExtension.cs: 1125 - Retrieving features of type [RefAxis] from 小腿外侧曲线-6061-1
2026-07-14 15:41:10,315 INFO  ExportHelperExtension.cs: 1136 - Found 38 in 小腿外侧曲线-6061-1
2026-07-14 15:41:10,316 INFO  ExportHelperExtension.cs: 1145 - Found 0 features of type [RefAxis] in 小腿外侧曲线-6061-1
2026-07-14 15:41:10,316 INFO  ExportHelperExtension.cs: 1125 - Retrieving features of type [RefAxis] from 大腿外侧-6061-3mm-1
2026-07-14 15:41:10,316 INFO  ExportHelperExtension.cs: 1136 - Found 32 in 大腿外侧-6061-3mm-1
2026-07-14 15:41:10,317 INFO  ExportHelperExtension.cs: 1145 - Found 0 features of type [RefAxis] in 大腿外侧-6061-3mm-1
2026-07-14 15:41:10,317 INFO  ExportHelperExtension.cs: 1125 - Retrieving features of type [RefAxis] from 大腿打印件-1
2026-07-14 15:41:10,318 INFO  ExportHelperExtension.cs: 1136 - Found 40 in 大腿打印件-1
2026-07-14 15:41:10,318 INFO  ExportHelperExtension.cs: 1145 - Found 0 features of type [RefAxis] in 大腿打印件-1
2026-07-14 15:41:10,318 INFO  ExportHelperExtension.cs: 1125 - Retrieving features of type [RefAxis] from 大腿内侧-6061-1
2026-07-14 15:41:10,319 INFO  ExportHelperExtension.cs: 1136 - Found 43 in 大腿内侧-6061-1
2026-07-14 15:41:10,320 INFO  ExportHelperExtension.cs: 1145 - Found 2 features of type [RefAxis] in 大腿内侧-6061-1
2026-07-14 15:41:10,320 INFO  ExportHelperExtension.cs: 1125 - Retrieving features of type [RefAxis] from 210mm连杆-6061-1
2026-07-14 15:41:10,320 INFO  ExportHelperExtension.cs: 1136 - Found 32 in 210mm连杆-6061-1
2026-07-14 15:41:10,320 INFO  ExportHelperExtension.cs: 1145 - Found 0 features of type [RefAxis] in 210mm连杆-6061-1
2026-07-14 15:41:10,321 INFO  ExportHelperExtension.cs: 1125 - Retrieving features of type [RefAxis] from 小腿饰板2-4
2026-07-14 15:41:10,321 INFO  ExportHelperExtension.cs: 1136 - Found 35 in 小腿饰板2-4
2026-07-14 15:41:10,321 INFO  ExportHelperExtension.cs: 1145 - Found 0 features of type [RefAxis] in 小腿饰板2-4
2026-07-14 15:41:10,323 INFO  ExportHelperExtension.cs: 1125 - Retrieving features of type [RefAxis] from 前面板髋关节限位块-4
2026-07-14 15:41:10,323 INFO  ExportHelperExtension.cs: 1136 - Found 25 in 前面板髋关节限位块-4
2026-07-14 15:41:10,324 INFO  ExportHelperExtension.cs: 1145 - Found 0 features of type [RefAxis] in 前面板髋关节限位块-4
2026-07-14 15:41:10,324 INFO  ExportHelperExtension.cs: 1125 - Retrieving features of type [RefAxis] from GO-M8010-6电机3D模型-6
2026-07-14 15:41:10,324 INFO  ExportHelperExtension.cs: 1136 - Found 42 in GO-M8010-6电机3D模型-6
2026-07-14 15:41:10,325 INFO  ExportHelperExtension.cs: 1145 - Found 0 features of type [RefAxis] in GO-M8010-6电机3D模型-6
2026-07-14 15:41:10,325 INFO  ExportHelperExtension.cs: 1125 - Retrieving features of type [RefAxis] from 210mm连杆-6061-3
2026-07-14 15:41:10,325 INFO  ExportHelperExtension.cs: 1136 - Found 32 in 210mm连杆-6061-3
2026-07-14 15:41:10,325 INFO  ExportHelperExtension.cs: 1145 - Found 0 features of type [RefAxis] in 210mm连杆-6061-3
2026-07-14 15:41:10,326 INFO  ExportHelperExtension.cs: 1125 - Retrieving features of type [RefAxis] from 足端打印件2-6
2026-07-14 15:41:10,326 INFO  ExportHelperExtension.cs: 1136 - Found 30 in 足端打印件2-6
2026-07-14 15:41:10,327 INFO  ExportHelperExtension.cs: 1145 - Found 0 features of type [RefAxis] in 足端打印件2-6
2026-07-14 15:41:10,327 INFO  ExportHelperExtension.cs: 1125 - Retrieving features of type [RefAxis] from 大腿内侧角度限位-3
2026-07-14 15:41:10,327 INFO  ExportHelperExtension.cs: 1136 - Found 26 in 大腿内侧角度限位-3
2026-07-14 15:41:10,328 INFO  ExportHelperExtension.cs: 1145 - Found 0 features of type [RefAxis] in 大腿内侧角度限位-3
2026-07-14 15:41:10,328 INFO  ExportHelperExtension.cs: 1125 - Retrieving features of type [RefAxis] from 大腿打印件-3
2026-07-14 15:41:10,328 INFO  ExportHelperExtension.cs: 1136 - Found 40 in 大腿打印件-3
2026-07-14 15:41:10,329 INFO  ExportHelperExtension.cs: 1145 - Found 0 features of type [RefAxis] in 大腿打印件-3
2026-07-14 15:41:10,329 INFO  ExportHelperExtension.cs: 1125 - Retrieving features of type [RefAxis] from 前面板髋关节限位块-3
2026-07-14 15:41:10,330 INFO  ExportHelperExtension.cs: 1136 - Found 25 in 前面板髋关节限位块-3
2026-07-14 15:41:10,330 INFO  ExportHelperExtension.cs: 1145 - Found 0 features of type [RefAxis] in 前面板髋关节限位块-3
2026-07-14 15:41:10,330 INFO  ExportHelperExtension.cs: 1125 - Retrieving features of type [RefAxis] from 大腿内侧-6061-3
2026-07-14 15:41:10,331 INFO  ExportHelperExtension.cs: 1136 - Found 43 in 大腿内侧-6061-3
2026-07-14 15:41:10,331 INFO  ExportHelperExtension.cs: 1145 - Found 2 features of type [RefAxis] in 大腿内侧-6061-3
2026-07-14 15:41:10,331 INFO  ExportHelperExtension.cs: 1125 - Retrieving features of type [RefAxis] from GO-M8010-6电机3D模型-4
2026-07-14 15:41:10,332 INFO  ExportHelperExtension.cs: 1136 - Found 42 in GO-M8010-6电机3D模型-4
2026-07-14 15:41:10,333 INFO  ExportHelperExtension.cs: 1145 - Found 0 features of type [RefAxis] in GO-M8010-6电机3D模型-4
2026-07-14 15:41:10,333 INFO  ExportHelperExtension.cs: 1125 - Retrieving features of type [RefAxis] from 足端打印件-6
2026-07-14 15:41:10,333 INFO  ExportHelperExtension.cs: 1136 - Found 37 in 足端打印件-6
2026-07-14 15:41:10,334 INFO  ExportHelperExtension.cs: 1145 - Found 0 features of type [RefAxis] in 足端打印件-6
2026-07-14 15:41:10,334 INFO  ExportHelperExtension.cs: 1125 - Retrieving features of type [RefAxis] from 大腿内侧角度限位-4
2026-07-14 15:41:10,334 INFO  ExportHelperExtension.cs: 1136 - Found 26 in 大腿内侧角度限位-4
2026-07-14 15:41:10,334 INFO  ExportHelperExtension.cs: 1145 - Found 0 features of type [RefAxis] in 大腿内侧角度限位-4
2026-07-14 15:41:10,335 INFO  ExportHelperExtension.cs: 1125 - Retrieving features of type [RefAxis] from GO-M8010-6电机3D模型-5
2026-07-14 15:41:10,335 INFO  ExportHelperExtension.cs: 1136 - Found 42 in GO-M8010-6电机3D模型-5
2026-07-14 15:41:10,335 INFO  ExportHelperExtension.cs: 1145 - Found 0 features of type [RefAxis] in GO-M8010-6电机3D模型-5
2026-07-14 15:41:10,336 INFO  ExportHelperExtension.cs: 1125 - Retrieving features of type [RefAxis] from 髋关节连接件-单面-6061-右后-2
2026-07-14 15:41:10,336 INFO  ExportHelperExtension.cs: 1136 - Found 37 in 髋关节连接件-单面-6061-右后-2
2026-07-14 15:41:10,337 INFO  ExportHelperExtension.cs: 1145 - Found 1 features of type [RefAxis] in 髋关节连接件-单面-6061-右后-2
2026-07-14 15:41:10,337 INFO  ExportHelperExtension.cs: 1125 - Retrieving features of type [RefAxis] from 小腿外侧曲线-镜像-6061-3
2026-07-14 15:41:10,337 INFO  ExportHelperExtension.cs: 1136 - Found 36 in 小腿外侧曲线-镜像-6061-3
2026-07-14 15:41:10,338 INFO  ExportHelperExtension.cs: 1145 - Found 0 features of type [RefAxis] in 小腿外侧曲线-镜像-6061-3
2026-07-14 15:41:10,338 INFO  ExportHelperExtension.cs: 1125 - Retrieving features of type [RefAxis] from 小腿中间曲线-6061-3
2026-07-14 15:41:10,338 INFO  ExportHelperExtension.cs: 1136 - Found 35 in 小腿中间曲线-6061-3
2026-07-14 15:41:10,338 INFO  ExportHelperExtension.cs: 1145 - Found 2 features of type [RefAxis] in 小腿中间曲线-6061-3
2026-07-14 15:41:10,338 INFO  ExportHelperExtension.cs: 1125 - Retrieving features of type [RefAxis] from 小腿外侧曲线-6061-3
2026-07-14 15:41:10,340 INFO  ExportHelperExtension.cs: 1136 - Found 38 in 小腿外侧曲线-6061-3
2026-07-14 15:41:10,340 INFO  ExportHelperExtension.cs: 1145 - Found 0 features of type [RefAxis] in 小腿外侧曲线-6061-3
2026-07-14 15:41:10,340 INFO  ExportHelperExtension.cs: 1125 - Retrieving features of type [RefAxis] from 大腿外侧-6061-3mm-3
2026-07-14 15:41:10,341 INFO  ExportHelperExtension.cs: 1136 - Found 32 in 大腿外侧-6061-3mm-3
2026-07-14 15:41:10,341 INFO  ExportHelperExtension.cs: 1145 - Found 0 features of type [RefAxis] in 大腿外侧-6061-3mm-3
2026-07-14 15:41:10,341 INFO  ExportHelperExtension.cs: 1125 - Retrieving features of type [RefAxis] from 2-3关节连接件-右后-6061-2
2026-07-14 15:41:10,342 INFO  ExportHelperExtension.cs: 1136 - Found 36 in 2-3关节连接件-右后-6061-2
2026-07-14 15:41:10,342 INFO  ExportHelperExtension.cs: 1145 - Found 0 features of type [RefAxis] in 2-3关节连接件-右后-6061-2
2026-07-14 15:41:10,343 INFO  ExportHelperExtension.cs: 1125 - Retrieving features of type [RefAxis] from 大腿-小腿关节限位块-6
2026-07-14 15:41:10,343 INFO  ExportHelperExtension.cs: 1136 - Found 25 in 大腿-小腿关节限位块-6
2026-07-14 15:41:10,343 INFO  ExportHelperExtension.cs: 1145 - Found 0 features of type [RefAxis] in 大腿-小腿关节限位块-6
2026-07-14 15:41:10,345 INFO  ExportHelperExtension.cs: 1125 - Retrieving features of type [RefAxis] from 大腿内侧角度限位-5
2026-07-14 15:41:10,345 INFO  ExportHelperExtension.cs: 1136 - Found 26 in 大腿内侧角度限位-5
2026-07-14 15:41:10,345 INFO  ExportHelperExtension.cs: 1145 - Found 0 features of type [RefAxis] in 大腿内侧角度限位-5
2026-07-14 15:41:10,345 INFO  ExportHelperExtension.cs: 1125 - Retrieving features of type [RefAxis] from 大腿内侧角度限位-6
2026-07-14 15:41:10,346 INFO  ExportHelperExtension.cs: 1136 - Found 26 in 大腿内侧角度限位-6
2026-07-14 15:41:10,346 INFO  ExportHelperExtension.cs: 1145 - Found 0 features of type [RefAxis] in 大腿内侧角度限位-6
2026-07-14 15:41:10,346 INFO  ExportHelperExtension.cs: 1125 - Retrieving features of type [RefAxis] from GO-M8010-6电机3D模型-8
2026-07-14 15:41:10,346 INFO  ExportHelperExtension.cs: 1136 - Found 42 in GO-M8010-6电机3D模型-8
2026-07-14 15:41:10,347 INFO  ExportHelperExtension.cs: 1145 - Found 0 features of type [RefAxis] in GO-M8010-6电机3D模型-8
2026-07-14 15:41:10,347 INFO  ExportHelperExtension.cs: 1125 - Retrieving features of type [RefAxis] from 小腿齿轮-3
2026-07-14 15:41:10,347 INFO  ExportHelperExtension.cs: 1136 - Found 29 in 小腿齿轮-3
2026-07-14 15:41:10,349 INFO  ExportHelperExtension.cs: 1145 - Found 0 features of type [RefAxis] in 小腿齿轮-3
2026-07-14 15:41:10,349 INFO  ExportHelperExtension.cs: 1125 - Retrieving features of type [RefAxis] from 大腿内侧-6061-左侧-1
2026-07-14 15:41:10,349 INFO  ExportHelperExtension.cs: 1136 - Found 38 in 大腿内侧-6061-左侧-1
2026-07-14 15:41:10,350 INFO  ExportHelperExtension.cs: 1145 - Found 2 features of type [RefAxis] in 大腿内侧-6061-左侧-1
2026-07-14 15:41:10,350 INFO  ExportHelperExtension.cs: 1125 - Retrieving features of type [RefAxis] from 小腿饰板2-3
2026-07-14 15:41:10,350 INFO  ExportHelperExtension.cs: 1136 - Found 35 in 小腿饰板2-3
2026-07-14 15:41:10,350 INFO  ExportHelperExtension.cs: 1145 - Found 0 features of type [RefAxis] in 小腿饰板2-3
2026-07-14 15:41:10,351 INFO  ExportHelperExtension.cs: 1125 - Retrieving features of type [RefAxis] from 足端打印件2-4
2026-07-14 15:41:10,351 INFO  ExportHelperExtension.cs: 1136 - Found 30 in 足端打印件2-4
2026-07-14 15:41:10,352 INFO  ExportHelperExtension.cs: 1145 - Found 0 features of type [RefAxis] in 足端打印件2-4
2026-07-14 15:41:10,352 INFO  ExportHelperExtension.cs: 1125 - Retrieving features of type [RefAxis] from 小腿饰板1-3
2026-07-14 15:41:10,352 INFO  ExportHelperExtension.cs: 1136 - Found 28 in 小腿饰板1-3
2026-07-14 15:41:10,353 INFO  ExportHelperExtension.cs: 1145 - Found 0 features of type [RefAxis] in 小腿饰板1-3
2026-07-14 15:41:10,354 INFO  ExportHelperExtension.cs: 1125 - Retrieving features of type [RefAxis] from 前面板髋关节限位块-5
2026-07-14 15:41:10,354 INFO  ExportHelperExtension.cs: 1136 - Found 25 in 前面板髋关节限位块-5
2026-07-14 15:41:10,354 INFO  ExportHelperExtension.cs: 1145 - Found 0 features of type [RefAxis] in 前面板髋关节限位块-5
2026-07-14 15:41:10,354 INFO  ExportHelperExtension.cs: 1125 - Retrieving features of type [RefAxis] from 硅胶足端-3
2026-07-14 15:41:10,355 INFO  ExportHelperExtension.cs: 1136 - Found 28 in 硅胶足端-3
2026-07-14 15:41:10,355 INFO  ExportHelperExtension.cs: 1145 - Found 0 features of type [RefAxis] in 硅胶足端-3
2026-07-14 15:41:10,355 INFO  ExportHelperExtension.cs: 1125 - Retrieving features of type [RefAxis] from 足端打印件-4
2026-07-14 15:41:10,356 INFO  ExportHelperExtension.cs: 1136 - Found 37 in 足端打印件-4
2026-07-14 15:41:10,356 INFO  ExportHelperExtension.cs: 1145 - Found 0 features of type [RefAxis] in 足端打印件-4
2026-07-14 15:41:10,357 INFO  ExportHelperExtension.cs: 1125 - Retrieving features of type [RefAxis] from 大腿-小腿关节限位块-4
2026-07-14 15:41:10,357 INFO  ExportHelperExtension.cs: 1136 - Found 25 in 大腿-小腿关节限位块-4
2026-07-14 15:41:10,357 INFO  ExportHelperExtension.cs: 1145 - Found 0 features of type [RefAxis] in 大腿-小腿关节限位块-4
2026-07-14 15:41:10,358 INFO  ExportHelperExtension.cs: 1125 - Retrieving features of type [RefAxis] from 前面板髋关节限位块-6
2026-07-14 15:41:10,358 INFO  ExportHelperExtension.cs: 1136 - Found 25 in 前面板髋关节限位块-6
2026-07-14 15:41:10,358 INFO  ExportHelperExtension.cs: 1145 - Found 0 features of type [RefAxis] in 前面板髋关节限位块-6
2026-07-14 15:41:10,359 INFO  ExportHelperExtension.cs: 1125 - Retrieving features of type [RefAxis] from GO-M8010-6电机3D模型-7
2026-07-14 15:41:10,359 INFO  ExportHelperExtension.cs: 1136 - Found 42 in GO-M8010-6电机3D模型-7
2026-07-14 15:41:10,360 INFO  ExportHelperExtension.cs: 1145 - Found 0 features of type [RefAxis] in GO-M8010-6电机3D模型-7
2026-07-14 15:41:10,360 INFO  ExportHelperExtension.cs: 1125 - Retrieving features of type [RefAxis] from GO-M8010-6电机3D模型-9
2026-07-14 15:41:10,360 INFO  ExportHelperExtension.cs: 1136 - Found 42 in GO-M8010-6电机3D模型-9
2026-07-14 15:41:10,362 INFO  ExportHelperExtension.cs: 1145 - Found 0 features of type [RefAxis] in GO-M8010-6电机3D模型-9
2026-07-14 15:41:10,362 INFO  ExportHelperExtension.cs: 1125 - Retrieving features of type [RefAxis] from 髋关节连接件-单面-6061-左前-1
2026-07-14 15:41:10,363 INFO  ExportHelperExtension.cs: 1136 - Found 37 in 髋关节连接件-单面-6061-左前-1
2026-07-14 15:41:10,363 INFO  ExportHelperExtension.cs: 1145 - Found 1 features of type [RefAxis] in 髋关节连接件-单面-6061-左前-1
2026-07-14 15:41:10,369 INFO  ExportHelperExtension.cs: 1125 - Retrieving features of type [RefAxis] from 大腿打印件-镜像左侧-1
2026-07-14 15:41:10,390 INFO  ExportHelperExtension.cs: 1136 - Found 35 in 大腿打印件-镜像左侧-1
2026-07-14 15:41:10,391 INFO  ExportHelperExtension.cs: 1145 - Found 0 features of type [RefAxis] in 大腿打印件-镜像左侧-1
2026-07-14 15:41:10,392 INFO  ExportHelperExtension.cs: 1125 - Retrieving features of type [RefAxis] from 210mm连杆-6061-4
2026-07-14 15:41:10,392 INFO  ExportHelperExtension.cs: 1136 - Found 32 in 210mm连杆-6061-4
2026-07-14 15:41:10,393 INFO  ExportHelperExtension.cs: 1145 - Found 0 features of type [RefAxis] in 210mm连杆-6061-4
2026-07-14 15:41:10,393 INFO  ExportHelperExtension.cs: 1125 - Retrieving features of type [RefAxis] from 小腿齿轮-4
2026-07-14 15:41:10,394 INFO  ExportHelperExtension.cs: 1136 - Found 29 in 小腿齿轮-4
2026-07-14 15:41:10,394 INFO  ExportHelperExtension.cs: 1145 - Found 0 features of type [RefAxis] in 小腿齿轮-4
2026-07-14 15:41:10,394 INFO  ExportHelperExtension.cs: 1125 - Retrieving features of type [RefAxis] from 大腿外侧-6061-3mm-4
2026-07-14 15:41:10,395 INFO  ExportHelperExtension.cs: 1136 - Found 32 in 大腿外侧-6061-3mm-4
2026-07-14 15:41:10,395 INFO  ExportHelperExtension.cs: 1145 - Found 0 features of type [RefAxis] in 大腿外侧-6061-3mm-4
2026-07-14 15:41:10,395 INFO  ExportHelperExtension.cs: 1125 - Retrieving features of type [RefAxis] from 小腿外侧曲线-6061-4
2026-07-14 15:41:10,396 INFO  ExportHelperExtension.cs: 1136 - Found 38 in 小腿外侧曲线-6061-4
2026-07-14 15:41:10,396 INFO  ExportHelperExtension.cs: 1145 - Found 0 features of type [RefAxis] in 小腿外侧曲线-6061-4
2026-07-14 15:41:10,397 INFO  ExportHelperExtension.cs: 1125 - Retrieving features of type [RefAxis] from 硅胶足端-4
2026-07-14 15:41:10,397 INFO  ExportHelperExtension.cs: 1136 - Found 28 in 硅胶足端-4
2026-07-14 15:41:10,397 INFO  ExportHelperExtension.cs: 1145 - Found 0 features of type [RefAxis] in 硅胶足端-4
2026-07-14 15:41:10,398 INFO  ExportHelperExtension.cs: 1125 - Retrieving features of type [RefAxis] from 2-3关节连接件-前左-6061-1
2026-07-14 15:41:10,398 INFO  ExportHelperExtension.cs: 1136 - Found 36 in 2-3关节连接件-前左-6061-1
2026-07-14 15:41:10,399 INFO  ExportHelperExtension.cs: 1145 - Found 0 features of type [RefAxis] in 2-3关节连接件-前左-6061-1
2026-07-14 15:41:10,399 INFO  ExportHelperExtension.cs: 1125 - Retrieving features of type [RefAxis] from 小腿饰板1-2
2026-07-14 15:41:10,399 INFO  ExportHelperExtension.cs: 1136 - Found 28 in 小腿饰板1-2
2026-07-14 15:41:10,400 INFO  ExportHelperExtension.cs: 1145 - Found 0 features of type [RefAxis] in 小腿饰板1-2
2026-07-14 15:41:10,400 INFO  ExportHelperExtension.cs: 1125 - Retrieving features of type [RefAxis] from 小腿中间曲线-6061-4
2026-07-14 15:41:10,400 INFO  ExportHelperExtension.cs: 1136 - Found 35 in 小腿中间曲线-6061-4
2026-07-14 15:41:10,401 INFO  ExportHelperExtension.cs: 1145 - Found 2 features of type [RefAxis] in 小腿中间曲线-6061-4
2026-07-14 15:41:10,401 INFO  ExportHelperExtension.cs: 1125 - Retrieving features of type [RefAxis] from 小腿饰板2-2
2026-07-14 15:41:10,402 INFO  ExportHelperExtension.cs: 1136 - Found 35 in 小腿饰板2-2
2026-07-14 15:41:10,402 INFO  ExportHelperExtension.cs: 1145 - Found 0 features of type [RefAxis] in 小腿饰板2-2
2026-07-14 15:41:10,402 INFO  ExportHelperExtension.cs: 1125 - Retrieving features of type [RefAxis] from 足端打印件2-5
2026-07-14 15:41:10,403 INFO  ExportHelperExtension.cs: 1136 - Found 30 in 足端打印件2-5
2026-07-14 15:41:10,403 INFO  ExportHelperExtension.cs: 1145 - Found 0 features of type [RefAxis] in 足端打印件2-5
2026-07-14 15:41:10,403 INFO  ExportHelperExtension.cs: 1125 - Retrieving features of type [RefAxis] from 足端打印件-5
2026-07-14 15:41:10,403 INFO  ExportHelperExtension.cs: 1136 - Found 37 in 足端打印件-5
2026-07-14 15:41:10,404 INFO  ExportHelperExtension.cs: 1145 - Found 0 features of type [RefAxis] in 足端打印件-5
2026-07-14 15:41:10,404 INFO  ExportHelperExtension.cs: 1125 - Retrieving features of type [RefAxis] from 小腿外侧曲线-镜像-6061-4
2026-07-14 15:41:10,404 INFO  ExportHelperExtension.cs: 1136 - Found 36 in 小腿外侧曲线-镜像-6061-4
2026-07-14 15:41:10,405 INFO  ExportHelperExtension.cs: 1145 - Found 0 features of type [RefAxis] in 小腿外侧曲线-镜像-6061-4
2026-07-14 15:41:10,405 INFO  ExportHelperExtension.cs: 1125 - Retrieving features of type [RefAxis] from 前面板髋关节限位块-7
2026-07-14 15:41:10,406 INFO  ExportHelperExtension.cs: 1136 - Found 25 in 前面板髋关节限位块-7
2026-07-14 15:41:10,406 INFO  ExportHelperExtension.cs: 1145 - Found 0 features of type [RefAxis] in 前面板髋关节限位块-7
2026-07-14 15:41:10,406 INFO  ExportHelperExtension.cs: 1125 - Retrieving features of type [RefAxis] from 大腿-小腿关节限位块-5
2026-07-14 15:41:10,407 INFO  ExportHelperExtension.cs: 1136 - Found 25 in 大腿-小腿关节限位块-5
2026-07-14 15:41:10,407 INFO  ExportHelperExtension.cs: 1145 - Found 0 features of type [RefAxis] in 大腿-小腿关节限位块-5
2026-07-14 15:41:10,407 INFO  ExportHelperExtension.cs: 1125 - Retrieving features of type [RefAxis] from 大腿-小腿关节限位块-2
2026-07-14 15:41:10,408 INFO  ExportHelperExtension.cs: 1136 - Found 25 in 大腿-小腿关节限位块-2
2026-07-14 15:41:10,408 INFO  ExportHelperExtension.cs: 1145 - Found 0 features of type [RefAxis] in 大腿-小腿关节限位块-2
2026-07-14 15:41:10,408 INFO  ExportHelperExtension.cs: 1125 - Retrieving features of type [RefAxis] from 前面板髋关节限位块-2
2026-07-14 15:41:10,409 INFO  ExportHelperExtension.cs: 1136 - Found 25 in 前面板髋关节限位块-2
2026-07-14 15:41:10,409 INFO  ExportHelperExtension.cs: 1145 - Found 0 features of type [RefAxis] in 前面板髋关节限位块-2
2026-07-14 15:41:10,410 INFO  ExportHelperExtension.cs: 1125 - Retrieving features of type [RefAxis] from 前面板髋关节限位块-1
2026-07-14 15:41:10,410 INFO  ExportHelperExtension.cs: 1136 - Found 25 in 前面板髋关节限位块-1
2026-07-14 15:41:10,410 INFO  ExportHelperExtension.cs: 1145 - Found 0 features of type [RefAxis] in 前面板髋关节限位块-1
2026-07-14 15:41:10,411 INFO  ExportHelperExtension.cs: 1125 - Retrieving features of type [RefAxis] from 大腿内侧角度限位-1
2026-07-14 15:41:10,411 INFO  ExportHelperExtension.cs: 1136 - Found 26 in 大腿内侧角度限位-1
2026-07-14 15:41:10,411 INFO  ExportHelperExtension.cs: 1145 - Found 0 features of type [RefAxis] in 大腿内侧角度限位-1
2026-07-14 15:41:10,411 INFO  ExportHelperExtension.cs: 1125 - Retrieving features of type [RefAxis] from GO-M8010-6电机3D模型-2
2026-07-14 15:41:10,413 INFO  ExportHelperExtension.cs: 1136 - Found 42 in GO-M8010-6电机3D模型-2
2026-07-14 15:41:10,413 INFO  ExportHelperExtension.cs: 1145 - Found 0 features of type [RefAxis] in GO-M8010-6电机3D模型-2
2026-07-14 15:41:10,413 INFO  ExportHelperExtension.cs: 1125 - Retrieving features of type [RefAxis] from 大腿内侧角度限位-2
2026-07-14 15:41:10,413 INFO  ExportHelperExtension.cs: 1136 - Found 26 in 大腿内侧角度限位-2
2026-07-14 15:41:10,413 INFO  ExportHelperExtension.cs: 1145 - Found 0 features of type [RefAxis] in 大腿内侧角度限位-2
2026-07-14 15:41:10,414 INFO  ExportHelperExtension.cs: 1125 - Retrieving features of type [RefAxis] from GO-M8010-6电机3D模型-1
2026-07-14 15:41:10,414 INFO  ExportHelperExtension.cs: 1136 - Found 42 in GO-M8010-6电机3D模型-1
2026-07-14 15:41:10,415 INFO  ExportHelperExtension.cs: 1145 - Found 0 features of type [RefAxis] in GO-M8010-6电机3D模型-1
2026-07-14 15:41:10,415 INFO  ExportHelperExtension.cs: 1125 - Retrieving features of type [RefAxis] from 大腿内侧角度限位-8
2026-07-14 15:41:10,415 INFO  ExportHelperExtension.cs: 1136 - Found 26 in 大腿内侧角度限位-8
2026-07-14 15:41:10,416 INFO  ExportHelperExtension.cs: 1145 - Found 0 features of type [RefAxis] in 大腿内侧角度限位-8
2026-07-14 15:41:10,416 INFO  ExportHelperExtension.cs: 1125 - Retrieving features of type [RefAxis] from GO-M8010-6电机3D模型-10
2026-07-14 15:41:10,416 INFO  ExportHelperExtension.cs: 1136 - Found 42 in GO-M8010-6电机3D模型-10
2026-07-14 15:41:10,417 INFO  ExportHelperExtension.cs: 1145 - Found 0 features of type [RefAxis] in GO-M8010-6电机3D模型-10
2026-07-14 15:41:10,417 INFO  ExportHelperExtension.cs: 1125 - Retrieving features of type [RefAxis] from GO-M8010-6电机3D模型-12
2026-07-14 15:41:10,417 INFO  ExportHelperExtension.cs: 1136 - Found 42 in GO-M8010-6电机3D模型-12
2026-07-14 15:41:10,418 INFO  ExportHelperExtension.cs: 1145 - Found 0 features of type [RefAxis] in GO-M8010-6电机3D模型-12
2026-07-14 15:41:10,418 INFO  ExportHelperExtension.cs: 1125 - Retrieving features of type [RefAxis] from 小腿中间曲线-6061-5
2026-07-14 15:41:10,418 INFO  ExportHelperExtension.cs: 1136 - Found 35 in 小腿中间曲线-6061-5
2026-07-14 15:41:10,419 INFO  ExportHelperExtension.cs: 1145 - Found 2 features of type [RefAxis] in 小腿中间曲线-6061-5
2026-07-14 15:41:10,419 INFO  ExportHelperExtension.cs: 1125 - Retrieving features of type [RefAxis] from GO-M8010-6电机3D模型-11
2026-07-14 15:41:10,420 INFO  ExportHelperExtension.cs: 1136 - Found 42 in GO-M8010-6电机3D模型-11
2026-07-14 15:41:10,420 INFO  ExportHelperExtension.cs: 1145 - Found 0 features of type [RefAxis] in GO-M8010-6电机3D模型-11
2026-07-14 15:41:10,420 INFO  ExportHelperExtension.cs: 1125 - Retrieving features of type [RefAxis] from 大腿内侧角度限位-7
2026-07-14 15:41:10,421 INFO  ExportHelperExtension.cs: 1136 - Found 26 in 大腿内侧角度限位-7
2026-07-14 15:41:10,421 INFO  ExportHelperExtension.cs: 1145 - Found 0 features of type [RefAxis] in 大腿内侧角度限位-7
2026-07-14 15:41:10,421 INFO  ExportHelperExtension.cs: 1125 - Retrieving features of type [RefAxis] from 小腿饰板2-1
2026-07-14 15:41:10,421 INFO  ExportHelperExtension.cs: 1136 - Found 35 in 小腿饰板2-1
2026-07-14 15:41:10,423 INFO  ExportHelperExtension.cs: 1145 - Found 0 features of type [RefAxis] in 小腿饰板2-1
2026-07-14 15:41:10,423 INFO  ExportHelperExtension.cs: 1125 - Retrieving features of type [RefAxis] from 小腿外侧曲线-6061-5
2026-07-14 15:41:10,424 INFO  ExportHelperExtension.cs: 1136 - Found 38 in 小腿外侧曲线-6061-5
2026-07-14 15:41:10,424 INFO  ExportHelperExtension.cs: 1145 - Found 0 features of type [RefAxis] in 小腿外侧曲线-6061-5
2026-07-14 15:41:10,424 INFO  ExportHelperExtension.cs: 1125 - Retrieving features of type [RefAxis] from 小腿齿轮-5
2026-07-14 15:41:10,424 INFO  ExportHelperExtension.cs: 1136 - Found 29 in 小腿齿轮-5
2026-07-14 15:41:10,424 INFO  ExportHelperExtension.cs: 1145 - Found 0 features of type [RefAxis] in 小腿齿轮-5
2026-07-14 15:41:10,425 INFO  ExportHelperExtension.cs: 1125 - Retrieving features of type [RefAxis] from 前面板髋关节限位块-8
2026-07-14 15:41:10,425 INFO  ExportHelperExtension.cs: 1136 - Found 25 in 前面板髋关节限位块-8
2026-07-14 15:41:10,426 INFO  ExportHelperExtension.cs: 1145 - Found 0 features of type [RefAxis] in 前面板髋关节限位块-8
2026-07-14 15:41:10,426 INFO  ExportHelperExtension.cs: 1125 - Retrieving features of type [RefAxis] from 髋关节连接件-单面-6061-左后-1
2026-07-14 15:41:10,426 INFO  ExportHelperExtension.cs: 1136 - Found 38 in 髋关节连接件-单面-6061-左后-1
2026-07-14 15:41:10,427 INFO  ExportHelperExtension.cs: 1145 - Found 1 features of type [RefAxis] in 髋关节连接件-单面-6061-左后-1
2026-07-14 15:41:10,427 INFO  ExportHelperExtension.cs: 1125 - Retrieving features of type [RefAxis] from 大腿内侧-6061-左侧-2
2026-07-14 15:41:10,428 INFO  ExportHelperExtension.cs: 1136 - Found 38 in 大腿内侧-6061-左侧-2
2026-07-14 15:41:10,428 INFO  ExportHelperExtension.cs: 1145 - Found 2 features of type [RefAxis] in 大腿内侧-6061-左侧-2
2026-07-14 15:41:10,428 INFO  ExportHelperExtension.cs: 1125 - Retrieving features of type [RefAxis] from 260mm2020-2
2026-07-14 15:41:10,429 INFO  ExportHelperExtension.cs: 1136 - Found 29 in 260mm2020-2
2026-07-14 15:41:10,430 INFO  ExportHelperExtension.cs: 1145 - Found 0 features of type [RefAxis] in 260mm2020-2
2026-07-14 15:41:10,430 INFO  ExportHelperExtension.cs: 1125 - Retrieving features of type [RefAxis] from 大腿打印件-镜像左侧-2
2026-07-14 15:41:10,430 INFO  ExportHelperExtension.cs: 1136 - Found 35 in 大腿打印件-镜像左侧-2
2026-07-14 15:41:10,431 INFO  ExportHelperExtension.cs: 1145 - Found 0 features of type [RefAxis] in 大腿打印件-镜像左侧-2
2026-07-14 15:41:10,431 INFO  ExportHelperExtension.cs: 1125 - Retrieving features of type [RefAxis] from 大腿外侧-6061-3mm-5
2026-07-14 15:41:10,431 INFO  ExportHelperExtension.cs: 1136 - Found 32 in 大腿外侧-6061-3mm-5
2026-07-14 15:41:10,431 INFO  ExportHelperExtension.cs: 1145 - Found 0 features of type [RefAxis] in 大腿外侧-6061-3mm-5
2026-07-14 15:41:10,432 INFO  ExportHelperExtension.cs: 1125 - Retrieving features of type [RefAxis] from 小腿外侧曲线-镜像-6061-5
2026-07-14 15:41:10,432 INFO  ExportHelperExtension.cs: 1136 - Found 36 in 小腿外侧曲线-镜像-6061-5
2026-07-14 15:41:10,432 INFO  ExportHelperExtension.cs: 1145 - Found 0 features of type [RefAxis] in 小腿外侧曲线-镜像-6061-5
2026-07-14 15:41:10,433 INFO  ExportHelperExtension.cs: 1125 - Retrieving features of type [RefAxis] from 210mm连杆-6061-5
2026-07-14 15:41:10,434 INFO  ExportHelperExtension.cs: 1136 - Found 32 in 210mm连杆-6061-5
2026-07-14 15:41:10,434 INFO  ExportHelperExtension.cs: 1145 - Found 0 features of type [RefAxis] in 210mm连杆-6061-5
2026-07-14 15:41:10,434 INFO  ExportHelperExtension.cs: 1125 - Retrieving features of type [RefAxis] from 小腿饰板1-1
2026-07-14 15:41:10,435 INFO  ExportHelperExtension.cs: 1136 - Found 28 in 小腿饰板1-1
2026-07-14 15:41:10,435 INFO  ExportHelperExtension.cs: 1145 - Found 0 features of type [RefAxis] in 小腿饰板1-1
2026-07-14 15:41:10,435 INFO  ExportHelperExtension.cs: 1125 - Retrieving features of type [RefAxis] from 足端打印件-1
2026-07-14 15:41:10,436 INFO  ExportHelperExtension.cs: 1136 - Found 37 in 足端打印件-1
2026-07-14 15:41:10,436 INFO  ExportHelperExtension.cs: 1145 - Found 0 features of type [RefAxis] in 足端打印件-1
2026-07-14 15:41:10,437 INFO  ExportHelperExtension.cs: 1125 - Retrieving features of type [RefAxis] from 足端打印件2-1
2026-07-14 15:41:10,437 INFO  ExportHelperExtension.cs: 1136 - Found 30 in 足端打印件2-1
2026-07-14 15:41:10,437 INFO  ExportHelperExtension.cs: 1145 - Found 0 features of type [RefAxis] in 足端打印件2-1
2026-07-14 15:41:10,438 INFO  ExportHelperExtension.cs: 1125 - Retrieving features of type [RefAxis] from 2-3关节连接件-左后-6061-2
2026-07-14 15:41:10,438 INFO  ExportHelperExtension.cs: 1136 - Found 36 in 2-3关节连接件-左后-6061-2
2026-07-14 15:41:10,439 INFO  ExportHelperExtension.cs: 1145 - Found 0 features of type [RefAxis] in 2-3关节连接件-左后-6061-2
2026-07-14 15:41:10,439 INFO  ExportHelperExtension.cs: 1125 - Retrieving features of type [RefAxis] from 260mm2020-1
2026-07-14 15:41:10,439 INFO  ExportHelperExtension.cs: 1136 - Found 29 in 260mm2020-1
2026-07-14 15:41:10,439 INFO  ExportHelperExtension.cs: 1145 - Found 0 features of type [RefAxis] in 260mm2020-1
2026-07-14 15:41:10,440 INFO  ExportHelperExtension.cs: 1125 - Retrieving features of type [RefAxis] from 硅胶足端-2
2026-07-14 15:41:10,440 INFO  ExportHelperExtension.cs: 1136 - Found 28 in 硅胶足端-2
2026-07-14 15:41:10,441 INFO  ExportHelperExtension.cs: 1145 - Found 0 features of type [RefAxis] in 硅胶足端-2
2026-07-14 15:41:10,441 INFO  ExportHelperExtension.cs: 1125 - Retrieving features of type [RefAxis] from 260mm2020-4
2026-07-14 15:41:10,441 INFO  ExportHelperExtension.cs: 1136 - Found 29 in 260mm2020-4
2026-07-14 15:41:10,442 INFO  ExportHelperExtension.cs: 1145 - Found 0 features of type [RefAxis] in 260mm2020-4
2026-07-14 15:41:10,442 INFO  ExportHelperExtension.cs: 1125 - Retrieving features of type [RefAxis] from 机身主体-1
2026-07-14 15:41:10,442 INFO  ExportHelperExtension.cs: 1136 - Found 32 in 机身主体-1
2026-07-14 15:41:10,444 INFO  ExportHelperExtension.cs: 1145 - Found 1 features of type [RefAxis] in 机身主体-1
2026-07-14 15:41:10,444 INFO  ExportHelperExtension.cs: 1125 - Retrieving features of type [RefAxis] from 前部连接件-6061-1
2026-07-14 15:41:10,445 INFO  ExportHelperExtension.cs: 1136 - Found 35 in 前部连接件-6061-1
2026-07-14 15:41:10,445 INFO  ExportHelperExtension.cs: 1145 - Found 0 features of type [RefAxis] in 前部连接件-6061-1
2026-07-14 15:41:10,445 INFO  ExportHelperExtension.cs: 1125 - Retrieving features of type [RefAxis] from 260mm2020-3
2026-07-14 15:41:10,446 INFO  ExportHelperExtension.cs: 1136 - Found 29 in 260mm2020-3
2026-07-14 15:41:10,446 INFO  ExportHelperExtension.cs: 1145 - Found 0 features of type [RefAxis] in 260mm2020-3
2026-07-14 15:41:10,446 INFO  ExportHelperExtension.cs: 1125 - Retrieving features of type [RefAxis] from 前部防护件-1
2026-07-14 15:41:10,447 INFO  ExportHelperExtension.cs: 1136 - Found 30 in 前部防护件-1
2026-07-14 15:41:10,447 INFO  ExportHelperExtension.cs: 1145 - Found 0 features of type [RefAxis] in 前部防护件-1
2026-07-14 15:41:10,448 INFO  ExportHelperExtension.cs: 1125 - Retrieving features of type [RefAxis] from 后部连接件-1
2026-07-14 15:41:10,448 INFO  ExportHelperExtension.cs: 1136 - Found 37 in 后部连接件-1
2026-07-14 15:41:10,448 INFO  ExportHelperExtension.cs: 1145 - Found 0 features of type [RefAxis] in 后部连接件-1
2026-07-14 15:41:10,724 INFO  SwAddin.cs: 339 - Loading config tree
2026-07-14 15:41:10,730 INFO  ConfigurationSerialization.cs: 276 - URDF Configuration found
<Link z:Id="i1" xmlns="http://schemas.datacontract.org/2004/07/SW2URDF" xmlns:i="http://www.w3.org/2001/XMLSchema-instance" xmlns:z="http://schemas.microsoft.com/2003/10/Serialization/"><Attributes><Attribute z:Id="i2"><AttributeType>name</AttributeType><IsRequired>true</IsRequired><Value i:type="a:string" xmlns:a="http://www.w3.org/2001/XMLSchema">base</Value></Attribute></Attributes><ChildElements><URDFElement z:Id="i3" i:type="Inertial"><Attributes/><ChildElements><URDFElement z:Id="i4" i:type="Origin"><Attributes><Attribute z:Id="i5"><AttributeType>xyz</AttributeType><IsRequired>true</IsRequired><Value i:type="a:ArrayOfdouble" xmlns:a="http://schemas.microsoft.com/2003/10/Serialization/Arrays"><a:double>0.0038649998316307929</a:double><a:double>-2.0324721214883873E-05</a:double><a:double>-1.8095155525657547E-05</a:double></Value></Attribute><Attribute z:Id="i6"><AttributeType>rpy</AttributeType><IsRequired>true</IsRequired><Value i:type="a:ArrayOfdouble" xmlns:a="http://schemas.microsoft.com/2003/10/Serialization/Arrays"><a:double>0</a:double><a:double>0</a:double><a:double>0</a:double></Value></Attribute></Attributes><ChildElements/><ElementName>origin</ElementName><required>false</required><RPYAttribute z:Ref="i6"/><XYZAttribute z:Ref="i5"/><isCustomized>false</isCustomized></URDFElement><URDFElement z:Id="i7" i:type="Mass"><Attributes><Attribute z:Id="i8"><AttributeType>value</AttributeType><IsRequired>true</IsRequired><Value i:type="a:double" xmlns:a="http://www.w3.org/2001/XMLSchema">3.7418313437710853</Value></Attribute></Attributes><ChildElements/><ElementName>mass</ElementName><required>false</required><ValueAttribute z:Ref="i8"/></URDFElement><URDFElement z:Id="i9" i:type="Inertia"><Attributes><Attribute z:Id="i10"><AttributeType>ixx</AttributeType><IsRequired>true</IsRequired><Value i:type="a:double" xmlns:a="http://www.w3.org/2001/XMLSchema">0.0095323736826238448</Value></Attribute><Attribute z:Id="i11"><AttributeType>ixy</AttributeType><IsRequired>true</IsRequired><Value i:type="a:double" xmlns:a="http://www.w3.org/2001/XMLSchema">1.8936309218849126E-11</Value></Attribute><Attribute z:Id="i12"><AttributeType>ixz</AttributeType><IsRequired>true</IsRequired><Value i:type="a:double" xmlns:a="http://www.w3.org/2001/XMLSchema">-1.0165995392269901E-07</Value></Attribute><Attribute z:Id="i13"><AttributeType>iyy</AttributeType><IsRequired>true</IsRequired><Value i:type="a:double" xmlns:a="http://www.w3.org/2001/XMLSchema">0.0083275072712235762</Value></Attribute><Attribute z:Id="i14"><AttributeType>iyz</AttributeType><IsRequired>true</IsRequired><Value i:type="a:double" xmlns:a="http://www.w3.org/2001/XMLSchema">-2.585375547010736E-12</Value></Attribute><Attribute z:Id="i15"><AttributeType>izz</AttributeType><IsRequired>true</IsRequired><Value i:type="a:double" xmlns:a="http://www.w3.org/2001/XMLSchema">0.011862222777365573</Value></Attribute></Attributes><ChildElements/><ElementName>inertia</ElementName><required>false</required><IxxAttribute z:Ref="i10"/><IxyAttribute z:Ref="i11"/><IxzAttribute z:Ref="i12"/><IyyAttribute z:Ref="i13"/><IyzAttribute z:Ref="i14"/><IzzAttribute z:Ref="i15"/></URDFElement></ChildElements><ElementName>inertial</ElementName><required>false</required><Inertia z:Ref="i9"/><Mass z:Ref="i7"/><Origin z:Ref="i4"/></URDFElement><URDFElement z:Id="i16" i:type="Visual"><Attributes/><ChildElements><URDFElement z:Id="i17" i:type="Origin"><Attributes><Attribute z:Id="i18"><AttributeType>xyz</AttributeType><IsRequired>true</IsRequired><Value i:type="a:ArrayOfdouble" xmlns:a="http://schemas.microsoft.com/2003/10/Serialization/Arrays"><a:double>0</a:double><a:double>0</a:double><a:double>0</a:double></Value></Attribute><Attribute z:Id="i19"><AttributeType>rpy</AttributeType><IsRequired>true</IsRequired><Value i:type="a:ArrayOfdouble" xmlns:a="http://schemas.microsoft.com/2003/10/Serialization/Arrays"><a:double>0</a:double><a:double>0</a:double><a:double>0</a:double></Value></Attribute></Attributes><ChildElements/><ElementName>origin</ElementName><required>false</required><RPYAttribute z:Ref="i19"/><XYZAttribute z:Ref="i18"/><isCustomized>false</isCustomized></URDFElement><URDFElement z:Id="i20" i:type="Geometry"><Attributes/><ChildElements><URDFElement z:Id="i21" i:type="Mesh"><Attributes><Attribute z:Id="i22"><AttributeType>filename</AttributeType><IsRequired>true</IsRequired><Value i:nil="true"/></Attribute></Attributes><ChildElements/><ElementName>mesh</ElementName><required>false</required><FilenameAttribute z:Ref="i22"/></URDFElement></ChildElements><ElementName>geometry</ElementName><required>true</required><Mesh z:Ref="i21"/></URDFElement><URDFElement z:Id="i23" i:type="Material"><Attributes><Attribute z:Id="i24"><AttributeType>name</AttributeType><IsRequired>true</IsRequired><Value i:type="a:string" xmlns:a="http://www.w3.org/2001/XMLSchema"/></Attribute></Attributes><ChildElements><URDFElement z:Id="i25" i:type="Color"><Attributes><Attribute z:Id="i26"><AttributeType>rgba</AttributeType><IsRequired>true</IsRequired><Value i:type="a:ArrayOfdouble" xmlns:a="http://schemas.microsoft.com/2003/10/Serialization/Arrays"><a:double>0.89803921568627454</a:double><a:double>0.91764705882352937</a:double><a:double>0.92941176470588238</a:double><a:double>1</a:double></Value></Attribute></Attributes><ChildElements/><ElementName>color</ElementName><required>false</required><RGBAAttribute z:Ref="i26"/></URDFElement><URDFElement z:Id="i27" i:type="Texture"><Attributes><Attribute z:Id="i28"><AttributeType>filename</AttributeType><IsRequired>true</IsRequired><Value i:nil="true"/></Attribute></Attributes><ChildElements/><ElementName>texture</ElementName><required>false</required><FilenameAttribute z:Ref="i28"/><wFilename/></URDFElement></ChildElements><ElementName>material</ElementName><required>false</required><Color z:Ref="i25"/><NameAttribute z:Ref="i24"/><Texture z:Ref="i27"/></URDFElement></ChildElements><ElementName>visual</ElementName><required>false</required><Geometry z:Ref="i20"/><Material z:Ref="i23"/><Origin z:Ref="i17"/></URDFElement><URDFElement z:Id="i29" i:type="Collision"><Attributes/><ChildElements><URDFElement z:Id="i30" i:type="Origin"><Attributes><Attribute z:Id="i31"><AttributeType>xyz</AttributeType><IsRequired>true</IsRequired><Value i:type="a:ArrayOfdouble" xmlns:a="http://schemas.microsoft.com/2003/10/Serialization/Arrays"><a:double>0</a:double><a:double>0</a:double><a:double>0</a:double></Value></Attribute><Attribute z:Id="i32"><AttributeType>rpy</AttributeType><IsRequired>true</IsRequired><Value i:type="a:ArrayOfdouble" xmlns:a="http://schemas.microsoft.com/2003/10/Serialization/Arrays"><a:double>0</a:double><a:double>0</a:double><a:double>0</a:double></Value></Attribute></Attributes><ChildElements/><ElementName>origin</ElementName><required>false</required><RPYAttribute z:Ref="i32"/><XYZAttribute z:Ref="i31"/><isCustomized>false</isCustomized></URDFElement><URDFElement z:Id="i33" i:type="Geometry"><Attributes/><ChildElements><URDFElement z:Id="i34" i:type="Mesh"><Attributes><Attribute z:Id="i35"><AttributeType>filename</AttributeType><IsRequired>true</IsRequired><Value i:nil="true"/></Attribute></Attributes><ChildElements/><ElementName>mesh</ElementName><required>false</required><FilenameAttribute z:Ref="i35"/></URDFElement></ChildElements><ElementName>geometry</ElementName><required>true</required><Mesh z:Ref="i34"/></URDFElement></ChildElements><ElementName>collision</ElementName><required>false</required><Geometry z:Ref="i33"/><Origin z:Ref="i30"/></URDFElement><URDFElement z:Id="i36" i:type="Joint"><Attributes><Attribute z:Id="i37"><AttributeType>name</AttributeType><IsRequired>true</IsRequired><Value i:type="a:string" xmlns:a="http://www.w3.org/2001/XMLSchema"/></Attribute><Attribute z:Id="i38"><AttributeType>type</AttributeType><IsRequired>true</IsRequired><Value i:type="a:string" xmlns:a="http://www.w3.org/2001/XMLSchema"/></Attribute></Attributes><ChildElements><URDFElement z:Id="i39" i:type="Origin"><Attributes><Attribute z:Id="i40"><AttributeType>xyz</AttributeType><IsRequired>true</IsRequired><Value i:type="a:ArrayOfdouble" xmlns:a="http://schemas.microsoft.com/2003/10/Serialization/Arrays"><a:double>0</a:double><a:double>0</a:double><a:double>0</a:double></Value></Attribute><Attribute z:Id="i41"><AttributeType>rpy</AttributeType><IsRequired>true</IsRequired><Value i:type="a:ArrayOfdouble" xmlns:a="http://schemas.microsoft.com/2003/10/Serialization/Arrays"><a:double>0</a:double><a:double>0</a:double><a:double>0</a:double></Value></Attribute></Attributes><ChildElements/><ElementName>origin</ElementName><required>false</required><RPYAttribute z:Ref="i41"/><XYZAttribute z:Ref="i40"/><isCustomized>false</isCustomized></URDFElement><URDFElement z:Id="i42" i:type="ParentLink"><Attributes><Attribute z:Id="i43"><AttributeType>link</AttributeType><IsRequired>true</IsRequired><Value i:type="a:string" xmlns:a="http://www.w3.org/2001/XMLSchema"/></Attribute></Attributes><ChildElements/><ElementName>parent</ElementName><required>true</required><NameAttribute z:Ref="i43"/></URDFElement><URDFElement z:Id="i44" i:type="ChildLink"><Attributes><Attribute z:Id="i45"><AttributeType>link</AttributeType><IsRequired>true</IsRequired><Value i:type="a:string" xmlns:a="http://www.w3.org/2001/XMLSchema"/></Attribute></Attributes><ChildElements/><ElementName>child</ElementName><required>true</required><NameAttribute z:Ref="i45"/></URDFElement><URDFElement z:Id="i46" i:type="Axis"><Attributes><Attribute z:Id="i47"><AttributeType>xyz</AttributeType><IsRequired>true</IsRequired><Value i:type="a:ArrayOfdouble" xmlns:a="http://schemas.microsoft.com/2003/10/Serialization/Arrays"><a:double>0</a:double><a:double>0</a:double><a:double>0</a:double></Value></Attribute></Attributes><ChildElements/><ElementName>axis</ElementName><required>false</required><XYZAttribute z:Ref="i47"/></URDFElement><URDFElement z:Id="i48" i:type="Limit"><Attributes><Attribute z:Id="i49"><AttributeType>lower</AttributeType><IsRequired>false</IsRequired><Value i:nil="true"/></Attribute><Attribute z:Id="i50"><AttributeType>upper</AttributeType><IsRequired>false</IsRequired><Value i:nil="true"/></Attribute><Attribute z:Id="i51"><AttributeType>effort</AttributeType><IsRequired>true</IsRequired><Value i:nil="true"/></Attribute><Attribute z:Id="i52"><AttributeType>velocity</AttributeType><IsRequired>true</IsRequired><Value i:nil="true"/></Attribute></Attributes><ChildElements/><ElementName>limit</ElementName><required>false</required><EffortAttribute z:Ref="i51"/><LowerAttribute z:Ref="i49"/><UpperAttribute z:Ref="i50"/><VelocityAttribute z:Ref="i52"/></URDFElement><URDFElement z:Id="i53" i:type="Calibration"><Attributes><Attribute z:Id="i54"><AttributeType>rising</AttributeType><IsRequired>false</IsRequired><Value i:nil="true"/></Attribute><Attribute z:Id="i55"><AttributeType>falling</AttributeType><IsRequired>false</IsRequired><Value i:nil="true"/></Attribute></Attributes><ChildElements/><ElementName>calibration</ElementName><required>false</required><FallingAttribute z:Ref="i55"/><RisingAttribute z:Ref="i54"/></URDFElement><URDFElement z:Id="i56" i:type="Dynamics"><Attributes><Attribute z:Id="i57"><AttributeType>damping</AttributeType><IsRequired>false</IsRequired><Value i:nil="true"/></Attribute><Attribute z:Id="i58"><AttributeType>friction</AttributeType><IsRequired>false</IsRequired><Value i:nil="true"/></Attribute></Attributes><ChildElements/><ElementName>dynamics</ElementName><required>false</required><DampingAttribute z:Ref="i57"/><FrictionAttribute z:Ref="i58"/></URDFElement><URDFElement z:Id="i59" i:type="SafetyController"><Attributes><Attribute z:Id="i60"><AttributeType>soft_upper_limit</AttributeType><IsRequired>false</IsRequired><Value i:nil="true"/></Attribute><Attribute z:Id="i61"><AttributeType>soft_lower_limit</AttributeType><IsRequired>false</IsRequired><Value i:nil="true"/></Attribute><Attribute z:Id="i62"><AttributeType>k_position</AttributeType><IsRequired>false</IsRequired><Value i:nil="true"/></Attribute><Attribute z:Id="i63"><AttributeType>k_velocity</AttributeType><IsRequired>true</IsRequired><Value i:nil="true"/></Attribute></Attributes><ChildElements/><ElementName>safety_controller</ElementName><required>false</required><KPositionAttribute z:Ref="i62"/><KVelocityAttribute z:Ref="i63"/><SoftLowerAttribute z:Ref="i61"/><SoftUpperAttribute z:Ref="i60"/></URDFElement><URDFElement z:Id="i64" i:type="Mimic"><Attributes><Attribute z:Id="i65"><AttributeType>joint</AttributeType><IsRequired>true</IsRequired><Value i:nil="true"/></Attribute><Attribute z:Id="i66"><AttributeType>multiplier</AttributeType><IsRequired>false</IsRequired><Value i:nil="true"/></Attribute><Attribute z:Id="i67"><AttributeType>offset</AttributeType><IsRequired>false</IsRequired><Value i:nil="true"/></Attribute></Attributes><ChildElements/><ElementName>mimic</ElementName><required>false</required><JointNameAttribute z:Ref="i65"/><MultiplierAttribute z:Ref="i66"/><OffsetAttribute z:Ref="i67"/></URDFElement></ChildElements><ElementName>joint</ElementName><required>false</required><Axis z:Ref="i46"/><AxisName/><Calibration z:Ref="i53"/><Child z:Ref="i44"/><CoordinateSystemName>base_Coordinate System</CoordinateSystemName><Dynamics z:Ref="i56"/><Limit z:Ref="i48"/><Mimic z:Ref="i64"/><NameAttribute z:Ref="i37"/><Origin z:Ref="i39"/><Parent z:Ref="i42"/><Safety z:Ref="i59"/><TypeAttribute z:Ref="i38"/></URDFElement></ChildElements><ElementName>link</ElementName><required>true</required><Children><Link z:Id="i68"><Attributes><Attribute z:Id="i69"><AttributeType>name</AttributeType><IsRequired>true</IsRequired><Value i:type="a:string" xmlns:a="http://www.w3.org/2001/XMLSchema">FL_hip</Value></Attribute></Attributes><ChildElements><URDFElement z:Id="i70" i:type="Inertial"><Attributes/><ChildElements><URDFElement z:Id="i71" i:type="Origin"><Attributes><Attribute z:Id="i72"><AttributeType>xyz</AttributeType><IsRequired>true</IsRequired><Value i:type="a:ArrayOfdouble" xmlns:a="http://schemas.microsoft.com/2003/10/Serialization/Arrays"><a:double>0.043160308457947272</a:double><a:double>-0.0028511132564460751</a:double><a:double>-0.00054888130292998771</a:double></Value></Attribute><Attribute z:Id="i73"><AttributeType>rpy</AttributeType><IsRequired>true</IsRequired><Value i:type="a:ArrayOfdouble" xmlns:a="http://schemas.microsoft.com/2003/10/Serialization/Arrays"><a:double>0</a:double><a:double>0</a:double><a:double>0</a:double></Value></Attribute></Attributes><ChildElements/><ElementName>origin</ElementName><required>false</required><RPYAttribute z:Ref="i73"/><XYZAttribute z:Ref="i72"/><isCustomized>false</isCustomized></URDFElement><URDFElement z:Id="i74" i:type="Mass"><Attributes><Attribute z:Id="i75"><AttributeType>value</AttributeType><IsRequired>true</IsRequired><Value i:type="a:double" xmlns:a="http://www.w3.org/2001/XMLSchema">0.32025669308922561</Value></Attribute></Attributes><ChildElements/><ElementName>mass</ElementName><required>false</required><ValueAttribute z:Ref="i75"/></URDFElement><URDFElement z:Id="i76" i:type="Inertia"><Attributes><Attribute z:Id="i77"><AttributeType>ixx</AttributeType><IsRequired>true</IsRequired><Value i:type="a:double" xmlns:a="http://www.w3.org/2001/XMLSchema">0.00020255848737813073</Value></Attribute><Attribute z:Id="i78"><AttributeType>ixy</AttributeType><IsRequired>true</IsRequired><Value i:type="a:double" xmlns:a="http://www.w3.org/2001/XMLSchema">-2.5287516470494217E-08</Value></Attribute><Attribute z:Id="i79"><AttributeType>ixz</AttributeType><IsRequired>true</IsRequired><Value i:type="a:double" xmlns:a="http://www.w3.org/2001/XMLSchema">-3.2067109908680135E-06</Value></Attribute><Attribute z:Id="i80"><AttributeType>iyy</AttributeType><IsRequired>true</IsRequired><Value i:type="a:double" xmlns:a="http://www.w3.org/2001/XMLSchema">0.00033851185162063409</Value></Attribute><Attribute z:Id="i81"><AttributeType>iyz</AttributeType><IsRequired>true</IsRequired><Value i:type="a:double" xmlns:a="http://www.w3.org/2001/XMLSchema">3.0639885191795174E-08</Value></Attribute><Attribute z:Id="i82"><AttributeType>izz</AttributeType><IsRequired>true</IsRequired><Value i:type="a:double" xmlns:a="http://www.w3.org/2001/XMLSchema">0.00016573434354854276</Value></Attribute></Attributes><ChildElements/><ElementName>inertia</ElementName><required>false</required><IxxAttribute z:Ref="i77"/><IxyAttribute z:Ref="i78"/><IxzAttribute z:Ref="i79"/><IyyAttribute z:Ref="i80"/><IyzAttribute z:Ref="i81"/><IzzAttribute z:Ref="i82"/></URDFElement></ChildElements><ElementName>inertial</ElementName><required>false</required><Inertia z:Ref="i76"/><Mass z:Ref="i74"/><Origin z:Ref="i71"/></URDFElement><URDFElement z:Id="i83" i:type="Visual"><Attributes/><ChildElements><URDFElement z:Id="i84" i:type="Origin"><Attributes><Attribute z:Id="i85"><AttributeType>xyz</AttributeType><IsRequired>true</IsRequired><Value i:type="a:ArrayOfdouble" xmlns:a="http://schemas.microsoft.com/2003/10/Serialization/Arrays"><a:double>0</a:double><a:double>0</a:double><a:double>0</a:double></Value></Attribute><Attribute z:Id="i86"><AttributeType>rpy</AttributeType><IsRequired>true</IsRequired><Value i:type="a:ArrayOfdouble" xmlns:a="http://schemas.microsoft.com/2003/10/Serialization/Arrays"><a:double>0</a:double><a:double>0</a:double><a:double>0</a:double></Value></Attribute></Attributes><ChildElements/><ElementName>origin</ElementName><required>false</required><RPYAttribute z:Ref="i86"/><XYZAttribute z:Ref="i85"/><isCustomized>false</isCustomized></URDFElement><URDFElement z:Id="i87" i:type="Geometry"><Attributes/><ChildElements><URDFElement z:Id="i88" i:type="Mesh"><Attributes><Attribute z:Id="i89"><AttributeType>filename</AttributeType><IsRequired>true</IsRequired><Value i:nil="true"/></Attribute></Attributes><ChildElements/><ElementName>mesh</ElementName><required>false</required><FilenameAttribute z:Ref="i89"/></URDFElement></ChildElements><ElementName>geometry</ElementName><required>true</required><Mesh z:Ref="i88"/></URDFElement><URDFElement z:Id="i90" i:type="Material"><Attributes><Attribute z:Id="i91"><AttributeType>name</AttributeType><IsRequired>true</IsRequired><Value i:type="a:string" xmlns:a="http://www.w3.org/2001/XMLSchema"/></Attribute></Attributes><ChildElements><URDFElement z:Id="i92" i:type="Color"><Attributes><Attribute z:Id="i93"><AttributeType>rgba</AttributeType><IsRequired>true</IsRequired><Value i:type="a:ArrayOfdouble" xmlns:a="http://schemas.microsoft.com/2003/10/Serialization/Arrays"><a:double>0.64313725490196072</a:double><a:double>0.615686274509804</a:double><a:double>0.6</a:double><a:double>1</a:double></Value></Attribute></Attributes><ChildElements/><ElementName>color</ElementName><required>false</required><RGBAAttribute z:Ref="i93"/></URDFElement><URDFElement z:Id="i94" i:type="Texture"><Attributes><Attribute z:Id="i95"><AttributeType>filename</AttributeType><IsRequired>true</IsRequired><Value i:nil="true"/></Attribute></Attributes><ChildElements/><ElementName>texture</ElementName><required>false</required><FilenameAttribute z:Ref="i95"/><wFilename/></URDFElement></ChildElements><ElementName>material</ElementName><required>false</required><Color z:Ref="i92"/><NameAttribute z:Ref="i91"/><Texture z:Ref="i94"/></URDFElement></ChildElements><ElementName>visual</ElementName><required>false</required><Geometry z:Ref="i87"/><Material z:Ref="i90"/><Origin z:Ref="i84"/></URDFElement><URDFElement z:Id="i96" i:type="Collision"><Attributes/><ChildElements><URDFElement z:Id="i97" i:type="Origin"><Attributes><Attribute z:Id="i98"><AttributeType>xyz</AttributeType><IsRequired>true</IsRequired><Value i:type="a:ArrayOfdouble" xmlns:a="http://schemas.microsoft.com/2003/10/Serialization/Arrays"><a:double>0</a:double><a:double>0</a:double><a:double>0</a:double></Value></Attribute><Attribute z:Id="i99"><AttributeType>rpy</AttributeType><IsRequired>true</IsRequired><Value i:type="a:ArrayOfdouble" xmlns:a="http://schemas.microsoft.com/2003/10/Serialization/Arrays"><a:double>0</a:double><a:double>0</a:double><a:double>0</a:double></Value></Attribute></Attributes><ChildElements/><ElementName>origin</ElementName><required>false</required><RPYAttribute z:Ref="i99"/><XYZAttribute z:Ref="i98"/><isCustomized>false</isCustomized></URDFElement><URDFElement z:Id="i100" i:type="Geometry"><Attributes/><ChildElements><URDFElement z:Id="i101" i:type="Mesh"><Attributes><Attribute z:Id="i102"><AttributeType>filename</AttributeType><IsRequired>true</IsRequired><Value i:nil="true"/></Attribute></Attributes><ChildElements/><ElementName>mesh</ElementName><required>false</required><FilenameAttribute z:Ref="i102"/></URDFElement></ChildElements><ElementName>geometry</ElementName><required>true</required><Mesh z:Ref="i101"/></URDFElement></ChildElements><ElementName>collision</ElementName><required>false</required><Geometry z:Ref="i100"/><Origin z:Ref="i97"/></URDFElement><URDFElement z:Id="i103" i:type="Joint"><Attributes><Attribute z:Id="i104"><AttributeType>name</AttributeType><IsRequired>true</IsRequired><Value i:type="a:string" xmlns:a="http://www.w3.org/2001/XMLSchema">FL_hip_joint</Value></Attribute><Attribute z:Id="i105"><AttributeType>type</AttributeType><IsRequired>true</IsRequired><Value i:type="a:string" xmlns:a="http://www.w3.org/2001/XMLSchema">revolute</Value></Attribute></Attributes><ChildElements><URDFElement z:Id="i106" i:type="Origin"><Attributes><Attribute z:Id="i107"><AttributeType>xyz</AttributeType><IsRequired>true</IsRequired><Value i:type="a:ArrayOfdouble" xmlns:a="http://schemas.microsoft.com/2003/10/Serialization/Arrays"><a:double>0.1366</a:double><a:double>0.065</a:double><a:double>0</a:double></Value></Attribute><Attribute z:Id="i108"><AttributeType>rpy</AttributeType><IsRequired>true</IsRequired><Value i:type="a:ArrayOfdouble" xmlns:a="http://schemas.microsoft.com/2003/10/Serialization/Arrays"><a:double>0</a:double><a:double>0</a:double><a:double>0</a:double></Value></Attribute></Attributes><ChildElements/><ElementName>origin</ElementName><required>false</required><RPYAttribute z:Ref="i108"/><XYZAttribute z:Ref="i107"/><isCustomized>false</isCustomized></URDFElement><URDFElement z:Id="i109" i:type="ParentLink"><Attributes><Attribute z:Id="i110"><AttributeType>link</AttributeType><IsRequired>true</IsRequired><Value i:type="a:string" xmlns:a="http://www.w3.org/2001/XMLSchema">base</Value></Attribute></Attributes><ChildElements/><ElementName>parent</ElementName><required>true</required><NameAttribute z:Ref="i110"/></URDFElement><URDFElement z:Id="i111" i:type="ChildLink"><Attributes><Attribute z:Id="i112"><AttributeType>link</AttributeType><IsRequired>true</IsRequired><Value i:type="a:string" xmlns:a="http://www.w3.org/2001/XMLSchema">FL_hip</Value></Attribute></Attributes><ChildElements/><ElementName>child</ElementName><required>true</required><NameAttribute z:Ref="i112"/></URDFElement><URDFElement z:Id="i113" i:type="Axis"><Attributes><Attribute z:Id="i114"><AttributeType>xyz</AttributeType><IsRequired>true</IsRequired><Value i:type="a:ArrayOfdouble" xmlns:a="http://schemas.microsoft.com/2003/10/Serialization/Arrays"><a:double>-1</a:double><a:double>0</a:double><a:double>0</a:double></Value></Attribute></Attributes><ChildElements/><ElementName>axis</ElementName><required>false</required><XYZAttribute z:Ref="i114"/></URDFElement><URDFElement z:Id="i115" i:type="Limit"><Attributes><Attribute z:Id="i116"><AttributeType>lower</AttributeType><IsRequired>true</IsRequired><Value i:type="a:double" xmlns:a="http://www.w3.org/2001/XMLSchema">0</Value></Attribute><Attribute z:Id="i117"><AttributeType>upper</AttributeType><IsRequired>true</IsRequired><Value i:type="a:double" xmlns:a="http://www.w3.org/2001/XMLSchema">0</Value></Attribute><Attribute z:Id="i118"><AttributeType>effort</AttributeType><IsRequired>true</IsRequired><Value i:type="a:double" xmlns:a="http://www.w3.org/2001/XMLSchema">0</Value></Attribute><Attribute z:Id="i119"><AttributeType>velocity</AttributeType><IsRequired>true</IsRequired><Value i:type="a:double" xmlns:a="http://www.w3.org/2001/XMLSchema">0</Value></Attribute></Attributes><ChildElements/><ElementName>limit</ElementName><required>true</required><EffortAttribute z:Ref="i118"/><LowerAttribute z:Ref="i116"/><UpperAttribute z:Ref="i117"/><VelocityAttribute z:Ref="i119"/></URDFElement><URDFElement z:Id="i120" i:type="Calibration"><Attributes><Attribute z:Id="i121"><AttributeType>rising</AttributeType><IsRequired>false</IsRequired><Value i:nil="true"/></Attribute><Attribute z:Id="i122"><AttributeType>falling</AttributeType><IsRequired>false</IsRequired><Value i:nil="true"/></Attribute></Attributes><ChildElements/><ElementName>calibration</ElementName><required>false</required><FallingAttribute z:Ref="i122"/><RisingAttribute z:Ref="i121"/></URDFElement><URDFElement z:Id="i123" i:type="Dynamics"><Attributes><Attribute z:Id="i124"><AttributeType>damping</AttributeType><IsRequired>false</IsRequired><Value i:nil="true"/></Attribute><Attribute z:Id="i125"><AttributeType>friction</AttributeType><IsRequired>false</IsRequired><Value i:nil="true"/></Attribute></Attributes><ChildElements/><ElementName>dynamics</ElementName><required>false</required><DampingAttribute z:Ref="i124"/><FrictionAttribute z:Ref="i125"/></URDFElement><URDFElement z:Id="i126" i:type="SafetyController"><Attributes><Attribute z:Id="i127"><AttributeType>soft_upper_limit</AttributeType><IsRequired>false</IsRequired><Value i:nil="true"/></Attribute><Attribute z:Id="i128"><AttributeType>soft_lower_limit</AttributeType><IsRequired>false</IsRequired><Value i:nil="true"/></Attribute><Attribute z:Id="i129"><AttributeType>k_position</AttributeType><IsRequired>false</IsRequired><Value i:nil="true"/></Attribute><Attribute z:Id="i130"><AttributeType>k_velocity</AttributeType><IsRequired>true</IsRequired><Value i:nil="true"/></Attribute></Attributes><ChildElements/><ElementName>safety_controller</ElementName><required>false</required><KPositionAttribute z:Ref="i129"/><KVelocityAttribute z:Ref="i130"/><SoftLowerAttribute z:Ref="i128"/><SoftUpperAttribute z:Ref="i127"/></URDFElement><URDFElement z:Id="i131" i:type="Mimic"><Attributes><Attribute z:Id="i132"><AttributeType>joint</AttributeType><IsRequired>true</IsRequired><Value i:nil="true"/></Attribute><Attribute z:Id="i133"><AttributeType>multiplier</AttributeType><IsRequired>false</IsRequired><Value i:nil="true"/></Attribute><Attribute z:Id="i134"><AttributeType>offset</AttributeType><IsRequired>false</IsRequired><Value i:nil="true"/></Attribute></Attributes><ChildElements/><ElementName>mimic</ElementName><required>false</required><JointNameAttribute z:Ref="i132"/><MultiplierAttribute z:Ref="i133"/><OffsetAttribute z:Ref="i134"/></URDFElement></ChildElements><ElementName>joint</ElementName><required>false</required><Axis z:Ref="i113"/><AxisName>FL_hip_axis</AxisName><Calibration z:Ref="i120"/><Child z:Ref="i111"/><CoordinateSystemName>FL_hip_Coordinate System</CoordinateSystemName><Dynamics z:Ref="i123"/><Limit z:Ref="i115"/><Mimic z:Ref="i131"/><NameAttribute z:Ref="i104"/><Origin z:Ref="i106"/><Parent z:Ref="i109"/><Safety z:Ref="i126"/><TypeAttribute z:Ref="i105"/></URDFElement></ChildElements><ElementName>link</ElementName><required>true</required><Children><Link z:Id="i135"><Attributes><Attribute z:Id="i136"><AttributeType>name</AttributeType><IsRequired>true</IsRequired><Value i:type="a:string" xmlns:a="http://www.w3.org/2001/XMLSchema">FL_thigh</Value></Attribute></Attributes><ChildElements><URDFElement z:Id="i137" i:type="Inertial"><Attributes/><ChildElements><URDFElement z:Id="i138" i:type="Origin"><Attributes><Attribute z:Id="i139"><AttributeType>xyz</AttributeType><IsRequired>true</IsRequired><Value i:type="a:ArrayOfdouble" xmlns:a="http://schemas.microsoft.com/2003/10/Serialization/Arrays"><a:double>-0.00048967114117282051</a:double><a:double>0.033870013963175044</a:double><a:double>-0.034828071773446587</a:double></Value></Attribute><Attribute z:Id="i140"><AttributeType>rpy</AttributeType><IsRequired>true</IsRequired><Value i:type="a:ArrayOfdouble" xmlns:a="http://schemas.microsoft.com/2003/10/Serialization/Arrays"><a:double>0</a:double><a:double>0</a:double><a:double>0</a:double></Value></Attribute></Attributes><ChildElements/><ElementName>origin</ElementName><required>false</required><RPYAttribute z:Ref="i140"/><XYZAttribute z:Ref="i139"/><isCustomized>false</isCustomized></URDFElement><URDFElement z:Id="i141" i:type="Mass"><Attributes><Attribute z:Id="i142"><AttributeType>value</AttributeType><IsRequired>true</IsRequired><Value i:type="a:double" xmlns:a="http://www.w3.org/2001/XMLSchema">0.76538912651758928</Value></Attribute></Attributes><ChildElements/><ElementName>mass</ElementName><required>false</required><ValueAttribute z:Ref="i142"/></URDFElement><URDFElement z:Id="i143" i:type="Inertia"><Attributes><Attribute z:Id="i144"><AttributeType>ixx</AttributeType><IsRequired>true</IsRequired><Value i:type="a:double" xmlns:a="http://www.w3.org/2001/XMLSchema">0.0027028336264231932</Value></Attribute><Attribute z:Id="i145"><AttributeType>ixy</AttributeType><IsRequired>true</IsRequired><Value i:type="a:double" xmlns:a="http://www.w3.org/2001/XMLSchema">-9.9154137204254043E-07</Value></Attribute><Attribute z:Id="i146"><AttributeType>ixz</AttributeType><IsRequired>true</IsRequired><Value i:type="a:double" xmlns:a="http://www.w3.org/2001/XMLSchema">-5.665273744089049E-05</Value></Attribute><Attribute z:Id="i147"><AttributeType>iyy</AttributeType><IsRequired>true</IsRequired><Value i:type="a:double" xmlns:a="http://www.w3.org/2001/XMLSchema">0.0031617559141558947</Value></Attribute><Attribute z:Id="i148"><AttributeType>iyz</AttributeType><IsRequired>true</IsRequired><Value i:type="a:double" xmlns:a="http://www.w3.org/2001/XMLSchema">8.3981124923250835E-07</Value></Attribute><Attribute z:Id="i149"><AttributeType>izz</AttributeType><IsRequired>true</IsRequired><Value i:type="a:double" xmlns:a="http://www.w3.org/2001/XMLSchema">0.00048255018837609797</Value></Attribute></Attributes><ChildElements/><ElementName>inertia</ElementName><required>false</required><IxxAttribute z:Ref="i144"/><IxyAttribute z:Ref="i145"/><IxzAttribute z:Ref="i146"/><IyyAttribute z:Ref="i147"/><IyzAttribute z:Ref="i148"/><IzzAttribute z:Ref="i149"/></URDFElement></ChildElements><ElementName>inertial</ElementName><required>false</required><Inertia z:Ref="i143"/><Mass z:Ref="i141"/><Origin z:Ref="i138"/></URDFElement><URDFElement z:Id="i150" i:type="Visual"><Attributes/><ChildElements><URDFElement z:Id="i151" i:type="Origin"><Attributes><Attribute z:Id="i152"><AttributeType>xyz</AttributeType><IsRequired>true</IsRequired><Value i:type="a:ArrayOfdouble" xmlns:a="http://schemas.microsoft.com/2003/10/Serialization/Arrays"><a:double>0</a:double><a:double>0</a:double><a:double>0</a:double></Value></Attribute><Attribute z:Id="i153"><AttributeType>rpy</AttributeType><IsRequired>true</IsRequired><Value i:type="a:ArrayOfdouble" xmlns:a="http://schemas.microsoft.com/2003/10/Serialization/Arrays"><a:double>0</a:double><a:double>0</a:double><a:double>0</a:double></Value></Attribute></Attributes><ChildElements/><ElementName>origin</ElementName><required>false</required><RPYAttribute z:Ref="i153"/><XYZAttribute z:Ref="i152"/><isCustomized>false</isCustomized></URDFElement><URDFElement z:Id="i154" i:type="Geometry"><Attributes/><ChildElements><URDFElement z:Id="i155" i:type="Mesh"><Attributes><Attribute z:Id="i156"><AttributeType>filename</AttributeType><IsRequired>true</IsRequired><Value i:nil="true"/></Attribute></Attributes><ChildElements/><ElementName>mesh</ElementName><required>false</required><FilenameAttribute z:Ref="i156"/></URDFElement></ChildElements><ElementName>geometry</ElementName><required>true</required><Mesh z:Ref="i155"/></URDFElement><URDFElement z:Id="i157" i:type="Material"><Attributes><Attribute z:Id="i158"><AttributeType>name</AttributeType><IsRequired>true</IsRequired><Value i:type="a:string" xmlns:a="http://www.w3.org/2001/XMLSchema"/></Attribute></Attributes><ChildElements><URDFElement z:Id="i159" i:type="Color"><Attributes><Attribute z:Id="i160"><AttributeType>rgba</AttributeType><IsRequired>true</IsRequired><Value i:type="a:ArrayOfdouble" xmlns:a="http://schemas.microsoft.com/2003/10/Serialization/Arrays"><a:double>0.64313725490196072</a:double><a:double>0.615686274509804</a:double><a:double>0.6</a:double><a:double>1</a:double></Value></Attribute></Attributes><ChildElements/><ElementName>color</ElementName><required>false</required><RGBAAttribute z:Ref="i160"/></URDFElement><URDFElement z:Id="i161" i:type="Texture"><Attributes><Attribute z:Id="i162"><AttributeType>filename</AttributeType><IsRequired>true</IsRequired><Value i:nil="true"/></Attribute></Attributes><ChildElements/><ElementName>texture</ElementName><required>false</required><FilenameAttribute z:Ref="i162"/><wFilename/></URDFElement></ChildElements><ElementName>material</ElementName><required>false</required><Color z:Ref="i159"/><NameAttribute z:Ref="i158"/><Texture z:Ref="i161"/></URDFElement></ChildElements><ElementName>visual</ElementName><required>false</required><Geometry z:Ref="i154"/><Material z:Ref="i157"/><Origin z:Ref="i151"/></URDFElement><URDFElement z:Id="i163" i:type="Collision"><Attributes/><ChildElements><URDFElement z:Id="i164" i:type="Origin"><Attributes><Attribute z:Id="i165"><AttributeType>xyz</AttributeType><IsRequired>true</IsRequired><Value i:type="a:ArrayOfdouble" xmlns:a="http://schemas.microsoft.com/2003/10/Serialization/Arrays"><a:double>0</a:double><a:double>0</a:double><a:double>0</a:double></Value></Attribute><Attribute z:Id="i166"><AttributeType>rpy</AttributeType><IsRequired>true</IsRequired><Value i:type="a:ArrayOfdouble" xmlns:a="http://schemas.microsoft.com/2003/10/Serialization/Arrays"><a:double>0</a:double><a:double>0</a:double><a:double>0</a:double></Value></Attribute></Attributes><ChildElements/><ElementName>origin</ElementName><required>false</required><RPYAttribute z:Ref="i166"/><XYZAttribute z:Ref="i165"/><isCustomized>false</isCustomized></URDFElement><URDFElement z:Id="i167" i:type="Geometry"><Attributes/><ChildElements><URDFElement z:Id="i168" i:type="Mesh"><Attributes><Attribute z:Id="i169"><AttributeType>filename</AttributeType><IsRequired>true</IsRequired><Value i:nil="true"/></Attribute></Attributes><ChildElements/><ElementName>mesh</ElementName><required>false</required><FilenameAttribute z:Ref="i169"/></URDFElement></ChildElements><ElementName>geometry</ElementName><required>true</required><Mesh z:Ref="i168"/></URDFElement></ChildElements><ElementName>collision</ElementName><required>false</required><Geometry z:Ref="i167"/><Origin z:Ref="i164"/></URDFElement><URDFElement z:Id="i170" i:type="Joint"><Attributes><Attribute z:Id="i171"><AttributeType>name</AttributeType><IsRequired>true</IsRequired><Value i:type="a:string" xmlns:a="http://www.w3.org/2001/XMLSchema">FL_thigh_joint</Value></Attribute><Attribute z:Id="i172"><AttributeType>type</AttributeType><IsRequired>true</IsRequired><Value i:type="a:string" xmlns:a="http://www.w3.org/2001/XMLSchema">revolute</Value></Attribute></Attributes><ChildElements><URDFElement z:Id="i173" i:type="Origin"><Attributes><Attribute z:Id="i174"><AttributeType>xyz</AttributeType><IsRequired>true</IsRequired><Value i:type="a:ArrayOfdouble" xmlns:a="http://schemas.microsoft.com/2003/10/Serialization/Arrays"><a:double>0.05825</a:double><a:double>0.0186</a:double><a:double>0</a:double></Value></Attribute><Attribute z:Id="i175"><AttributeType>rpy</AttributeType><IsRequired>true</IsRequired><Value i:type="a:ArrayOfdouble" xmlns:a="http://schemas.microsoft.com/2003/10/Serialization/Arrays"><a:double>0</a:double><a:double>0</a:double><a:double>0</a:double></Value></Attribute></Attributes><ChildElements/><ElementName>origin</ElementName><required>false</required><RPYAttribute z:Ref="i175"/><XYZAttribute z:Ref="i174"/><isCustomized>false</isCustomized></URDFElement><URDFElement z:Id="i176" i:type="ParentLink"><Attributes><Attribute z:Id="i177"><AttributeType>link</AttributeType><IsRequired>true</IsRequired><Value i:type="a:string" xmlns:a="http://www.w3.org/2001/XMLSchema">FL_hip</Value></Attribute></Attributes><ChildElements/><ElementName>parent</ElementName><required>true</required><NameAttribute z:Ref="i177"/></URDFElement><URDFElement z:Id="i178" i:type="ChildLink"><Attributes><Attribute z:Id="i179"><AttributeType>link</AttributeType><IsRequired>true</IsRequired><Value i:type="a:string" xmlns:a="http://www.w3.org/2001/XMLSchema">FL_thigh</Value></Attribute></Attributes><ChildElements/><ElementName>child</ElementName><required>true</required><NameAttribute z:Ref="i179"/></URDFElement><URDFElement z:Id="i180" i:type="Axis"><Attributes><Attribute z:Id="i181"><AttributeType>xyz</AttributeType><IsRequired>true</IsRequired><Value i:type="a:ArrayOfdouble" xmlns:a="http://schemas.microsoft.com/2003/10/Serialization/Arrays"><a:double>0</a:double><a:double>1</a:double><a:double>0</a:double></Value></Attribute></Attributes><ChildElements/><ElementName>axis</ElementName><required>false</required><XYZAttribute z:Ref="i181"/></URDFElement><URDFElement z:Id="i182" i:type="Limit"><Attributes><Attribute z:Id="i183"><AttributeType>lower</AttributeType><IsRequired>true</IsRequired><Value i:type="a:double" xmlns:a="http://www.w3.org/2001/XMLSchema">0</Value></Attribute><Attribute z:Id="i184"><AttributeType>upper</AttributeType><IsRequired>true</IsRequired><Value i:type="a:double" xmlns:a="http://www.w3.org/2001/XMLSchema">0</Value></Attribute><Attribute z:Id="i185"><AttributeType>effort</AttributeType><IsRequired>true</IsRequired><Value i:type="a:double" xmlns:a="http://www.w3.org/2001/XMLSchema">0</Value></Attribute><Attribute z:Id="i186"><AttributeType>velocity</AttributeType><IsRequired>true</IsRequired><Value i:type="a:double" xmlns:a="http://www.w3.org/2001/XMLSchema">0</Value></Attribute></Attributes><ChildElements/><ElementName>limit</ElementName><required>true</required><EffortAttribute z:Ref="i185"/><LowerAttribute z:Ref="i183"/><UpperAttribute z:Ref="i184"/><VelocityAttribute z:Ref="i186"/></URDFElement><URDFElement z:Id="i187" i:type="Calibration"><Attributes><Attribute z:Id="i188"><AttributeType>rising</AttributeType><IsRequired>false</IsRequired><Value i:nil="true"/></Attribute><Attribute z:Id="i189"><AttributeType>falling</AttributeType><IsRequired>false</IsRequired><Value i:nil="true"/></Attribute></Attributes><ChildElements/><ElementName>calibration</ElementName><required>false</required><FallingAttribute z:Ref="i189"/><RisingAttribute z:Ref="i188"/></URDFElement><URDFElement z:Id="i190" i:type="Dynamics"><Attributes><Attribute z:Id="i191"><AttributeType>damping</AttributeType><IsRequired>false</IsRequired><Value i:nil="true"/></Attribute><Attribute z:Id="i192"><AttributeType>friction</AttributeType><IsRequired>false</IsRequired><Value i:nil="true"/></Attribute></Attributes><ChildElements/><ElementName>dynamics</ElementName><required>false</required><DampingAttribute z:Ref="i191"/><FrictionAttribute z:Ref="i192"/></URDFElement><URDFElement z:Id="i193" i:type="SafetyController"><Attributes><Attribute z:Id="i194"><AttributeType>soft_upper_limit</AttributeType><IsRequired>false</IsRequired><Value i:nil="true"/></Attribute><Attribute z:Id="i195"><AttributeType>soft_lower_limit</AttributeType><IsRequired>false</IsRequired><Value i:nil="true"/></Attribute><Attribute z:Id="i196"><AttributeType>k_position</AttributeType><IsRequired>false</IsRequired><Value i:nil="true"/></Attribute><Attribute z:Id="i197"><AttributeType>k_velocity</AttributeType><IsRequired>true</IsRequired><Value i:nil="true"/></Attribute></Attributes><ChildElements/><ElementName>safety_controller</ElementName><required>false</required><KPositionAttribute z:Ref="i196"/><KVelocityAttribute z:Ref="i197"/><SoftLowerAttribute z:Ref="i195"/><SoftUpperAttribute z:Ref="i194"/></URDFElement><URDFElement z:Id="i198" i:type="Mimic"><Attributes><Attribute z:Id="i199"><AttributeType>joint</AttributeType><IsRequired>true</IsRequired><Value i:nil="true"/></Attribute><Attribute z:Id="i200"><AttributeType>multiplier</AttributeType><IsRequired>false</IsRequired><Value i:nil="true"/></Attribute><Attribute z:Id="i201"><AttributeType>offset</AttributeType><IsRequired>false</IsRequired><Value i:nil="true"/></Attribute></Attributes><ChildElements/><ElementName>mimic</ElementName><required>false</required><JointNameAttribute z:Ref="i199"/><MultiplierAttribute z:Ref="i200"/><OffsetAttribute z:Ref="i201"/></URDFElement></ChildElements><ElementName>joint</ElementName><required>false</required><Axis z:Ref="i180"/><AxisName>FL_thigh_axis</AxisName><Calibration z:Ref="i187"/><Child z:Ref="i178"/><CoordinateSystemName>FL_thigh_Coordinate System</CoordinateSystemName><Dynamics z:Ref="i190"/><Limit z:Ref="i182"/><Mimic z:Ref="i198"/><NameAttribute z:Ref="i171"/><Origin z:Ref="i173"/><Parent z:Ref="i176"/><Safety z:Ref="i193"/><TypeAttribute z:Ref="i172"/></URDFElement></ChildElements><ElementName>link</ElementName><required>true</required><Children><Link z:Id="i202"><Attributes><Attribute z:Id="i203"><AttributeType>name</AttributeType><IsRequired>true</IsRequired><Value i:type="a:string" xmlns:a="http://www.w3.org/2001/XMLSchema">FL_calf</Value></Attribute></Attributes><ChildElements><URDFElement z:Id="i204" i:type="Inertial"><Attributes/><ChildElements><URDFElement z:Id="i205" i:type="Origin"><Attributes><Attribute z:Id="i206"><AttributeType>xyz</AttributeType><IsRequired>true</IsRequired><Value i:type="a:ArrayOfdouble" xmlns:a="http://schemas.microsoft.com/2003/10/Serialization/Arrays"><a:double>0.0063129932843734582</a:double><a:double>-2.4496200631884957E-05</a:double><a:double>-0.091768654493874391</a:double></Value></Attribute><Attribute z:Id="i207"><AttributeType>rpy</AttributeType><IsRequired>true</IsRequired><Value i:type="a:ArrayOfdouble" xmlns:a="http://schemas.microsoft.com/2003/10/Serialization/Arrays"><a:double>0</a:double><a:double>0</a:double><a:double>0</a:double></Value></Attribute></Attributes><ChildElements/><ElementName>origin</ElementName><required>false</required><RPYAttribute z:Ref="i207"/><XYZAttribute z:Ref="i206"/><isCustomized>false</isCustomized></URDFElement><URDFElement z:Id="i208" i:type="Mass"><Attributes><Attribute z:Id="i209"><AttributeType>value</AttributeType><IsRequired>true</IsRequired><Value i:type="a:double" xmlns:a="http://www.w3.org/2001/XMLSchema">0.24779927634993065</Value></Attribute></Attributes><ChildElements/><ElementName>mass</ElementName><required>false</required><ValueAttribute z:Ref="i209"/></URDFElement><URDFElement z:Id="i210" i:type="Inertia"><Attributes><Attribute z:Id="i211"><AttributeType>ixx</AttributeType><IsRequired>true</IsRequired><Value i:type="a:double" xmlns:a="http://www.w3.org/2001/XMLSchema">0.00055936945050888366</Value></Attribute><Attribute z:Id="i212"><AttributeType>ixy</AttributeType><IsRequired>true</IsRequired><Value i:type="a:double" xmlns:a="http://www.w3.org/2001/XMLSchema">7.2776729077110214E-09</Value></Attribute><Attribute z:Id="i213"><AttributeType>ixz</AttributeType><IsRequired>true</IsRequired><Value i:type="a:double" xmlns:a="http://www.w3.org/2001/XMLSchema">3.1927590651445628E-05</Value></Attribute><Attribute z:Id="i214"><AttributeType>iyy</AttributeType><IsRequired>true</IsRequired><Value i:type="a:double" xmlns:a="http://www.w3.org/2001/XMLSchema">0.00057994341943448386</Value></Attribute><Attribute z:Id="i215"><AttributeType>iyz</AttributeType><IsRequired>true</IsRequired><Value i:type="a:double" xmlns:a="http://www.w3.org/2001/XMLSchema">5.9037738839967744E-08</Value></Attribute><Attribute z:Id="i216"><AttributeType>izz</AttributeType><IsRequired>true</IsRequired><Value i:type="a:double" xmlns:a="http://www.w3.org/2001/XMLSchema">2.4933612463864248E-05</Value></Attribute></Attributes><ChildElements/><ElementName>inertia</ElementName><required>false</required><IxxAttribute z:Ref="i211"/><IxyAttribute z:Ref="i212"/><IxzAttribute z:Ref="i213"/><IyyAttribute z:Ref="i214"/><IyzAttribute z:Ref="i215"/><IzzAttribute z:Ref="i216"/></URDFElement></ChildElements><ElementName>inertial</ElementName><required>false</required><Inertia z:Ref="i210"/><Mass z:Ref="i208"/><Origin z:Ref="i205"/></URDFElement><URDFElement z:Id="i217" i:type="Visual"><Attributes/><ChildElements><URDFElement z:Id="i218" i:type="Origin"><Attributes><Attribute z:Id="i219"><AttributeType>xyz</AttributeType><IsRequired>true</IsRequired><Value i:type="a:ArrayOfdouble" xmlns:a="http://schemas.microsoft.com/2003/10/Serialization/Arrays"><a:double>0</a:double><a:double>0</a:double><a:double>0</a:double></Value></Attribute><Attribute z:Id="i220"><AttributeType>rpy</AttributeType><IsRequired>true</IsRequired><Value i:type="a:ArrayOfdouble" xmlns:a="http://schemas.microsoft.com/2003/10/Serialization/Arrays"><a:double>0</a:double><a:double>0</a:double><a:double>0</a:double></Value></Attribute></Attributes><ChildElements/><ElementName>origin</ElementName><required>false</required><RPYAttribute z:Ref="i220"/><XYZAttribute z:Ref="i219"/><isCustomized>false</isCustomized></URDFElement><URDFElement z:Id="i221" i:type="Geometry"><Attributes/><ChildElements><URDFElement z:Id="i222" i:type="Mesh"><Attributes><Attribute z:Id="i223"><AttributeType>filename</AttributeType><IsRequired>true</IsRequired><Value i:nil="true"/></Attribute></Attributes><ChildElements/><ElementName>mesh</ElementName><required>false</required><FilenameAttribute z:Ref="i223"/></URDFElement></ChildElements><ElementName>geometry</ElementName><required>true</required><Mesh z:Ref="i222"/></URDFElement><URDFElement z:Id="i224" i:type="Material"><Attributes><Attribute z:Id="i225"><AttributeType>name</AttributeType><IsRequired>true</IsRequired><Value i:type="a:string" xmlns:a="http://www.w3.org/2001/XMLSchema"/></Attribute></Attributes><ChildElements><URDFElement z:Id="i226" i:type="Color"><Attributes><Attribute z:Id="i227"><AttributeType>rgba</AttributeType><IsRequired>true</IsRequired><Value i:type="a:ArrayOfdouble" xmlns:a="http://schemas.microsoft.com/2003/10/Serialization/Arrays"><a:double>0.89803921568627454</a:double><a:double>0.91764705882352937</a:double><a:double>0.92941176470588238</a:double><a:double>1</a:double></Value></Attribute></Attributes><ChildElements/><ElementName>color</ElementName><required>false</required><RGBAAttribute z:Ref="i227"/></URDFElement><URDFElement z:Id="i228" i:type="Texture"><Attributes><Attribute z:Id="i229"><AttributeType>filename</AttributeType><IsRequired>true</IsRequired><Value i:nil="true"/></Attribute></Attributes><ChildElements/><ElementName>texture</ElementName><required>false</required><FilenameAttribute z:Ref="i229"/><wFilename/></URDFElement></ChildElements><ElementName>material</ElementName><required>false</required><Color z:Ref="i226"/><NameAttribute z:Ref="i225"/><Texture z:Ref="i228"/></URDFElement></ChildElements><ElementName>visual</ElementName><required>false</required><Geometry z:Ref="i221"/><Material z:Ref="i224"/><Origin z:Ref="i218"/></URDFElement><URDFElement z:Id="i230" i:type="Collision"><Attributes/><ChildElements><URDFElement z:Id="i231" i:type="Origin"><Attributes><Attribute z:Id="i232"><AttributeType>xyz</AttributeType><IsRequired>true</IsRequired><Value i:type="a:ArrayOfdouble" xmlns:a="http://schemas.microsoft.com/2003/10/Serialization/Arrays"><a:double>0</a:double><a:double>0</a:double><a:double>0</a:double></Value></Attribute><Attribute z:Id="i233"><AttributeType>rpy</AttributeType><IsRequired>true</IsRequired><Value i:type="a:ArrayOfdouble" xmlns:a="http://schemas.microsoft.com/2003/10/Serialization/Arrays"><a:double>0</a:double><a:double>0</a:double><a:double>0</a:double></Value></Attribute></Attributes><ChildElements/><ElementName>origin</ElementName><required>false</required><RPYAttribute z:Ref="i233"/><XYZAttribute z:Ref="i232"/><isCustomized>false</isCustomized></URDFElement><URDFElement z:Id="i234" i:type="Geometry"><Attributes/><ChildElements><URDFElement z:Id="i235" i:type="Mesh"><Attributes><Attribute z:Id="i236"><AttributeType>filename</AttributeType><IsRequired>true</IsRequired><Value i:nil="true"/></Attribute></Attributes><ChildElements/><ElementName>mesh</ElementName><required>false</required><FilenameAttribute z:Ref="i236"/></URDFElement></ChildElements><ElementName>geometry</ElementName><required>true</required><Mesh z:Ref="i235"/></URDFElement></ChildElements><ElementName>collision</ElementName><required>false</required><Geometry z:Ref="i234"/><Origin z:Ref="i231"/></URDFElement><URDFElement z:Id="i237" i:type="Joint"><Attributes><Attribute z:Id="i238"><AttributeType>name</AttributeType><IsRequired>true</IsRequired><Value i:type="a:string" xmlns:a="http://www.w3.org/2001/XMLSchema">FL_calf_joint</Value></Attribute><Attribute z:Id="i239"><AttributeType>type</AttributeType><IsRequired>true</IsRequired><Value i:type="a:string" xmlns:a="http://www.w3.org/2001/XMLSchema">revolute</Value></Attribute></Attributes><ChildElements><URDFElement z:Id="i240" i:type="Origin"><Attributes><Attribute z:Id="i241"><AttributeType>xyz</AttributeType><IsRequired>true</IsRequired><Value i:type="a:ArrayOfdouble" xmlns:a="http://schemas.microsoft.com/2003/10/Serialization/Arrays"><a:double>0</a:double><a:double>0.0572</a:double><a:double>-0.21</a:double></Value></Attribute><Attribute z:Id="i242"><AttributeType>rpy</AttributeType><IsRequired>true</IsRequired><Value i:type="a:ArrayOfdouble" xmlns:a="http://schemas.microsoft.com/2003/10/Serialization/Arrays"><a:double>0</a:double><a:double>0</a:double><a:double>0</a:double></Value></Attribute></Attributes><ChildElements/><ElementName>origin</ElementName><required>false</required><RPYAttribute z:Ref="i242"/><XYZAttribute z:Ref="i241"/><isCustomized>false</isCustomized></URDFElement><URDFElement z:Id="i243" i:type="ParentLink"><Attributes><Attribute z:Id="i244"><AttributeType>link</AttributeType><IsRequired>true</IsRequired><Value i:type="a:string" xmlns:a="http://www.w3.org/2001/XMLSchema">FL_thigh</Value></Attribute></Attributes><ChildElements/><ElementName>parent</ElementName><required>true</required><NameAttribute z:Ref="i244"/></URDFElement><URDFElement z:Id="i245" i:type="ChildLink"><Attributes><Attribute z:Id="i246"><AttributeType>link</AttributeType><IsRequired>true</IsRequired><Value i:type="a:string" xmlns:a="http://www.w3.org/2001/XMLSchema">FL_calf</Value></Attribute></Attributes><ChildElements/><ElementName>child</ElementName><required>true</required><NameAttribute z:Ref="i246"/></URDFElement><URDFElement z:Id="i247" i:type="Axis"><Attributes><Attribute z:Id="i248"><AttributeType>xyz</AttributeType><IsRequired>true</IsRequired><Value i:type="a:ArrayOfdouble" xmlns:a="http://schemas.microsoft.com/2003/10/Serialization/Arrays"><a:double>0</a:double><a:double>1</a:double><a:double>0</a:double></Value></Attribute></Attributes><ChildElements/><ElementName>axis</ElementName><required>false</required><XYZAttribute z:Ref="i248"/></URDFElement><URDFElement z:Id="i249" i:type="Limit"><Attributes><Attribute z:Id="i250"><AttributeType>lower</AttributeType><IsRequired>true</IsRequired><Value i:type="a:double" xmlns:a="http://www.w3.org/2001/XMLSchema">0</Value></Attribute><Attribute z:Id="i251"><AttributeType>upper</AttributeType><IsRequired>true</IsRequired><Value i:type="a:double" xmlns:a="http://www.w3.org/2001/XMLSchema">0</Value></Attribute><Attribute z:Id="i252"><AttributeType>effort</AttributeType><IsRequired>true</IsRequired><Value i:type="a:double" xmlns:a="http://www.w3.org/2001/XMLSchema">0</Value></Attribute><Attribute z:Id="i253"><AttributeType>velocity</AttributeType><IsRequired>true</IsRequired><Value i:type="a:double" xmlns:a="http://www.w3.org/2001/XMLSchema">0</Value></Attribute></Attributes><ChildElements/><ElementName>limit</ElementName><required>true</required><EffortAttribute z:Ref="i252"/><LowerAttribute z:Ref="i250"/><UpperAttribute z:Ref="i251"/><VelocityAttribute z:Ref="i253"/></URDFElement><URDFElement z:Id="i254" i:type="Calibration"><Attributes><Attribute z:Id="i255"><AttributeType>rising</AttributeType><IsRequired>false</IsRequired><Value i:nil="true"/></Attribute><Attribute z:Id="i256"><AttributeType>falling</AttributeType><IsRequired>false</IsRequired><Value i:nil="true"/></Attribute></Attributes><ChildElements/><ElementName>calibration</ElementName><required>false</required><FallingAttribute z:Ref="i256"/><RisingAttribute z:Ref="i255"/></URDFElement><URDFElement z:Id="i257" i:type="Dynamics"><Attributes><Attribute z:Id="i258"><AttributeType>damping</AttributeType><IsRequired>false</IsRequired><Value i:nil="true"/></Attribute><Attribute z:Id="i259"><AttributeType>friction</AttributeType><IsRequired>false</IsRequired><Value i:nil="true"/></Attribute></Attributes><ChildElements/><ElementName>dynamics</ElementName><required>false</required><DampingAttribute z:Ref="i258"/><FrictionAttribute z:Ref="i259"/></URDFElement><URDFElement z:Id="i260" i:type="SafetyController"><Attributes><Attribute z:Id="i261"><AttributeType>soft_upper_limit</AttributeType><IsRequired>false</IsRequired><Value i:nil="true"/></Attribute><Attribute z:Id="i262"><AttributeType>soft_lower_limit</AttributeType><IsRequired>false</IsRequired><Value i:nil="true"/></Attribute><Attribute z:Id="i263"><AttributeType>k_position</AttributeType><IsRequired>false</IsRequired><Value i:nil="true"/></Attribute><Attribute z:Id="i264"><AttributeType>k_velocity</AttributeType><IsRequired>true</IsRequired><Value i:nil="true"/></Attribute></Attributes><ChildElements/><ElementName>safety_controller</ElementName><required>false</required><KPositionAttribute z:Ref="i263"/><KVelocityAttribute z:Ref="i264"/><SoftLowerAttribute z:Ref="i262"/><SoftUpperAttribute z:Ref="i261"/></URDFElement><URDFElement z:Id="i265" i:type="Mimic"><Attributes><Attribute z:Id="i266"><AttributeType>joint</AttributeType><IsRequired>true</IsRequired><Value i:nil="true"/></Attribute><Attribute z:Id="i267"><AttributeType>multiplier</AttributeType><IsRequired>false</IsRequired><Value i:nil="true"/></Attribute><Attribute z:Id="i268"><AttributeType>offset</AttributeType><IsRequired>false</IsRequired><Value i:nil="true"/></Attribute></Attributes><ChildElements/><ElementName>mimic</ElementName><required>false</required><JointNameAttribute z:Ref="i266"/><MultiplierAttribute z:Ref="i267"/><OffsetAttribute z:Ref="i268"/></URDFElement></ChildElements><ElementName>joint</ElementName><required>false</required><Axis z:Ref="i247"/><AxisName>FL_calf_axis</AxisName><Calibration z:Ref="i254"/><Child z:Ref="i245"/><CoordinateSystemName>FL_calf_Coordinate System</CoordinateSystemName><Dynamics z:Ref="i257"/><Limit z:Ref="i249"/><Mimic z:Ref="i265"/><NameAttribute z:Ref="i238"/><Origin z:Ref="i240"/><Parent z:Ref="i243"/><Safety z:Ref="i260"/><TypeAttribute z:Ref="i239"/></URDFElement></ChildElements><ElementName>link</ElementName><required>true</required><Children/><Collision z:Ref="i230"/><Inertial z:Ref="i204"/><Joint z:Ref="i237"/><NameAttribute z:Ref="i203"/><Parent z:Ref="i135"/><STLQualityFine>false</STLQualityFine><SWComponentPIDs xmlns:a="http://schemas.microsoft.com/2003/10/Serialization/Arrays"><a:base64Binary>aEIAAAUAAAD//v8WD1x/gRZZp0/yZr9+LQBclc9QLQA2ADAANgAxAC0ANABAAHRl13LFiE2RU08EAAAAEAAAAAEAAAABAAAANgMAAA==</a:base64Binary><a:base64Binary>aEIAAAUAAAD//v8TD1x/gRZZp0/yZr9+LQA2ADAANgAxAC0ANABAAHRl13LFiE2RU08EAAAAEAAAAAEAAAABAAAANwMAAA==</a:base64Binary><a:base64Binary>aEIAAAUAAAD//v8TD1x/gS1O9JXyZr9+LQA2ADAANgAxAC0ANABAAHRl13LFiE2RU08EAAAAEAAAAAEAAAABAAAANQMAAA==</a:base64Binary><a:base64Binary>aEIAAAUAAAD//v8ND1x/gXCZf2cyAC0AMgBAAHRl13LFiE2RU08EAAAAEAAAAAEAAAABAAAA0QQAAA==</a:base64Binary><a:base64Binary>aEIAAAUAAAD//v8Ns43velNicFP2Ti0ANQBAAHRl13LFiE2RU08EAAAAEAAAAAEAAAABAAAAEQUAAA==</a:base64Binary><a:base64Binary>aEIAAAUAAAD//v8MRXj2gLON73otADQAQAB0ZddyxYhNkVNPBAAAABAAAAABAAAAAQAAAA8FAAA=</a:base64Binary><a:base64Binary>aEIAAAUAAAD//v8ND1x/gXCZf2cxAC0AMgBAAHRl13LFiE2RU08EAAAAEAAAAAEAAAABAAAA0gQAAA==</a:base64Binary></SWComponentPIDs><SWMainComponentPID i:nil="true"/><Visual z:Ref="i217"/><isFixedFrame>false</isFixedFrame><isIncomplete>false</isIncomplete></Link></Children><Collision z:Ref="i163"/><Inertial z:Ref="i137"/><Joint z:Ref="i170"/><NameAttribute z:Ref="i136"/><Parent z:Ref="i68"/><STLQualityFine>false</STLQualityFine><SWComponentPIDs xmlns:a="http://schemas.microsoft.com/2003/10/Serialization/Arrays"><a:base64Binary>aEIAAAUAAAD//v8YRwBPAC0ATQA4ADAAMQAwAC0ANgA1dTpnMwBEACFqi1ctADgAQAB0ZddyxYhNkVNPBAAAABAAAAABAAAAAQAAAOQAAAA=</a:base64Binary><a:base64Binary>aEIAAAUAAAD//v8UJ1l/gYVRp08tADYAMAA2ADEALQDmXadPLQAxAEAAdGXXcsWITZFTTwQAAAAQAAAAAQAAAAEAAAAmAwAA</a:base64Binary><a:base64Binary>aEIAAAUAAAD//v8SJ1l/gVNicFP2Ti0AXJXPUOZdp08tADEAQAB0ZddyxYhNkVNPBAAAABAAAAABAAAAAQAAACoDAAA=</a:base64Binary><a:base64Binary>aEIAAAUAAAD//v8VJ1l/gRZZp08tADYAMAA2ADEALQAzAG0AbQAtADQAQAB0ZddyxYhNkVNPBAAAABAAAAABAAAAAQAAADEDAAA=</a:base64Binary><a:base64Binary>aEIAAAUAAAD//v8YMgAtADMAc1GCgt6PpWP2Ti0ATVLmXS0ANgAwADYAMQAtADEAQAB0ZddyxYhNkVNPBAAAABAAAAABAAAAAQAAAIAEAAA=</a:base64Binary></SWComponentPIDs><SWMainComponentPID i:nil="true"/><Visual z:Ref="i150"/><isFixedFrame>false</isFixedFrame><isIncomplete>false</isIncomplete></Link></Children><Collision z:Ref="i96"/><Inertial z:Ref="i70"/><Joint z:Ref="i103"/><NameAttribute z:Ref="i69"/><Parent z:Ref="i1"/><STLQualityFine>false</STLQualityFine><SWComponentPIDs xmlns:a="http://schemas.microsoft.com/2003/10/Serialization/Arrays"><a:base64Binary>aEIAAAUAAAD//v8YRwBPAC0ATQA4ADAAMQAwAC0ANgA1dTpnMwBEACFqi1ctADkAQAB0ZddyxYhNkVNPBAAAABAAAAABAAAAAQAAAOUAAAA=</a:base64Binary><a:base64Binary>aEIAAAUAAAD//v8Zy5pzUYKC3o+lY/ZOLQBVU2KXLQA2ADAANgAxAC0A5l1NUi0AMQBAAHRl13LFiE2RU08EAAAAEAAAAAEAAAABAAAACgMAAA==</a:base64Binary><a:base64Binary>aEIAAAUAAAD//v8SJ1l/gS0AD1x/gXNRgoJQlk1PV1ctADQAQAB0ZddyxYhNkVNPBAAAABAAAAABAAAAAQAAAJwDAAA=</a:base64Binary></SWComponentPIDs><SWMainComponentPID i:nil="true"/><Visual z:Ref="i83"/><isFixedFrame>false</isFixedFrame><isIncomplete>false</isIncomplete></Link><Link z:Id="i269"><Attributes><Attribute z:Id="i270"><AttributeType>name</AttributeType><IsRequired>true</IsRequired><Value i:type="a:string" xmlns:a="http://www.w3.org/2001/XMLSchema">FR_hip</Value></Attribute></Attributes><ChildElements><URDFElement z:Id="i271" i:type="Inertial"><Attributes/><ChildElements><URDFElement z:Id="i272" i:type="Origin"><Attributes><Attribute z:Id="i273"><AttributeType>xyz</AttributeType><IsRequired>true</IsRequired><Value i:type="a:ArrayOfdouble" xmlns:a="http://schemas.microsoft.com/2003/10/Serialization/Arrays"><a:double>0.04885189479113794</a:double><a:double>-0.0019252547827462579</a:double><a:double>-0.00015510327322228179</a:double></Value></Attribute><Attribute z:Id="i274"><AttributeType>rpy</AttributeType><IsRequired>true</IsRequired><Value i:type="a:ArrayOfdouble" xmlns:a="http://schemas.microsoft.com/2003/10/Serialization/Arrays"><a:double>0</a:double><a:double>0</a:double><a:double>0</a:double></Value></Attribute></Attributes><ChildElements/><ElementName>origin</ElementName><required>false</required><RPYAttribute z:Ref="i274"/><XYZAttribute z:Ref="i273"/><isCustomized>false</isCustomized></URDFElement><URDFElement z:Id="i275" i:type="Mass"><Attributes><Attribute z:Id="i276"><AttributeType>value</AttributeType><IsRequired>true</IsRequired><Value i:type="a:double" xmlns:a="http://www.w3.org/2001/XMLSchema">0.25740792751584635</Value></Attribute></Attributes><ChildElements/><ElementName>mass</ElementName><required>false</required><ValueAttribute z:Ref="i276"/></URDFElement><URDFElement z:Id="i277" i:type="Inertia"><Attributes><Attribute z:Id="i278"><AttributeType>ixx</AttributeType><IsRequired>true</IsRequired><Value i:type="a:double" xmlns:a="http://www.w3.org/2001/XMLSchema">0.00015684681566946061</Value></Attribute><Attribute z:Id="i279"><AttributeType>ixy</AttributeType><IsRequired>true</IsRequired><Value i:type="a:double" xmlns:a="http://www.w3.org/2001/XMLSchema">5.0625823040427207E-06</Value></Attribute><Attribute z:Id="i280"><AttributeType>ixz</AttributeType><IsRequired>true</IsRequired><Value i:type="a:double" xmlns:a="http://www.w3.org/2001/XMLSchema">-1.0604139171245636E-06</Value></Attribute><Attribute z:Id="i281"><AttributeType>iyy</AttributeType><IsRequired>true</IsRequired><Value i:type="a:double" xmlns:a="http://www.w3.org/2001/XMLSchema">0.00027536006261672679</Value></Attribute><Attribute z:Id="i282"><AttributeType>iyz</AttributeType><IsRequired>true</IsRequired><Value i:type="a:double" xmlns:a="http://www.w3.org/2001/XMLSchema">9.3520396944424608E-07</Value></Attribute><Attribute z:Id="i283"><AttributeType>izz</AttributeType><IsRequired>true</IsRequired><Value i:type="a:double" xmlns:a="http://www.w3.org/2001/XMLSchema">0.00014033952573265138</Value></Attribute></Attributes><ChildElements/><ElementName>inertia</ElementName><required>false</required><IxxAttribute z:Ref="i278"/><IxyAttribute z:Ref="i279"/><IxzAttribute z:Ref="i280"/><IyyAttribute z:Ref="i281"/><IyzAttribute z:Ref="i282"/><IzzAttribute z:Ref="i283"/></URDFElement></ChildElements><ElementName>inertial</ElementName><required>false</required><Inertia z:Ref="i277"/><Mass z:Ref="i275"/><Origin z:Ref="i272"/></URDFElement><URDFElement z:Id="i284" i:type="Visual"><Attributes/><ChildElements><URDFElement z:Id="i285" i:type="Origin"><Attributes><Attribute z:Id="i286"><AttributeType>xyz</AttributeType><IsRequired>true</IsRequired><Value i:type="a:ArrayOfdouble" xmlns:a="http://schemas.microsoft.com/2003/10/Serialization/Arrays"><a:double>0</a:double><a:double>0</a:double><a:double>0</a:double></Value></Attribute><Attribute z:Id="i287"><AttributeType>rpy</AttributeType><IsRequired>true</IsRequired><Value i:type="a:ArrayOfdouble" xmlns:a="http://schemas.microsoft.com/2003/10/Serialization/Arrays"><a:double>0</a:double><a:double>0</a:double><a:double>0</a:double></Value></Attribute></Attributes><ChildElements/><ElementName>origin</ElementName><required>false</required><RPYAttribute z:Ref="i287"/><XYZAttribute z:Ref="i286"/><isCustomized>false</isCustomized></URDFElement><URDFElement z:Id="i288" i:type="Geometry"><Attributes/><ChildElements><URDFElement z:Id="i289" i:type="Mesh"><Attributes><Attribute z:Id="i290"><AttributeType>filename</AttributeType><IsRequired>true</IsRequired><Value i:nil="true"/></Attribute></Attributes><ChildElements/><ElementName>mesh</ElementName><required>false</required><FilenameAttribute z:Ref="i290"/></URDFElement></ChildElements><ElementName>geometry</ElementName><required>true</required><Mesh z:Ref="i289"/></URDFElement><URDFElement z:Id="i291" i:type="Material"><Attributes><Attribute z:Id="i292"><AttributeType>name</AttributeType><IsRequired>true</IsRequired><Value i:type="a:string" xmlns:a="http://www.w3.org/2001/XMLSchema"/></Attribute></Attributes><ChildElements><URDFElement z:Id="i293" i:type="Color"><Attributes><Attribute z:Id="i294"><AttributeType>rgba</AttributeType><IsRequired>true</IsRequired><Value i:type="a:ArrayOfdouble" xmlns:a="http://schemas.microsoft.com/2003/10/Serialization/Arrays"><a:double>0.64313725490196072</a:double><a:double>0.615686274509804</a:double><a:double>0.6</a:double><a:double>1</a:double></Value></Attribute></Attributes><ChildElements/><ElementName>color</ElementName><required>false</required><RGBAAttribute z:Ref="i294"/></URDFElement><URDFElement z:Id="i295" i:type="Texture"><Attributes><Attribute z:Id="i296"><AttributeType>filename</AttributeType><IsRequired>true</IsRequired><Value i:nil="true"/></Attribute></Attributes><ChildElements/><ElementName>texture</ElementName><required>false</required><FilenameAttribute z:Ref="i296"/><wFilename/></URDFElement></ChildElements><ElementName>material</ElementName><required>false</required><Color z:Ref="i293"/><NameAttribute z:Ref="i292"/><Texture z:Ref="i295"/></URDFElement></ChildElements><ElementName>visual</ElementName><required>false</required><Geometry z:Ref="i288"/><Material z:Ref="i291"/><Origin z:Ref="i285"/></URDFElement><URDFElement z:Id="i297" i:type="Collision"><Attributes/><ChildElements><URDFElement z:Id="i298" i:type="Origin"><Attributes><Attribute z:Id="i299"><AttributeType>xyz</AttributeType><IsRequired>true</IsRequired><Value i:type="a:ArrayOfdouble" xmlns:a="http://schemas.microsoft.com/2003/10/Serialization/Arrays"><a:double>0</a:double><a:double>0</a:double><a:double>0</a:double></Value></Attribute><Attribute z:Id="i300"><AttributeType>rpy</AttributeType><IsRequired>true</IsRequired><Value i:type="a:ArrayOfdouble" xmlns:a="http://schemas.microsoft.com/2003/10/Serialization/Arrays"><a:double>0</a:double><a:double>0</a:double><a:double>0</a:double></Value></Attribute></Attributes><ChildElements/><ElementName>origin</ElementName><required>false</required><RPYAttribute z:Ref="i300"/><XYZAttribute z:Ref="i299"/><isCustomized>false</isCustomized></URDFElement><URDFElement z:Id="i301" i:type="Geometry"><Attributes/><ChildElements><URDFElement z:Id="i302" i:type="Mesh"><Attributes><Attribute z:Id="i303"><AttributeType>filename</AttributeType><IsRequired>true</IsRequired><Value i:nil="true"/></Attribute></Attributes><ChildElements/><ElementName>mesh</ElementName><required>false</required><FilenameAttribute z:Ref="i303"/></URDFElement></ChildElements><ElementName>geometry</ElementName><required>true</required><Mesh z:Ref="i302"/></URDFElement></ChildElements><ElementName>collision</ElementName><required>false</required><Geometry z:Ref="i301"/><Origin z:Ref="i298"/></URDFElement><URDFElement z:Id="i304" i:type="Joint"><Attributes><Attribute z:Id="i305"><AttributeType>name</AttributeType><IsRequired>true</IsRequired><Value i:type="a:string" xmlns:a="http://www.w3.org/2001/XMLSchema">FR_hip_joint</Value></Attribute><Attribute z:Id="i306"><AttributeType>type</AttributeType><IsRequired>true</IsRequired><Value i:type="a:string" xmlns:a="http://www.w3.org/2001/XMLSchema">revolute</Value></Attribute></Attributes><ChildElements><URDFElement z:Id="i307" i:type="Origin"><Attributes><Attribute z:Id="i308"><AttributeType>xyz</AttributeType><IsRequired>true</IsRequired><Value i:type="a:ArrayOfdouble" xmlns:a="http://schemas.microsoft.com/2003/10/Serialization/Arrays"><a:double>0.1366</a:double><a:double>-0.065</a:double><a:double>0</a:double></Value></Attribute><Attribute z:Id="i309"><AttributeType>rpy</AttributeType><IsRequired>true</IsRequired><Value i:type="a:ArrayOfdouble" xmlns:a="http://schemas.microsoft.com/2003/10/Serialization/Arrays"><a:double>0</a:double><a:double>0</a:double><a:double>0</a:double></Value></Attribute></Attributes><ChildElements/><ElementName>origin</ElementName><required>false</required><RPYAttribute z:Ref="i309"/><XYZAttribute z:Ref="i308"/><isCustomized>false</isCustomized></URDFElement><URDFElement z:Id="i310" i:type="ParentLink"><Attributes><Attribute z:Id="i311"><AttributeType>link</AttributeType><IsRequired>true</IsRequired><Value i:type="a:string" xmlns:a="http://www.w3.org/2001/XMLSchema">base</Value></Attribute></Attributes><ChildElements/><ElementName>parent</ElementName><required>true</required><NameAttribute z:Ref="i311"/></URDFElement><URDFElement z:Id="i312" i:type="ChildLink"><Attributes><Attribute z:Id="i313"><AttributeType>link</AttributeType><IsRequired>true</IsRequired><Value i:type="a:string" xmlns:a="http://www.w3.org/2001/XMLSchema">FR_hip</Value></Attribute></Attributes><ChildElements/><ElementName>child</ElementName><required>true</required><NameAttribute z:Ref="i313"/></URDFElement><URDFElement z:Id="i314" i:type="Axis"><Attributes><Attribute z:Id="i315"><AttributeType>xyz</AttributeType><IsRequired>true</IsRequired><Value i:type="a:ArrayOfdouble" xmlns:a="http://schemas.microsoft.com/2003/10/Serialization/Arrays"><a:double>1</a:double><a:double>0</a:double><a:double>0</a:double></Value></Attribute></Attributes><ChildElements/><ElementName>axis</ElementName><required>false</required><XYZAttribute z:Ref="i315"/></URDFElement><URDFElement z:Id="i316" i:type="Limit"><Attributes><Attribute z:Id="i317"><AttributeType>lower</AttributeType><IsRequired>true</IsRequired><Value i:type="a:double" xmlns:a="http://www.w3.org/2001/XMLSchema">0</Value></Attribute><Attribute z:Id="i318"><AttributeType>upper</AttributeType><IsRequired>true</IsRequired><Value i:type="a:double" xmlns:a="http://www.w3.org/2001/XMLSchema">0</Value></Attribute><Attribute z:Id="i319"><AttributeType>effort</AttributeType><IsRequired>true</IsRequired><Value i:type="a:double" xmlns:a="http://www.w3.org/2001/XMLSchema">0</Value></Attribute><Attribute z:Id="i320"><AttributeType>velocity</AttributeType><IsRequired>true</IsRequired><Value i:type="a:double" xmlns:a="http://www.w3.org/2001/XMLSchema">0</Value></Attribute></Attributes><ChildElements/><ElementName>limit</ElementName><required>true</required><EffortAttribute z:Ref="i319"/><LowerAttribute z:Ref="i317"/><UpperAttribute z:Ref="i318"/><VelocityAttribute z:Ref="i320"/></URDFElement><URDFElement z:Id="i321" i:type="Calibration"><Attributes><Attribute z:Id="i322"><AttributeType>rising</AttributeType><IsRequired>false</IsRequired><Value i:nil="true"/></Attribute><Attribute z:Id="i323"><AttributeType>falling</AttributeType><IsRequired>false</IsRequired><Value i:nil="true"/></Attribute></Attributes><ChildElements/><ElementName>calibration</ElementName><required>false</required><FallingAttribute z:Ref="i323"/><RisingAttribute z:Ref="i322"/></URDFElement><URDFElement z:Id="i324" i:type="Dynamics"><Attributes><Attribute z:Id="i325"><AttributeType>damping</AttributeType><IsRequired>false</IsRequired><Value i:nil="true"/></Attribute><Attribute z:Id="i326"><AttributeType>friction</AttributeType><IsRequired>false</IsRequired><Value i:nil="true"/></Attribute></Attributes><ChildElements/><ElementName>dynamics</ElementName><required>false</required><DampingAttribute z:Ref="i325"/><FrictionAttribute z:Ref="i326"/></URDFElement><URDFElement z:Id="i327" i:type="SafetyController"><Attributes><Attribute z:Id="i328"><AttributeType>soft_upper_limit</AttributeType><IsRequired>false</IsRequired><Value i:nil="true"/></Attribute><Attribute z:Id="i329"><AttributeType>soft_lower_limit</AttributeType><IsRequired>false</IsRequired><Value i:nil="true"/></Attribute><Attribute z:Id="i330"><AttributeType>k_position</AttributeType><IsRequired>false</IsRequired><Value i:nil="true"/></Attribute><Attribute z:Id="i331"><AttributeType>k_velocity</AttributeType><IsRequired>true</IsRequired><Value i:nil="true"/></Attribute></Attributes><ChildElements/><ElementName>safety_controller</ElementName><required>false</required><KPositionAttribute z:Ref="i330"/><KVelocityAttribute z:Ref="i331"/><SoftLowerAttribute z:Ref="i329"/><SoftUpperAttribute z:Ref="i328"/></URDFElement><URDFElement z:Id="i332" i:type="Mimic"><Attributes><Attribute z:Id="i333"><AttributeType>joint</AttributeType><IsRequired>true</IsRequired><Value i:nil="true"/></Attribute><Attribute z:Id="i334"><AttributeType>multiplier</AttributeType><IsRequired>false</IsRequired><Value i:nil="true"/></Attribute><Attribute z:Id="i335"><AttributeType>offset</AttributeType><IsRequired>false</IsRequired><Value i:nil="true"/></Attribute></Attributes><ChildElements/><ElementName>mimic</ElementName><required>false</required><JointNameAttribute z:Ref="i333"/><MultiplierAttribute z:Ref="i334"/><OffsetAttribute z:Ref="i335"/></URDFElement></ChildElements><ElementName>joint</ElementName><required>false</required><Axis z:Ref="i314"/><AxisName>FR_hip_axis</AxisName><Calibration z:Ref="i321"/><Child z:Ref="i312"/><CoordinateSystemName>FR_hip_Coordinate System</CoordinateSystemName><Dynamics z:Ref="i324"/><Limit z:Ref="i316"/><Mimic z:Ref="i332"/><NameAttribute z:Ref="i305"/><Origin z:Ref="i307"/><Parent z:Ref="i310"/><Safety z:Ref="i327"/><TypeAttribute z:Ref="i306"/></URDFElement></ChildElements><ElementName>link</ElementName><required>true</required><Children><Link z:Id="i336"><Attributes><Attribute z:Id="i337"><AttributeType>name</AttributeType><IsRequired>true</IsRequired><Value i:type="a:string" xmlns:a="http://www.w3.org/2001/XMLSchema">FR_thigh</Value></Attribute></Attributes><ChildElements><URDFElement z:Id="i338" i:type="Inertial"><Attributes/><ChildElements><URDFElement z:Id="i339" i:type="Origin"><Attributes><Attribute z:Id="i340"><AttributeType>xyz</AttributeType><IsRequired>true</IsRequired><Value i:type="a:ArrayOfdouble" xmlns:a="http://schemas.microsoft.com/2003/10/Serialization/Arrays"><a:double>-0.0013835671424023976</a:double><a:double>-0.037252129992932453</a:double><a:double>-0.029060060716247657</a:double></Value></Attribute><Attribute z:Id="i341"><AttributeType>rpy</AttributeType><IsRequired>true</IsRequired><Value i:type="a:ArrayOfdouble" xmlns:a="http://schemas.microsoft.com/2003/10/Serialization/Arrays"><a:double>0</a:double><a:double>0</a:double><a:double>0</a:double></Value></Attribute></Attributes><ChildElements/><ElementName>origin</ElementName><required>false</required><RPYAttribute z:Ref="i341"/><XYZAttribute z:Ref="i340"/><isCustomized>false</isCustomized></URDFElement><URDFElement z:Id="i342" i:type="Mass"><Attributes><Attribute z:Id="i343"><AttributeType>value</AttributeType><IsRequired>true</IsRequired><Value i:type="a:double" xmlns:a="http://www.w3.org/2001/XMLSchema">0.58977474117261286</Value></Attribute></Attributes><ChildElements/><ElementName>mass</ElementName><required>false</required><ValueAttribute z:Ref="i343"/></URDFElement><URDFElement z:Id="i344" i:type="Inertia"><Attributes><Attribute z:Id="i345"><AttributeType>ixx</AttributeType><IsRequired>true</IsRequired><Value i:type="a:double" xmlns:a="http://www.w3.org/2001/XMLSchema">0.0017823218490408373</Value></Attribute><Attribute z:Id="i346"><AttributeType>ixy</AttributeType><IsRequired>true</IsRequired><Value i:type="a:double" xmlns:a="http://www.w3.org/2001/XMLSchema">-7.7888573130447688E-07</Value></Attribute><Attribute z:Id="i347"><AttributeType>ixz</AttributeType><IsRequired>true</IsRequired><Value i:type="a:double" xmlns:a="http://www.w3.org/2001/XMLSchema">-2.4331812003817207E-05</Value></Attribute><Attribute z:Id="i348"><AttributeType>iyy</AttributeType><IsRequired>true</IsRequired><Value i:type="a:double" xmlns:a="http://www.w3.org/2001/XMLSchema">0.0021293036457214324</Value></Attribute><Attribute z:Id="i349"><AttributeType>iyz</AttributeType><IsRequired>true</IsRequired><Value i:type="a:double" xmlns:a="http://www.w3.org/2001/XMLSchema">-6.5805218642319405E-07</Value></Attribute><Attribute z:Id="i350"><AttributeType>izz</AttributeType><IsRequired>true</IsRequired><Value i:type="a:double" xmlns:a="http://www.w3.org/2001/XMLSchema">0.00036796146044990638</Value></Attribute></Attributes><ChildElements/><ElementName>inertia</ElementName><required>false</required><IxxAttribute z:Ref="i345"/><IxyAttribute z:Ref="i346"/><IxzAttribute z:Ref="i347"/><IyyAttribute z:Ref="i348"/><IyzAttribute z:Ref="i349"/><IzzAttribute z:Ref="i350"/></URDFElement></ChildElements><ElementName>inertial</ElementName><required>false</required><Inertia z:Ref="i344"/><Mass z:Ref="i342"/><Origin z:Ref="i339"/></URDFElement><URDFElement z:Id="i351" i:type="Visual"><Attributes/><ChildElements><URDFElement z:Id="i352" i:type="Origin"><Attributes><Attribute z:Id="i353"><AttributeType>xyz</AttributeType><IsRequired>true</IsRequired><Value i:type="a:ArrayOfdouble" xmlns:a="http://schemas.microsoft.com/2003/10/Serialization/Arrays"><a:double>0</a:double><a:double>0</a:double><a:double>0</a:double></Value></Attribute><Attribute z:Id="i354"><AttributeType>rpy</AttributeType><IsRequired>true</IsRequired><Value i:type="a:ArrayOfdouble" xmlns:a="http://schemas.microsoft.com/2003/10/Serialization/Arrays"><a:double>0</a:double><a:double>0</a:double><a:double>0</a:double></Value></Attribute></Attributes><ChildElements/><ElementName>origin</ElementName><required>false</required><RPYAttribute z:Ref="i354"/><XYZAttribute z:Ref="i353"/><isCustomized>false</isCustomized></URDFElement><URDFElement z:Id="i355" i:type="Geometry"><Attributes/><ChildElements><URDFElement z:Id="i356" i:type="Mesh"><Attributes><Attribute z:Id="i357"><AttributeType>filename</AttributeType><IsRequired>true</IsRequired><Value i:nil="true"/></Attribute></Attributes><ChildElements/><ElementName>mesh</ElementName><required>false</required><FilenameAttribute z:Ref="i357"/></URDFElement></ChildElements><ElementName>geometry</ElementName><required>true</required><Mesh z:Ref="i356"/></URDFElement><URDFElement z:Id="i358" i:type="Material"><Attributes><Attribute z:Id="i359"><AttributeType>name</AttributeType><IsRequired>true</IsRequired><Value i:type="a:string" xmlns:a="http://www.w3.org/2001/XMLSchema"/></Attribute></Attributes><ChildElements><URDFElement z:Id="i360" i:type="Color"><Attributes><Attribute z:Id="i361"><AttributeType>rgba</AttributeType><IsRequired>true</IsRequired><Value i:type="a:ArrayOfdouble" xmlns:a="http://schemas.microsoft.com/2003/10/Serialization/Arrays"><a:double>0.64313725490196072</a:double><a:double>0.615686274509804</a:double><a:double>0.6</a:double><a:double>1</a:double></Value></Attribute></Attributes><ChildElements/><ElementName>color</ElementName><required>false</required><RGBAAttribute z:Ref="i361"/></URDFElement><URDFElement z:Id="i362" i:type="Texture"><Attributes><Attribute z:Id="i363"><AttributeType>filename</AttributeType><IsRequired>true</IsRequired><Value i:nil="true"/></Attribute></Attributes><ChildElements/><ElementName>texture</ElementName><required>false</required><FilenameAttribute z:Ref="i363"/><wFilename/></URDFElement></ChildElements><ElementName>material</ElementName><required>false</required><Color z:Ref="i360"/><NameAttribute z:Ref="i359"/><Texture z:Ref="i362"/></URDFElement></ChildElements><ElementName>visual</ElementName><required>false</required><Geometry z:Ref="i355"/><Material z:Ref="i358"/><Origin z:Ref="i352"/></URDFElement><URDFElement z:Id="i364" i:type="Collision"><Attributes/><ChildElements><URDFElement z:Id="i365" i:type="Origin"><Attributes><Attribute z:Id="i366"><AttributeType>xyz</AttributeType><IsRequired>true</IsRequired><Value i:type="a:ArrayOfdouble" xmlns:a="http://schemas.microsoft.com/2003/10/Serialization/Arrays"><a:double>0</a:double><a:double>0</a:double><a:double>0</a:double></Value></Attribute><Attribute z:Id="i367"><AttributeType>rpy</AttributeType><IsRequired>true</IsRequired><Value i:type="a:ArrayOfdouble" xmlns:a="http://schemas.microsoft.com/2003/10/Serialization/Arrays"><a:double>0</a:double><a:double>0</a:double><a:double>0</a:double></Value></Attribute></Attributes><ChildElements/><ElementName>origin</ElementName><required>false</required><RPYAttribute z:Ref="i367"/><XYZAttribute z:Ref="i366"/><isCustomized>false</isCustomized></URDFElement><URDFElement z:Id="i368" i:type="Geometry"><Attributes/><ChildElements><URDFElement z:Id="i369" i:type="Mesh"><Attributes><Attribute z:Id="i370"><AttributeType>filename</AttributeType><IsRequired>true</IsRequired><Value i:nil="true"/></Attribute></Attributes><ChildElements/><ElementName>mesh</ElementName><required>false</required><FilenameAttribute z:Ref="i370"/></URDFElement></ChildElements><ElementName>geometry</ElementName><required>true</required><Mesh z:Ref="i369"/></URDFElement></ChildElements><ElementName>collision</ElementName><required>false</required><Geometry z:Ref="i368"/><Origin z:Ref="i365"/></URDFElement><URDFElement z:Id="i371" i:type="Joint"><Attributes><Attribute z:Id="i372"><AttributeType>name</AttributeType><IsRequired>true</IsRequired><Value i:type="a:string" xmlns:a="http://www.w3.org/2001/XMLSchema">FR_thigh_joint</Value></Attribute><Attribute z:Id="i373"><AttributeType>type</AttributeType><IsRequired>true</IsRequired><Value i:type="a:string" xmlns:a="http://www.w3.org/2001/XMLSchema">revolute</Value></Attribute></Attributes><ChildElements><URDFElement z:Id="i374" i:type="Origin"><Attributes><Attribute z:Id="i375"><AttributeType>xyz</AttributeType><IsRequired>true</IsRequired><Value i:type="a:ArrayOfdouble" xmlns:a="http://schemas.microsoft.com/2003/10/Serialization/Arrays"><a:double>0.05825</a:double><a:double>-0.0186</a:double><a:double>0</a:double></Value></Attribute><Attribute z:Id="i376"><AttributeType>rpy</AttributeType><IsRequired>true</IsRequired><Value i:type="a:ArrayOfdouble" xmlns:a="http://schemas.microsoft.com/2003/10/Serialization/Arrays"><a:double>0</a:double><a:double>0</a:double><a:double>0</a:double></Value></Attribute></Attributes><ChildElements/><ElementName>origin</ElementName><required>false</required><RPYAttribute z:Ref="i376"/><XYZAttribute z:Ref="i375"/><isCustomized>false</isCustomized></URDFElement><URDFElement z:Id="i377" i:type="ParentLink"><Attributes><Attribute z:Id="i378"><AttributeType>link</AttributeType><IsRequired>true</IsRequired><Value i:type="a:string" xmlns:a="http://www.w3.org/2001/XMLSchema">FR_hip</Value></Attribute></Attributes><ChildElements/><ElementName>parent</ElementName><required>true</required><NameAttribute z:Ref="i378"/></URDFElement><URDFElement z:Id="i379" i:type="ChildLink"><Attributes><Attribute z:Id="i380"><AttributeType>link</AttributeType><IsRequired>true</IsRequired><Value i:type="a:string" xmlns:a="http://www.w3.org/2001/XMLSchema">FR_thigh</Value></Attribute></Attributes><ChildElements/><ElementName>child</ElementName><required>true</required><NameAttribute z:Ref="i380"/></URDFElement><URDFElement z:Id="i381" i:type="Axis"><Attributes><Attribute z:Id="i382"><AttributeType>xyz</AttributeType><IsRequired>true</IsRequired><Value i:type="a:ArrayOfdouble" xmlns:a="http://schemas.microsoft.com/2003/10/Serialization/Arrays"><a:double>0</a:double><a:double>-1</a:double><a:double>0</a:double></Value></Attribute></Attributes><ChildElements/><ElementName>axis</ElementName><required>false</required><XYZAttribute z:Ref="i382"/></URDFElement><URDFElement z:Id="i383" i:type="Limit"><Attributes><Attribute z:Id="i384"><AttributeType>lower</AttributeType><IsRequired>true</IsRequired><Value i:type="a:double" xmlns:a="http://www.w3.org/2001/XMLSchema">0</Value></Attribute><Attribute z:Id="i385"><AttributeType>upper</AttributeType><IsRequired>true</IsRequired><Value i:type="a:double" xmlns:a="http://www.w3.org/2001/XMLSchema">0</Value></Attribute><Attribute z:Id="i386"><AttributeType>effort</AttributeType><IsRequired>true</IsRequired><Value i:type="a:double" xmlns:a="http://www.w3.org/2001/XMLSchema">0</Value></Attribute><Attribute z:Id="i387"><AttributeType>velocity</AttributeType><IsRequired>true</IsRequired><Value i:type="a:double" xmlns:a="http://www.w3.org/2001/XMLSchema">0</Value></Attribute></Attributes><ChildElements/><ElementName>limit</ElementName><required>true</required><EffortAttribute z:Ref="i386"/><LowerAttribute z:Ref="i384"/><UpperAttribute z:Ref="i385"/><VelocityAttribute z:Ref="i387"/></URDFElement><URDFElement z:Id="i388" i:type="Calibration"><Attributes><Attribute z:Id="i389"><AttributeType>rising</AttributeType><IsRequired>false</IsRequired><Value i:nil="true"/></Attribute><Attribute z:Id="i390"><AttributeType>falling</AttributeType><IsRequired>false</IsRequired><Value i:nil="true"/></Attribute></Attributes><ChildElements/><ElementName>calibration</ElementName><required>false</required><FallingAttribute z:Ref="i390"/><RisingAttribute z:Ref="i389"/></URDFElement><URDFElement z:Id="i391" i:type="Dynamics"><Attributes><Attribute z:Id="i392"><AttributeType>damping</AttributeType><IsRequired>false</IsRequired><Value i:nil="true"/></Attribute><Attribute z:Id="i393"><AttributeType>friction</AttributeType><IsRequired>false</IsRequired><Value i:nil="true"/></Attribute></Attributes><ChildElements/><ElementName>dynamics</ElementName><required>false</required><DampingAttribute z:Ref="i392"/><FrictionAttribute z:Ref="i393"/></URDFElement><URDFElement z:Id="i394" i:type="SafetyController"><Attributes><Attribute z:Id="i395"><AttributeType>soft_upper_limit</AttributeType><IsRequired>false</IsRequired><Value i:nil="true"/></Attribute><Attribute z:Id="i396"><AttributeType>soft_lower_limit</AttributeType><IsRequired>false</IsRequired><Value i:nil="true"/></Attribute><Attribute z:Id="i397"><AttributeType>k_position</AttributeType><IsRequired>false</IsRequired><Value i:nil="true"/></Attribute><Attribute z:Id="i398"><AttributeType>k_velocity</AttributeType><IsRequired>true</IsRequired><Value i:nil="true"/></Attribute></Attributes><ChildElements/><ElementName>safety_controller</ElementName><required>false</required><KPositionAttribute z:Ref="i397"/><KVelocityAttribute z:Ref="i398"/><SoftLowerAttribute z:Ref="i396"/><SoftUpperAttribute z:Ref="i395"/></URDFElement><URDFElement z:Id="i399" i:type="Mimic"><Attributes><Attribute z:Id="i400"><AttributeType>joint</AttributeType><IsRequired>true</IsRequired><Value i:nil="true"/></Attribute><Attribute z:Id="i401"><AttributeType>multiplier</AttributeType><IsRequired>false</IsRequired><Value i:nil="true"/></Attribute><Attribute z:Id="i402"><AttributeType>offset</AttributeType><IsRequired>false</IsRequired><Value i:nil="true"/></Attribute></Attributes><ChildElements/><ElementName>mimic</ElementName><required>false</required><JointNameAttribute z:Ref="i400"/><MultiplierAttribute z:Ref="i401"/><OffsetAttribute z:Ref="i402"/></URDFElement></ChildElements><ElementName>joint</ElementName><required>false</required><Axis z:Ref="i381"/><AxisName>FR_thigh_axis</AxisName><Calibration z:Ref="i388"/><Child z:Ref="i379"/><CoordinateSystemName>FR_thigh_Coordinate System</CoordinateSystemName><Dynamics z:Ref="i391"/><Limit z:Ref="i383"/><Mimic z:Ref="i399"/><NameAttribute z:Ref="i372"/><Origin z:Ref="i374"/><Parent z:Ref="i377"/><Safety z:Ref="i394"/><TypeAttribute z:Ref="i373"/></URDFElement></ChildElements><ElementName>link</ElementName><required>true</required><Children><Link z:Id="i403"><Attributes><Attribute z:Id="i404"><AttributeType>name</AttributeType><IsRequired>true</IsRequired><Value i:type="a:string" xmlns:a="http://www.w3.org/2001/XMLSchema">FR_calf</Value></Attribute></Attributes><ChildElements><URDFElement z:Id="i405" i:type="Inertial"><Attributes/><ChildElements><URDFElement z:Id="i406" i:type="Origin"><Attributes><Attribute z:Id="i407"><AttributeType>xyz</AttributeType><IsRequired>true</IsRequired><Value i:type="a:ArrayOfdouble" xmlns:a="http://schemas.microsoft.com/2003/10/Serialization/Arrays"><a:double>0.0063129932843737635</a:double><a:double>-2.8262452081928569E-05</a:double><a:double>-0.091768654493874224</a:double></Value></Attribute><Attribute z:Id="i408"><AttributeType>rpy</AttributeType><IsRequired>true</IsRequired><Value i:type="a:ArrayOfdouble" xmlns:a="http://schemas.microsoft.com/2003/10/Serialization/Arrays"><a:double>0</a:double><a:double>0</a:double><a:double>0</a:double></Value></Attribute></Attributes><ChildElements/><ElementName>origin</ElementName><required>false</required><RPYAttribute z:Ref="i408"/><XYZAttribute z:Ref="i407"/><isCustomized>false</isCustomized></URDFElement><URDFElement z:Id="i409" i:type="Mass"><Attributes><Attribute z:Id="i410"><AttributeType>value</AttributeType><IsRequired>true</IsRequired><Value i:type="a:double" xmlns:a="http://www.w3.org/2001/XMLSchema">0.24779927634993068</Value></Attribute></Attributes><ChildElements/><ElementName>mass</ElementName><required>false</required><ValueAttribute z:Ref="i410"/></URDFElement><URDFElement z:Id="i411" i:type="Inertia"><Attributes><Attribute z:Id="i412"><AttributeType>ixx</AttributeType><IsRequired>true</IsRequired><Value i:type="a:double" xmlns:a="http://www.w3.org/2001/XMLSchema">0.00055936945050888409</Value></Attribute><Attribute z:Id="i413"><AttributeType>ixy</AttributeType><IsRequired>true</IsRequired><Value i:type="a:double" xmlns:a="http://www.w3.org/2001/XMLSchema">7.2776729077197142E-09</Value></Attribute><Attribute z:Id="i414"><AttributeType>ixz</AttributeType><IsRequired>true</IsRequired><Value i:type="a:double" xmlns:a="http://www.w3.org/2001/XMLSchema">3.1927590651445608E-05</Value></Attribute><Attribute z:Id="i415"><AttributeType>iyy</AttributeType><IsRequired>true</IsRequired><Value i:type="a:double" xmlns:a="http://www.w3.org/2001/XMLSchema">0.000579943419434487</Value></Attribute><Attribute z:Id="i416"><AttributeType>iyz</AttributeType><IsRequired>true</IsRequired><Value i:type="a:double" xmlns:a="http://www.w3.org/2001/XMLSchema">5.9037738840195351E-08</Value></Attribute><Attribute z:Id="i417"><AttributeType>izz</AttributeType><IsRequired>true</IsRequired><Value i:type="a:double" xmlns:a="http://www.w3.org/2001/XMLSchema">2.493361246386682E-05</Value></Attribute></Attributes><ChildElements/><ElementName>inertia</ElementName><required>false</required><IxxAttribute z:Ref="i412"/><IxyAttribute z:Ref="i413"/><IxzAttribute z:Ref="i414"/><IyyAttribute z:Ref="i415"/><IyzAttribute z:Ref="i416"/><IzzAttribute z:Ref="i417"/></URDFElement></ChildElements><ElementName>inertial</ElementName><required>false</required><Inertia z:Ref="i411"/><Mass z:Ref="i409"/><Origin z:Ref="i406"/></URDFElement><URDFElement z:Id="i418" i:type="Visual"><Attributes/><ChildElements><URDFElement z:Id="i419" i:type="Origin"><Attributes><Attribute z:Id="i420"><AttributeType>xyz</AttributeType><IsRequired>true</IsRequired><Value i:type="a:ArrayOfdouble" xmlns:a="http://schemas.microsoft.com/2003/10/Serialization/Arrays"><a:double>0</a:double><a:double>0</a:double><a:double>0</a:double></Value></Attribute><Attribute z:Id="i421"><AttributeType>rpy</AttributeType><IsRequired>true</IsRequired><Value i:type="a:ArrayOfdouble" xmlns:a="http://schemas.microsoft.com/2003/10/Serialization/Arrays"><a:double>0</a:double><a:double>0</a:double><a:double>0</a:double></Value></Attribute></Attributes><ChildElements/><ElementName>origin</ElementName><required>false</required><RPYAttribute z:Ref="i421"/><XYZAttribute z:Ref="i420"/><isCustomized>false</isCustomized></URDFElement><URDFElement z:Id="i422" i:type="Geometry"><Attributes/><ChildElements><URDFElement z:Id="i423" i:type="Mesh"><Attributes><Attribute z:Id="i424"><AttributeType>filename</AttributeType><IsRequired>true</IsRequired><Value i:nil="true"/></Attribute></Attributes><ChildElements/><ElementName>mesh</ElementName><required>false</required><FilenameAttribute z:Ref="i424"/></URDFElement></ChildElements><ElementName>geometry</ElementName><required>true</required><Mesh z:Ref="i423"/></URDFElement><URDFElement z:Id="i425" i:type="Material"><Attributes><Attribute z:Id="i426"><AttributeType>name</AttributeType><IsRequired>true</IsRequired><Value i:type="a:string" xmlns:a="http://www.w3.org/2001/XMLSchema"/></Attribute></Attributes><ChildElements><URDFElement z:Id="i427" i:type="Color"><Attributes><Attribute z:Id="i428"><AttributeType>rgba</AttributeType><IsRequired>true</IsRequired><Value i:type="a:ArrayOfdouble" xmlns:a="http://schemas.microsoft.com/2003/10/Serialization/Arrays"><a:double>0.89803921568627454</a:double><a:double>0.91764705882352937</a:double><a:double>0.92941176470588238</a:double><a:double>1</a:double></Value></Attribute></Attributes><ChildElements/><ElementName>color</ElementName><required>false</required><RGBAAttribute z:Ref="i428"/></URDFElement><URDFElement z:Id="i429" i:type="Texture"><Attributes><Attribute z:Id="i430"><AttributeType>filename</AttributeType><IsRequired>true</IsRequired><Value i:nil="true"/></Attribute></Attributes><ChildElements/><ElementName>texture</ElementName><required>false</required><FilenameAttribute z:Ref="i430"/><wFilename/></URDFElement></ChildElements><ElementName>material</ElementName><required>false</required><Color z:Ref="i427"/><NameAttribute z:Ref="i426"/><Texture z:Ref="i429"/></URDFElement></ChildElements><ElementName>visual</ElementName><required>false</required><Geometry z:Ref="i422"/><Material z:Ref="i425"/><Origin z:Ref="i419"/></URDFElement><URDFElement z:Id="i431" i:type="Collision"><Attributes/><ChildElements><URDFElement z:Id="i432" i:type="Origin"><Attributes><Attribute z:Id="i433"><AttributeType>xyz</AttributeType><IsRequired>true</IsRequired><Value i:type="a:ArrayOfdouble" xmlns:a="http://schemas.microsoft.com/2003/10/Serialization/Arrays"><a:double>0</a:double><a:double>0</a:double><a:double>0</a:double></Value></Attribute><Attribute z:Id="i434"><AttributeType>rpy</AttributeType><IsRequired>true</IsRequired><Value i:type="a:ArrayOfdouble" xmlns:a="http://schemas.microsoft.com/2003/10/Serialization/Arrays"><a:double>0</a:double><a:double>0</a:double><a:double>0</a:double></Value></Attribute></Attributes><ChildElements/><ElementName>origin</ElementName><required>false</required><RPYAttribute z:Ref="i434"/><XYZAttribute z:Ref="i433"/><isCustomized>false</isCustomized></URDFElement><URDFElement z:Id="i435" i:type="Geometry"><Attributes/><ChildElements><URDFElement z:Id="i436" i:type="Mesh"><Attributes><Attribute z:Id="i437"><AttributeType>filename</AttributeType><IsRequired>true</IsRequired><Value i:nil="true"/></Attribute></Attributes><ChildElements/><ElementName>mesh</ElementName><required>false</required><FilenameAttribute z:Ref="i437"/></URDFElement></ChildElements><ElementName>geometry</ElementName><required>true</required><Mesh z:Ref="i436"/></URDFElement></ChildElements><ElementName>collision</ElementName><required>false</required><Geometry z:Ref="i435"/><Origin z:Ref="i432"/></URDFElement><URDFElement z:Id="i438" i:type="Joint"><Attributes><Attribute z:Id="i439"><AttributeType>name</AttributeType><IsRequired>true</IsRequired><Value i:type="a:string" xmlns:a="http://www.w3.org/2001/XMLSchema">FR_calf_joint</Value></Attribute><Attribute z:Id="i440"><AttributeType>type</AttributeType><IsRequired>true</IsRequired><Value i:type="a:string" xmlns:a="http://www.w3.org/2001/XMLSchema">revolute</Value></Attribute></Attributes><ChildElements><URDFElement z:Id="i441" i:type="Origin"><Attributes><Attribute z:Id="i442"><AttributeType>xyz</AttributeType><IsRequired>true</IsRequired><Value i:type="a:ArrayOfdouble" xmlns:a="http://schemas.microsoft.com/2003/10/Serialization/Arrays"><a:double>0</a:double><a:double>-0.0572</a:double><a:double>-0.21</a:double></Value></Attribute><Attribute z:Id="i443"><AttributeType>rpy</AttributeType><IsRequired>true</IsRequired><Value i:type="a:ArrayOfdouble" xmlns:a="http://schemas.microsoft.com/2003/10/Serialization/Arrays"><a:double>0</a:double><a:double>0</a:double><a:double>0</a:double></Value></Attribute></Attributes><ChildElements/><ElementName>origin</ElementName><required>false</required><RPYAttribute z:Ref="i443"/><XYZAttribute z:Ref="i442"/><isCustomized>false</isCustomized></URDFElement><URDFElement z:Id="i444" i:type="ParentLink"><Attributes><Attribute z:Id="i445"><AttributeType>link</AttributeType><IsRequired>true</IsRequired><Value i:type="a:string" xmlns:a="http://www.w3.org/2001/XMLSchema">FR_thigh</Value></Attribute></Attributes><ChildElements/><ElementName>parent</ElementName><required>true</required><NameAttribute z:Ref="i445"/></URDFElement><URDFElement z:Id="i446" i:type="ChildLink"><Attributes><Attribute z:Id="i447"><AttributeType>link</AttributeType><IsRequired>true</IsRequired><Value i:type="a:string" xmlns:a="http://www.w3.org/2001/XMLSchema">FR_calf</Value></Attribute></Attributes><ChildElements/><ElementName>child</ElementName><required>true</required><NameAttribute z:Ref="i447"/></URDFElement><URDFElement z:Id="i448" i:type="Axis"><Attributes><Attribute z:Id="i449"><AttributeType>xyz</AttributeType><IsRequired>true</IsRequired><Value i:type="a:ArrayOfdouble" xmlns:a="http://schemas.microsoft.com/2003/10/Serialization/Arrays"><a:double>0</a:double><a:double>1</a:double><a:double>0</a:double></Value></Attribute></Attributes><ChildElements/><ElementName>axis</ElementName><required>false</required><XYZAttribute z:Ref="i449"/></URDFElement><URDFElement z:Id="i450" i:type="Limit"><Attributes><Attribute z:Id="i451"><AttributeType>lower</AttributeType><IsRequired>true</IsRequired><Value i:type="a:double" xmlns:a="http://www.w3.org/2001/XMLSchema">0</Value></Attribute><Attribute z:Id="i452"><AttributeType>upper</AttributeType><IsRequired>true</IsRequired><Value i:type="a:double" xmlns:a="http://www.w3.org/2001/XMLSchema">0</Value></Attribute><Attribute z:Id="i453"><AttributeType>effort</AttributeType><IsRequired>true</IsRequired><Value i:type="a:double" xmlns:a="http://www.w3.org/2001/XMLSchema">0</Value></Attribute><Attribute z:Id="i454"><AttributeType>velocity</AttributeType><IsRequired>true</IsRequired><Value i:type="a:double" xmlns:a="http://www.w3.org/2001/XMLSchema">0</Value></Attribute></Attributes><ChildElements/><ElementName>limit</ElementName><required>true</required><EffortAttribute z:Ref="i453"/><LowerAttribute z:Ref="i451"/><UpperAttribute z:Ref="i452"/><VelocityAttribute z:Ref="i454"/></URDFElement><URDFElement z:Id="i455" i:type="Calibration"><Attributes><Attribute z:Id="i456"><AttributeType>rising</AttributeType><IsRequired>false</IsRequired><Value i:nil="true"/></Attribute><Attribute z:Id="i457"><AttributeType>falling</AttributeType><IsRequired>false</IsRequired><Value i:nil="true"/></Attribute></Attributes><ChildElements/><ElementName>calibration</ElementName><required>false</required><FallingAttribute z:Ref="i457"/><RisingAttribute z:Ref="i456"/></URDFElement><URDFElement z:Id="i458" i:type="Dynamics"><Attributes><Attribute z:Id="i459"><AttributeType>damping</AttributeType><IsRequired>false</IsRequired><Value i:nil="true"/></Attribute><Attribute z:Id="i460"><AttributeType>friction</AttributeType><IsRequired>false</IsRequired><Value i:nil="true"/></Attribute></Attributes><ChildElements/><ElementName>dynamics</ElementName><required>false</required><DampingAttribute z:Ref="i459"/><FrictionAttribute z:Ref="i460"/></URDFElement><URDFElement z:Id="i461" i:type="SafetyController"><Attributes><Attribute z:Id="i462"><AttributeType>soft_upper_limit</AttributeType><IsRequired>false</IsRequired><Value i:nil="true"/></Attribute><Attribute z:Id="i463"><AttributeType>soft_lower_limit</AttributeType><IsRequired>false</IsRequired><Value i:nil="true"/></Attribute><Attribute z:Id="i464"><AttributeType>k_position</AttributeType><IsRequired>false</IsRequired><Value i:nil="true"/></Attribute><Attribute z:Id="i465"><AttributeType>k_velocity</AttributeType><IsRequired>true</IsRequired><Value i:nil="true"/></Attribute></Attributes><ChildElements/><ElementName>safety_controller</ElementName><required>false</required><KPositionAttribute z:Ref="i464"/><KVelocityAttribute z:Ref="i465"/><SoftLowerAttribute z:Ref="i463"/><SoftUpperAttribute z:Ref="i462"/></URDFElement><URDFElement z:Id="i466" i:type="Mimic"><Attributes><Attribute z:Id="i467"><AttributeType>joint</AttributeType><IsRequired>true</IsRequired><Value i:nil="true"/></Attribute><Attribute z:Id="i468"><AttributeType>multiplier</AttributeType><IsRequired>false</IsRequired><Value i:nil="true"/></Attribute><Attribute z:Id="i469"><AttributeType>offset</AttributeType><IsRequired>false</IsRequired><Value i:nil="true"/></Attribute></Attributes><ChildElements/><ElementName>mimic</ElementName><required>false</required><JointNameAttribute z:Ref="i467"/><MultiplierAttribute z:Ref="i468"/><OffsetAttribute z:Ref="i469"/></URDFElement></ChildElements><ElementName>joint</ElementName><required>false</required><Axis z:Ref="i448"/><AxisName>FR_calf_axis</AxisName><Calibration z:Ref="i455"/><Child z:Ref="i446"/><CoordinateSystemName>FR_calf_Coordinate System</CoordinateSystemName><Dynamics z:Ref="i458"/><Limit z:Ref="i450"/><Mimic z:Ref="i466"/><NameAttribute z:Ref="i439"/><Origin z:Ref="i441"/><Parent z:Ref="i444"/><Safety z:Ref="i461"/><TypeAttribute z:Ref="i440"/></URDFElement></ChildElements><ElementName>link</ElementName><required>true</required><Children/><Collision z:Ref="i431"/><Inertial z:Ref="i405"/><Joint z:Ref="i438"/><NameAttribute z:Ref="i404"/><Parent z:Ref="i336"/><STLQualityFine>false</STLQualityFine><SWComponentPIDs xmlns:a="http://schemas.microsoft.com/2003/10/Serialization/Arrays"><a:base64Binary>aEIAAAUAAAD//v8TD1x/gS1O9JXyZr9+LQA2ADAANgAxAC0AMQBAAHRl13LFiE2RU08EAAAAEAAAAAEAAAABAAAAdwIAAA==</a:base64Binary><a:base64Binary>aEIAAAUAAAD//v8WD1x/gRZZp0/yZr9+LQBclc9QLQA2ADAANgAxAC0AMQBAAHRl13LFiE2RU08EAAAAEAAAAAEAAAABAAAAdgIAAA==</a:base64Binary><a:base64Binary>aEIAAAUAAAD//v8TD1x/gRZZp0/yZr9+LQA2ADAANgAxAC0AMQBAAHRl13LFiE2RU08EAAAAEAAAAAEAAAABAAAAdQIAAA==</a:base64Binary><a:base64Binary>aEIAAAUAAAD//v8ND1x/gXCZf2cyAC0ANABAAHRl13LFiE2RU08EAAAAEAAAAAEAAAABAAAA1QQAAA==</a:base64Binary><a:base64Binary>aEIAAAUAAAD//v8Ns43velNicFP2Ti0ANgBAAHRl13LFiE2RU08EAAAAEAAAAAEAAAABAAAAGgUAAA==</a:base64Binary><a:base64Binary>aEIAAAUAAAD//v8MRXj2gLON73otADUAQAB0ZddyxYhNkVNPBAAAABAAAAABAAAAAQAAABgFAAA=</a:base64Binary><a:base64Binary>aEIAAAUAAAD//v8ND1x/gXCZf2cxAC0ANABAAHRl13LFiE2RU08EAAAAEAAAAAEAAAABAAAA1gQAAA==</a:base64Binary></SWComponentPIDs><SWMainComponentPID i:nil="true"/><Visual z:Ref="i418"/><isFixedFrame>false</isFixedFrame><isIncomplete>false</isIncomplete></Link></Children><Collision z:Ref="i364"/><Inertial z:Ref="i338"/><Joint z:Ref="i371"/><NameAttribute z:Ref="i337"/><Parent z:Ref="i269"/><STLQualityFine>false</STLQualityFine><SWComponentPIDs xmlns:a="http://schemas.microsoft.com/2003/10/Serialization/Arrays"><a:base64Binary>aEIAAAUAAAD//v8YRwBPAC0ATQA4ADAAMQAwAC0ANgA1dTpnMwBEACFqi1ctADIAQAB0ZddyxYhNkVNPBAAAABAAAAABAAAAAQAAAHYAAAA=</a:base64Binary><a:base64Binary>aEIAAAUAAAD//v8RJ1l/gYVRp08tADYAMAA2ADEALQAxAEAAdGXXcsWITZFTTwQAAAAQAAAAAQAAAAEAAABnAgAA</a:base64Binary><a:base64Binary>aEIAAAUAAAD//v8NJ1l/gVNicFP2Ti0AMQBAAHRl13LFiE2RU08EAAAAEAAAAAEAAAABAAAAZgIAAA==</a:base64Binary><a:base64Binary>aEIAAAUAAAD//v8VJ1l/gRZZp08tADYAMAA2ADEALQAzAG0AbQAtADEAQAB0ZddyxYhNkVNPBAAAABAAAAABAAAAAQAAAGgCAAA=</a:base64Binary><a:base64Binary>aEIAAAUAAAD//v8YMgAtADMAc1GCgt6PpWP2Ti0ATVLzUy0ANgAwADYAMQAtADIAQAB0ZddyxYhNkVNPBAAAABAAAAABAAAAAQAAAI0EAAA=</a:base64Binary></SWComponentPIDs><SWMainComponentPID i:nil="true"/><Visual z:Ref="i351"/><isFixedFrame>false</isFixedFrame><isIncomplete>false</isIncomplete></Link></Children><Collision z:Ref="i297"/><Inertial z:Ref="i271"/><Joint z:Ref="i304"/><NameAttribute z:Ref="i270"/><Parent z:Ref="i1"/><STLQualityFine>false</STLQualityFine><SWComponentPIDs xmlns:a="http://schemas.microsoft.com/2003/10/Serialization/Arrays"><a:base64Binary>aEIAAAUAAAD//v8YRwBPAC0ATQA4ADAAMQAwAC0ANgA1dTpnMwBEACFqi1ctADMAQAB0ZddyxYhNkVNPBAAAABAAAAABAAAAAQAAAHcAAAA=</a:base64Binary><a:base64Binary>aEIAAAUAAAD//v8Wy5pzUYKC3o+lY/ZOLQBNUn+BLQA2ADAANgAxAC0AMQBAAHRl13LFiE2RU08EAAAAEAAAAAEAAAABAAAAWQIAAA==</a:base64Binary><a:base64Binary>aEIAAAUAAAD//v8SJ1l/gS0AD1x/gXNRgoJQlk1PV1ctADIAQAB0ZddyxYhNkVNPBAAAABAAAAABAAAAAQAAAIwCAAA=</a:base64Binary></SWComponentPIDs><SWMainComponentPID i:nil="true"/><Visual z:Ref="i284"/><isFixedFrame>false</isFixedFrame><isIncomplete>false</isIncomplete></Link><Link z:Id="i470"><Attributes><Attribute z:Id="i471"><AttributeType>name</AttributeType><IsRequired>true</IsRequired><Value i:type="a:string" xmlns:a="http://www.w3.org/2001/XMLSchema">RL_hip</Value></Attribute></Attributes><ChildElements><URDFElement z:Id="i472" i:type="Inertial"><Attributes/><ChildElements><URDFElement z:Id="i473" i:type="Origin"><Attributes><Attribute z:Id="i474"><AttributeType>xyz</AttributeType><IsRequired>true</IsRequired><Value i:type="a:ArrayOfdouble" xmlns:a="http://schemas.microsoft.com/2003/10/Serialization/Arrays"><a:double>-0.039336140959549265</a:double><a:double>-0.022640063071283259</a:double><a:double>-0.0010391385342445741</a:double></Value></Attribute><Attribute z:Id="i475"><AttributeType>rpy</AttributeType><IsRequired>true</IsRequired><Value i:type="a:ArrayOfdouble" xmlns:a="http://schemas.microsoft.com/2003/10/Serialization/Arrays"><a:double>0</a:double><a:double>0</a:double><a:double>0</a:double></Value></Attribute></Attributes><ChildElements/><ElementName>origin</ElementName><required>false</required><RPYAttribute z:Ref="i475"/><XYZAttribute z:Ref="i474"/><isCustomized>false</isCustomized></URDFElement><URDFElement z:Id="i476" i:type="Mass"><Attributes><Attribute z:Id="i477"><AttributeType>value</AttributeType><IsRequired>true</IsRequired><Value i:type="a:double" xmlns:a="http://www.w3.org/2001/XMLSchema">0.3831054586044253</Value></Attribute></Attributes><ChildElements/><ElementName>mass</ElementName><required>false</required><ValueAttribute z:Ref="i477"/></URDFElement><URDFElement z:Id="i478" i:type="Inertia"><Attributes><Attribute z:Id="i479"><AttributeType>ixx</AttributeType><IsRequired>true</IsRequired><Value i:type="a:double" xmlns:a="http://www.w3.org/2001/XMLSchema">0.00024827015908543046</Value></Attribute><Attribute z:Id="i480"><AttributeType>ixy</AttributeType><IsRequired>true</IsRequired><Value i:type="a:double" xmlns:a="http://www.w3.org/2001/XMLSchema">5.062582303695987E-06</Value></Attribute><Attribute z:Id="i481"><AttributeType>ixz</AttributeType><IsRequired>true</IsRequired><Value i:type="a:double" xmlns:a="http://www.w3.org/2001/XMLSchema">-1.7804153524945725E-06</Value></Attribute><Attribute z:Id="i482"><AttributeType>iyy</AttributeType><IsRequired>true</IsRequired><Value i:type="a:double" xmlns:a="http://www.w3.org/2001/XMLSchema">0.00040166364060331071</Value></Attribute><Attribute z:Id="i483"><AttributeType>iyz</AttributeType><IsRequired>true</IsRequired><Value i:type="a:double" xmlns:a="http://www.w3.org/2001/XMLSchema">-9.3520396937172047E-07</Value></Attribute><Attribute z:Id="i484"><AttributeType>izz</AttributeType><IsRequired>true</IsRequired><Value i:type="a:double" xmlns:a="http://www.w3.org/2001/XMLSchema">0.000191129161344077</Value></Attribute></Attributes><ChildElements/><ElementName>inertia</ElementName><required>false</required><IxxAttribute z:Ref="i479"/><IxyAttribute z:Ref="i480"/><IxzAttribute z:Ref="i481"/><IyyAttribute z:Ref="i482"/><IyzAttribute z:Ref="i483"/><IzzAttribute z:Ref="i484"/></URDFElement></ChildElements><ElementName>inertial</ElementName><required>false</required><Inertia z:Ref="i478"/><Mass z:Ref="i476"/><Origin z:Ref="i473"/></URDFElement><URDFElement z:Id="i485" i:type="Visual"><Attributes/><ChildElements><URDFElement z:Id="i486" i:type="Origin"><Attributes><Attribute z:Id="i487"><AttributeType>xyz</AttributeType><IsRequired>true</IsRequired><Value i:type="a:ArrayOfdouble" xmlns:a="http://schemas.microsoft.com/2003/10/Serialization/Arrays"><a:double>0</a:double><a:double>0</a:double><a:double>0</a:double></Value></Attribute><Attribute z:Id="i488"><AttributeType>rpy</AttributeType><IsRequired>true</IsRequired><Value i:type="a:ArrayOfdouble" xmlns:a="http://schemas.microsoft.com/2003/10/Serialization/Arrays"><a:double>0</a:double><a:double>0</a:double><a:double>0</a:double></Value></Attribute></Attributes><ChildElements/><ElementName>origin</ElementName><required>false</required><RPYAttribute z:Ref="i488"/><XYZAttribute z:Ref="i487"/><isCustomized>false</isCustomized></URDFElement><URDFElement z:Id="i489" i:type="Geometry"><Attributes/><ChildElements><URDFElement z:Id="i490" i:type="Mesh"><Attributes><Attribute z:Id="i491"><AttributeType>filename</AttributeType><IsRequired>true</IsRequired><Value i:nil="true"/></Attribute></Attributes><ChildElements/><ElementName>mesh</ElementName><required>false</required><FilenameAttribute z:Ref="i491"/></URDFElement></ChildElements><ElementName>geometry</ElementName><required>true</required><Mesh z:Ref="i490"/></URDFElement><URDFElement z:Id="i492" i:type="Material"><Attributes><Attribute z:Id="i493"><AttributeType>name</AttributeType><IsRequired>true</IsRequired><Value i:type="a:string" xmlns:a="http://www.w3.org/2001/XMLSchema"/></Attribute></Attributes><ChildElements><URDFElement z:Id="i494" i:type="Color"><Attributes><Attribute z:Id="i495"><AttributeType>rgba</AttributeType><IsRequired>true</IsRequired><Value i:type="a:ArrayOfdouble" xmlns:a="http://schemas.microsoft.com/2003/10/Serialization/Arrays"><a:double>0.64313725490196072</a:double><a:double>0.615686274509804</a:double><a:double>0.6</a:double><a:double>1</a:double></Value></Attribute></Attributes><ChildElements/><ElementName>color</ElementName><required>false</required><RGBAAttribute z:Ref="i495"/></URDFElement><URDFElement z:Id="i496" i:type="Texture"><Attributes><Attribute z:Id="i497"><AttributeType>filename</AttributeType><IsRequired>true</IsRequired><Value i:nil="true"/></Attribute></Attributes><ChildElements/><ElementName>texture</ElementName><required>false</required><FilenameAttribute z:Ref="i497"/><wFilename/></URDFElement></ChildElements><ElementName>material</ElementName><required>false</required><Color z:Ref="i494"/><NameAttribute z:Ref="i493"/><Texture z:Ref="i496"/></URDFElement></ChildElements><ElementName>visual</ElementName><required>false</required><Geometry z:Ref="i489"/><Material z:Ref="i492"/><Origin z:Ref="i486"/></URDFElement><URDFElement z:Id="i498" i:type="Collision"><Attributes/><ChildElements><URDFElement z:Id="i499" i:type="Origin"><Attributes><Attribute z:Id="i500"><AttributeType>xyz</AttributeType><IsRequired>true</IsRequired><Value i:type="a:ArrayOfdouble" xmlns:a="http://schemas.microsoft.com/2003/10/Serialization/Arrays"><a:double>0</a:double><a:double>0</a:double><a:double>0</a:double></Value></Attribute><Attribute z:Id="i501"><AttributeType>rpy</AttributeType><IsRequired>true</IsRequired><Value i:type="a:ArrayOfdouble" xmlns:a="http://schemas.microsoft.com/2003/10/Serialization/Arrays"><a:double>0</a:double><a:double>0</a:double><a:double>0</a:double></Value></Attribute></Attributes><ChildElements/><ElementName>origin</ElementName><required>false</required><RPYAttribute z:Ref="i501"/><XYZAttribute z:Ref="i500"/><isCustomized>false</isCustomized></URDFElement><URDFElement z:Id="i502" i:type="Geometry"><Attributes/><ChildElements><URDFElement z:Id="i503" i:type="Mesh"><Attributes><Attribute z:Id="i504"><AttributeType>filename</AttributeType><IsRequired>true</IsRequired><Value i:nil="true"/></Attribute></Attributes><ChildElements/><ElementName>mesh</ElementName><required>false</required><FilenameAttribute z:Ref="i504"/></URDFElement></ChildElements><ElementName>geometry</ElementName><required>true</required><Mesh z:Ref="i503"/></URDFElement></ChildElements><ElementName>collision</ElementName><required>false</required><Geometry z:Ref="i502"/><Origin z:Ref="i499"/></URDFElement><URDFElement z:Id="i505" i:type="Joint"><Attributes><Attribute z:Id="i506"><AttributeType>name</AttributeType><IsRequired>true</IsRequired><Value i:type="a:string" xmlns:a="http://www.w3.org/2001/XMLSchema">RL_hip_joint</Value></Attribute><Attribute z:Id="i507"><AttributeType>type</AttributeType><IsRequired>true</IsRequired><Value i:type="a:string" xmlns:a="http://www.w3.org/2001/XMLSchema">revolute</Value></Attribute></Attributes><ChildElements><URDFElement z:Id="i508" i:type="Origin"><Attributes><Attribute z:Id="i509"><AttributeType>xyz</AttributeType><IsRequired>true</IsRequired><Value i:type="a:ArrayOfdouble" xmlns:a="http://schemas.microsoft.com/2003/10/Serialization/Arrays"><a:double>-0.1366</a:double><a:double>0.065</a:double><a:double>0</a:double></Value></Attribute><Attribute z:Id="i510"><AttributeType>rpy</AttributeType><IsRequired>true</IsRequired><Value i:type="a:ArrayOfdouble" xmlns:a="http://schemas.microsoft.com/2003/10/Serialization/Arrays"><a:double>0</a:double><a:double>0</a:double><a:double>0</a:double></Value></Attribute></Attributes><ChildElements/><ElementName>origin</ElementName><required>false</required><RPYAttribute z:Ref="i510"/><XYZAttribute z:Ref="i509"/><isCustomized>false</isCustomized></URDFElement><URDFElement z:Id="i511" i:type="ParentLink"><Attributes><Attribute z:Id="i512"><AttributeType>link</AttributeType><IsRequired>true</IsRequired><Value i:type="a:string" xmlns:a="http://www.w3.org/2001/XMLSchema">base</Value></Attribute></Attributes><ChildElements/><ElementName>parent</ElementName><required>true</required><NameAttribute z:Ref="i512"/></URDFElement><URDFElement z:Id="i513" i:type="ChildLink"><Attributes><Attribute z:Id="i514"><AttributeType>link</AttributeType><IsRequired>true</IsRequired><Value i:type="a:string" xmlns:a="http://www.w3.org/2001/XMLSchema">RL_hip</Value></Attribute></Attributes><ChildElements/><ElementName>child</ElementName><required>true</required><NameAttribute z:Ref="i514"/></URDFElement><URDFElement z:Id="i515" i:type="Axis"><Attributes><Attribute z:Id="i516"><AttributeType>xyz</AttributeType><IsRequired>true</IsRequired><Value i:type="a:ArrayOfdouble" xmlns:a="http://schemas.microsoft.com/2003/10/Serialization/Arrays"><a:double>-1</a:double><a:double>0</a:double><a:double>0</a:double></Value></Attribute></Attributes><ChildElements/><ElementName>axis</ElementName><required>false</required><XYZAttribute z:Ref="i516"/></URDFElement><URDFElement z:Id="i517" i:type="Limit"><Attributes><Attribute z:Id="i518"><AttributeType>lower</AttributeType><IsRequired>true</IsRequired><Value i:type="a:double" xmlns:a="http://www.w3.org/2001/XMLSchema">0</Value></Attribute><Attribute z:Id="i519"><AttributeType>upper</AttributeType><IsRequired>true</IsRequired><Value i:type="a:double" xmlns:a="http://www.w3.org/2001/XMLSchema">0</Value></Attribute><Attribute z:Id="i520"><AttributeType>effort</AttributeType><IsRequired>true</IsRequired><Value i:type="a:double" xmlns:a="http://www.w3.org/2001/XMLSchema">0</Value></Attribute><Attribute z:Id="i521"><AttributeType>velocity</AttributeType><IsRequired>true</IsRequired><Value i:type="a:double" xmlns:a="http://www.w3.org/2001/XMLSchema">0</Value></Attribute></Attributes><ChildElements/><ElementName>limit</ElementName><required>true</required><EffortAttribute z:Ref="i520"/><LowerAttribute z:Ref="i518"/><UpperAttribute z:Ref="i519"/><VelocityAttribute z:Ref="i521"/></URDFElement><URDFElement z:Id="i522" i:type="Calibration"><Attributes><Attribute z:Id="i523"><AttributeType>rising</AttributeType><IsRequired>false</IsRequired><Value i:nil="true"/></Attribute><Attribute z:Id="i524"><AttributeType>falling</AttributeType><IsRequired>false</IsRequired><Value i:nil="true"/></Attribute></Attributes><ChildElements/><ElementName>calibration</ElementName><required>false</required><FallingAttribute z:Ref="i524"/><RisingAttribute z:Ref="i523"/></URDFElement><URDFElement z:Id="i525" i:type="Dynamics"><Attributes><Attribute z:Id="i526"><AttributeType>damping</AttributeType><IsRequired>false</IsRequired><Value i:nil="true"/></Attribute><Attribute z:Id="i527"><AttributeType>friction</AttributeType><IsRequired>false</IsRequired><Value i:nil="true"/></Attribute></Attributes><ChildElements/><ElementName>dynamics</ElementName><required>false</required><DampingAttribute z:Ref="i526"/><FrictionAttribute z:Ref="i527"/></URDFElement><URDFElement z:Id="i528" i:type="SafetyController"><Attributes><Attribute z:Id="i529"><AttributeType>soft_upper_limit</AttributeType><IsRequired>false</IsRequired><Value i:nil="true"/></Attribute><Attribute z:Id="i530"><AttributeType>soft_lower_limit</AttributeType><IsRequired>false</IsRequired><Value i:nil="true"/></Attribute><Attribute z:Id="i531"><AttributeType>k_position</AttributeType><IsRequired>false</IsRequired><Value i:nil="true"/></Attribute><Attribute z:Id="i532"><AttributeType>k_velocity</AttributeType><IsRequired>true</IsRequired><Value i:nil="true"/></Attribute></Attributes><ChildElements/><ElementName>safety_controller</ElementName><required>false</required><KPositionAttribute z:Ref="i531"/><KVelocityAttribute z:Ref="i532"/><SoftLowerAttribute z:Ref="i530"/><SoftUpperAttribute z:Ref="i529"/></URDFElement><URDFElement z:Id="i533" i:type="Mimic"><Attributes><Attribute z:Id="i534"><AttributeType>joint</AttributeType><IsRequired>true</IsRequired><Value i:nil="true"/></Attribute><Attribute z:Id="i535"><AttributeType>multiplier</AttributeType><IsRequired>false</IsRequired><Value i:nil="true"/></Attribute><Attribute z:Id="i536"><AttributeType>offset</AttributeType><IsRequired>false</IsRequired><Value i:nil="true"/></Attribute></Attributes><ChildElements/><ElementName>mimic</ElementName><required>false</required><JointNameAttribute z:Ref="i534"/><MultiplierAttribute z:Ref="i535"/><OffsetAttribute z:Ref="i536"/></URDFElement></ChildElements><ElementName>joint</ElementName><required>false</required><Axis z:Ref="i515"/><AxisName>RL_hip_axis</AxisName><Calibration z:Ref="i522"/><Child z:Ref="i513"/><CoordinateSystemName>RL_hip_Coordinate System</CoordinateSystemName><Dynamics z:Ref="i525"/><Limit z:Ref="i517"/><Mimic z:Ref="i533"/><NameAttribute z:Ref="i506"/><Origin z:Ref="i508"/><Parent z:Ref="i511"/><Safety z:Ref="i528"/><TypeAttribute z:Ref="i507"/></URDFElement></ChildElements><ElementName>link</ElementName><required>true</required><Children><Link z:Id="i537"><Attributes><Attribute z:Id="i538"><AttributeType>name</AttributeType><IsRequired>true</IsRequired><Value i:type="a:string" xmlns:a="http://www.w3.org/2001/XMLSchema">RL_thigh</Value></Attribute></Attributes><ChildElements><URDFElement z:Id="i539" i:type="Inertial"><Attributes/><ChildElements><URDFElement z:Id="i540" i:type="Origin"><Attributes><Attribute z:Id="i541"><AttributeType>xyz</AttributeType><IsRequired>true</IsRequired><Value i:type="a:ArrayOfdouble" xmlns:a="http://schemas.microsoft.com/2003/10/Serialization/Arrays"><a:double>-0.00060561656977695111</a:double><a:double>0.033789057814668427</a:double><a:double>-0.03464165520142426</a:double></Value></Attribute><Attribute z:Id="i542"><AttributeType>rpy</AttributeType><IsRequired>true</IsRequired><Value i:type="a:ArrayOfdouble" xmlns:a="http://schemas.microsoft.com/2003/10/Serialization/Arrays"><a:double>0</a:double><a:double>0</a:double><a:double>0</a:double></Value></Attribute></Attributes><ChildElements/><ElementName>origin</ElementName><required>false</required><RPYAttribute z:Ref="i542"/><XYZAttribute z:Ref="i541"/><isCustomized>false</isCustomized></URDFElement><URDFElement z:Id="i543" i:type="Mass"><Attributes><Attribute z:Id="i544"><AttributeType>value</AttributeType><IsRequired>true</IsRequired><Value i:type="a:double" xmlns:a="http://www.w3.org/2001/XMLSchema">0.767995666672362</Value></Attribute></Attributes><ChildElements/><ElementName>mass</ElementName><required>false</required><ValueAttribute z:Ref="i544"/></URDFElement><URDFElement z:Id="i545" i:type="Inertia"><Attributes><Attribute z:Id="i546"><AttributeType>ixx</AttributeType><IsRequired>true</IsRequired><Value i:type="a:double" xmlns:a="http://www.w3.org/2001/XMLSchema">0.0027035101011315542</Value></Attribute><Attribute z:Id="i547"><AttributeType>ixy</AttributeType><IsRequired>true</IsRequired><Value i:type="a:double" xmlns:a="http://www.w3.org/2001/XMLSchema">-6.1942485330895431E-07</Value></Attribute><Attribute z:Id="i548"><AttributeType>ixz</AttributeType><IsRequired>true</IsRequired><Value i:type="a:double" xmlns:a="http://www.w3.org/2001/XMLSchema">-5.5615916709620819E-05</Value></Attribute><Attribute z:Id="i549"><AttributeType>iyy</AttributeType><IsRequired>true</IsRequired><Value i:type="a:double" xmlns:a="http://www.w3.org/2001/XMLSchema">0.003166530980392069</Value></Attribute><Attribute z:Id="i550"><AttributeType>iyz</AttributeType><IsRequired>true</IsRequired><Value i:type="a:double" xmlns:a="http://www.w3.org/2001/XMLSchema">7.276259413903382E-07</Value></Attribute><Attribute z:Id="i551"><AttributeType>izz</AttributeType><IsRequired>true</IsRequired><Value i:type="a:double" xmlns:a="http://www.w3.org/2001/XMLSchema">0.00048678603228100226</Value></Attribute></Attributes><ChildElements/><ElementName>inertia</ElementName><required>false</required><IxxAttribute z:Ref="i546"/><IxyAttribute z:Ref="i547"/><IxzAttribute z:Ref="i548"/><IyyAttribute z:Ref="i549"/><IyzAttribute z:Ref="i550"/><IzzAttribute z:Ref="i551"/></URDFElement></ChildElements><ElementName>inertial</ElementName><required>false</required><Inertia z:Ref="i545"/><Mass z:Ref="i543"/><Origin z:Ref="i540"/></URDFElement><URDFElement z:Id="i552" i:type="Visual"><Attributes/><ChildElements><URDFElement z:Id="i553" i:type="Origin"><Attributes><Attribute z:Id="i554"><AttributeType>xyz</AttributeType><IsRequired>true</IsRequired><Value i:type="a:ArrayOfdouble" xmlns:a="http://schemas.microsoft.com/2003/10/Serialization/Arrays"><a:double>0</a:double><a:double>0</a:double><a:double>0</a:double></Value></Attribute><Attribute z:Id="i555"><AttributeType>rpy</AttributeType><IsRequired>true</IsRequired><Value i:type="a:ArrayOfdouble" xmlns:a="http://schemas.microsoft.com/2003/10/Serialization/Arrays"><a:double>0</a:double><a:double>0</a:double><a:double>0</a:double></Value></Attribute></Attributes><ChildElements/><ElementName>origin</ElementName><required>false</required><RPYAttribute z:Ref="i555"/><XYZAttribute z:Ref="i554"/><isCustomized>false</isCustomized></URDFElement><URDFElement z:Id="i556" i:type="Geometry"><Attributes/><ChildElements><URDFElement z:Id="i557" i:type="Mesh"><Attributes><Attribute z:Id="i558"><AttributeType>filename</AttributeType><IsRequired>true</IsRequired><Value i:nil="true"/></Attribute></Attributes><ChildElements/><ElementName>mesh</ElementName><required>false</required><FilenameAttribute z:Ref="i558"/></URDFElement></ChildElements><ElementName>geometry</ElementName><required>true</required><Mesh z:Ref="i557"/></URDFElement><URDFElement z:Id="i559" i:type="Material"><Attributes><Attribute z:Id="i560"><AttributeType>name</AttributeType><IsRequired>true</IsRequired><Value i:type="a:string" xmlns:a="http://www.w3.org/2001/XMLSchema"/></Attribute></Attributes><ChildElements><URDFElement z:Id="i561" i:type="Color"><Attributes><Attribute z:Id="i562"><AttributeType>rgba</AttributeType><IsRequired>true</IsRequired><Value i:type="a:ArrayOfdouble" xmlns:a="http://schemas.microsoft.com/2003/10/Serialization/Arrays"><a:double>0.64313725490196072</a:double><a:double>0.615686274509804</a:double><a:double>0.6</a:double><a:double>1</a:double></Value></Attribute></Attributes><ChildElements/><ElementName>color</ElementName><required>false</required><RGBAAttribute z:Ref="i562"/></URDFElement><URDFElement z:Id="i563" i:type="Texture"><Attributes><Attribute z:Id="i564"><AttributeType>filename</AttributeType><IsRequired>true</IsRequired><Value i:nil="true"/></Attribute></Attributes><ChildElements/><ElementName>texture</ElementName><required>false</required><FilenameAttribute z:Ref="i564"/><wFilename/></URDFElement></ChildElements><ElementName>material</ElementName><required>false</required><Color z:Ref="i561"/><NameAttribute z:Ref="i560"/><Texture z:Ref="i563"/></URDFElement></ChildElements><ElementName>visual</ElementName><required>false</required><Geometry z:Ref="i556"/><Material z:Ref="i559"/><Origin z:Ref="i553"/></URDFElement><URDFElement z:Id="i565" i:type="Collision"><Attributes/><ChildElements><URDFElement z:Id="i566" i:type="Origin"><Attributes><Attribute z:Id="i567"><AttributeType>xyz</AttributeType><IsRequired>true</IsRequired><Value i:type="a:ArrayOfdouble" xmlns:a="http://schemas.microsoft.com/2003/10/Serialization/Arrays"><a:double>0</a:double><a:double>0</a:double><a:double>0</a:double></Value></Attribute><Attribute z:Id="i568"><AttributeType>rpy</AttributeType><IsRequired>true</IsRequired><Value i:type="a:ArrayOfdouble" xmlns:a="http://schemas.microsoft.com/2003/10/Serialization/Arrays"><a:double>0</a:double><a:double>0</a:double><a:double>0</a:double></Value></Attribute></Attributes><ChildElements/><ElementName>origin</ElementName><required>false</required><RPYAttribute z:Ref="i568"/><XYZAttribute z:Ref="i567"/><isCustomized>false</isCustomized></URDFElement><URDFElement z:Id="i569" i:type="Geometry"><Attributes/><ChildElements><URDFElement z:Id="i570" i:type="Mesh"><Attributes><Attribute z:Id="i571"><AttributeType>filename</AttributeType><IsRequired>true</IsRequired><Value i:nil="true"/></Attribute></Attributes><ChildElements/><ElementName>mesh</ElementName><required>false</required><FilenameAttribute z:Ref="i571"/></URDFElement></ChildElements><ElementName>geometry</ElementName><required>true</required><Mesh z:Ref="i570"/></URDFElement></ChildElements><ElementName>collision</ElementName><required>false</required><Geometry z:Ref="i569"/><Origin z:Ref="i566"/></URDFElement><URDFElement z:Id="i572" i:type="Joint"><Attributes><Attribute z:Id="i573"><AttributeType>name</AttributeType><IsRequired>true</IsRequired><Value i:type="a:string" xmlns:a="http://www.w3.org/2001/XMLSchema">RL_thigh_joint</Value></Attribute><Attribute z:Id="i574"><AttributeType>type</AttributeType><IsRequired>true</IsRequired><Value i:type="a:string" xmlns:a="http://www.w3.org/2001/XMLSchema">revolute</Value></Attribute></Attributes><ChildElements><URDFElement z:Id="i575" i:type="Origin"><Attributes><Attribute z:Id="i576"><AttributeType>xyz</AttributeType><IsRequired>true</IsRequired><Value i:type="a:ArrayOfdouble" xmlns:a="http://schemas.microsoft.com/2003/10/Serialization/Arrays"><a:double>-0.05825</a:double><a:double>0.0186</a:double><a:double>0</a:double></Value></Attribute><Attribute z:Id="i577"><AttributeType>rpy</AttributeType><IsRequired>true</IsRequired><Value i:type="a:ArrayOfdouble" xmlns:a="http://schemas.microsoft.com/2003/10/Serialization/Arrays"><a:double>0</a:double><a:double>0</a:double><a:double>0</a:double></Value></Attribute></Attributes><ChildElements/><ElementName>origin</ElementName><required>false</required><RPYAttribute z:Ref="i577"/><XYZAttribute z:Ref="i576"/><isCustomized>false</isCustomized></URDFElement><URDFElement z:Id="i578" i:type="ParentLink"><Attributes><Attribute z:Id="i579"><AttributeType>link</AttributeType><IsRequired>true</IsRequired><Value i:type="a:string" xmlns:a="http://www.w3.org/2001/XMLSchema">RL_hip</Value></Attribute></Attributes><ChildElements/><ElementName>parent</ElementName><required>true</required><NameAttribute z:Ref="i579"/></URDFElement><URDFElement z:Id="i580" i:type="ChildLink"><Attributes><Attribute z:Id="i581"><AttributeType>link</AttributeType><IsRequired>true</IsRequired><Value i:type="a:string" xmlns:a="http://www.w3.org/2001/XMLSchema">RL_thigh</Value></Attribute></Attributes><ChildElements/><ElementName>child</ElementName><required>true</required><NameAttribute z:Ref="i581"/></URDFElement><URDFElement z:Id="i582" i:type="Axis"><Attributes><Attribute z:Id="i583"><AttributeType>xyz</AttributeType><IsRequired>true</IsRequired><Value i:type="a:ArrayOfdouble" xmlns:a="http://schemas.microsoft.com/2003/10/Serialization/Arrays"><a:double>0</a:double><a:double>1</a:double><a:double>0</a:double></Value></Attribute></Attributes><ChildElements/><ElementName>axis</ElementName><required>false</required><XYZAttribute z:Ref="i583"/></URDFElement><URDFElement z:Id="i584" i:type="Limit"><Attributes><Attribute z:Id="i585"><AttributeType>lower</AttributeType><IsRequired>true</IsRequired><Value i:type="a:double" xmlns:a="http://www.w3.org/2001/XMLSchema">0</Value></Attribute><Attribute z:Id="i586"><AttributeType>upper</AttributeType><IsRequired>true</IsRequired><Value i:type="a:double" xmlns:a="http://www.w3.org/2001/XMLSchema">0</Value></Attribute><Attribute z:Id="i587"><AttributeType>effort</AttributeType><IsRequired>true</IsRequired><Value i:type="a:double" xmlns:a="http://www.w3.org/2001/XMLSchema">0</Value></Attribute><Attribute z:Id="i588"><AttributeType>velocity</AttributeType><IsRequired>true</IsRequired><Value i:type="a:double" xmlns:a="http://www.w3.org/2001/XMLSchema">0</Value></Attribute></Attributes><ChildElements/><ElementName>limit</ElementName><required>true</required><EffortAttribute z:Ref="i587"/><LowerAttribute z:Ref="i585"/><UpperAttribute z:Ref="i586"/><VelocityAttribute z:Ref="i588"/></URDFElement><URDFElement z:Id="i589" i:type="Calibration"><Attributes><Attribute z:Id="i590"><AttributeType>rising</AttributeType><IsRequired>false</IsRequired><Value i:nil="true"/></Attribute><Attribute z:Id="i591"><AttributeType>falling</AttributeType><IsRequired>false</IsRequired><Value i:nil="true"/></Attribute></Attributes><ChildElements/><ElementName>calibration</ElementName><required>false</required><FallingAttribute z:Ref="i591"/><RisingAttribute z:Ref="i590"/></URDFElement><URDFElement z:Id="i592" i:type="Dynamics"><Attributes><Attribute z:Id="i593"><AttributeType>damping</AttributeType><IsRequired>false</IsRequired><Value i:nil="true"/></Attribute><Attribute z:Id="i594"><AttributeType>friction</AttributeType><IsRequired>false</IsRequired><Value i:nil="true"/></Attribute></Attributes><ChildElements/><ElementName>dynamics</ElementName><required>false</required><DampingAttribute z:Ref="i593"/><FrictionAttribute z:Ref="i594"/></URDFElement><URDFElement z:Id="i595" i:type="SafetyController"><Attributes><Attribute z:Id="i596"><AttributeType>soft_upper_limit</AttributeType><IsRequired>false</IsRequired><Value i:nil="true"/></Attribute><Attribute z:Id="i597"><AttributeType>soft_lower_limit</AttributeType><IsRequired>false</IsRequired><Value i:nil="true"/></Attribute><Attribute z:Id="i598"><AttributeType>k_position</AttributeType><IsRequired>false</IsRequired><Value i:nil="true"/></Attribute><Attribute z:Id="i599"><AttributeType>k_velocity</AttributeType><IsRequired>true</IsRequired><Value i:nil="true"/></Attribute></Attributes><ChildElements/><ElementName>safety_controller</ElementName><required>false</required><KPositionAttribute z:Ref="i598"/><KVelocityAttribute z:Ref="i599"/><SoftLowerAttribute z:Ref="i597"/><SoftUpperAttribute z:Ref="i596"/></URDFElement><URDFElement z:Id="i600" i:type="Mimic"><Attributes><Attribute z:Id="i601"><AttributeType>joint</AttributeType><IsRequired>true</IsRequired><Value i:nil="true"/></Attribute><Attribute z:Id="i602"><AttributeType>multiplier</AttributeType><IsRequired>false</IsRequired><Value i:nil="true"/></Attribute><Attribute z:Id="i603"><AttributeType>offset</AttributeType><IsRequired>false</IsRequired><Value i:nil="true"/></Attribute></Attributes><ChildElements/><ElementName>mimic</ElementName><required>false</required><JointNameAttribute z:Ref="i601"/><MultiplierAttribute z:Ref="i602"/><OffsetAttribute z:Ref="i603"/></URDFElement></ChildElements><ElementName>joint</ElementName><required>false</required><Axis z:Ref="i582"/><AxisName>RL_thigh_axis</AxisName><Calibration z:Ref="i589"/><Child z:Ref="i580"/><CoordinateSystemName>RL_thigh_Coordinate System</CoordinateSystemName><Dynamics z:Ref="i592"/><Limit z:Ref="i584"/><Mimic z:Ref="i600"/><NameAttribute z:Ref="i573"/><Origin z:Ref="i575"/><Parent z:Ref="i578"/><Safety z:Ref="i595"/><TypeAttribute z:Ref="i574"/></URDFElement></ChildElements><ElementName>link</ElementName><required>true</required><Children><Link z:Id="i604"><Attributes><Attribute z:Id="i605"><AttributeType>name</AttributeType><IsRequired>true</IsRequired><Value i:type="a:string" xmlns:a="http://www.w3.org/2001/XMLSchema">RL_calf</Value></Attribute></Attributes><ChildElements><URDFElement z:Id="i606" i:type="Inertial"><Attributes/><ChildElements><URDFElement z:Id="i607" i:type="Origin"><Attributes><Attribute z:Id="i608"><AttributeType>xyz</AttributeType><IsRequired>true</IsRequired><Value i:type="a:ArrayOfdouble" xmlns:a="http://schemas.microsoft.com/2003/10/Serialization/Arrays"><a:double>0.0063129932843730974</a:double><a:double>-2.4496200635326648E-05</a:double><a:double>-0.091768654493874169</a:double></Value></Attribute><Attribute z:Id="i609"><AttributeType>rpy</AttributeType><IsRequired>true</IsRequired><Value i:type="a:ArrayOfdouble" xmlns:a="http://schemas.microsoft.com/2003/10/Serialization/Arrays"><a:double>0</a:double><a:double>0</a:double><a:double>0</a:double></Value></Attribute></Attributes><ChildElements/><ElementName>origin</ElementName><required>false</required><RPYAttribute z:Ref="i609"/><XYZAttribute z:Ref="i608"/><isCustomized>false</isCustomized></URDFElement><URDFElement z:Id="i610" i:type="Mass"><Attributes><Attribute z:Id="i611"><AttributeType>value</AttributeType><IsRequired>true</IsRequired><Value i:type="a:double" xmlns:a="http://www.w3.org/2001/XMLSchema">0.2477992763499306</Value></Attribute></Attributes><ChildElements/><ElementName>mass</ElementName><required>false</required><ValueAttribute z:Ref="i611"/></URDFElement><URDFElement z:Id="i612" i:type="Inertia"><Attributes><Attribute z:Id="i613"><AttributeType>ixx</AttributeType><IsRequired>true</IsRequired><Value i:type="a:double" xmlns:a="http://www.w3.org/2001/XMLSchema">0.000559369450508884</Value></Attribute><Attribute z:Id="i614"><AttributeType>ixy</AttributeType><IsRequired>true</IsRequired><Value i:type="a:double" xmlns:a="http://www.w3.org/2001/XMLSchema">7.2776729077305536E-09</Value></Attribute><Attribute z:Id="i615"><AttributeType>ixz</AttributeType><IsRequired>true</IsRequired><Value i:type="a:double" xmlns:a="http://www.w3.org/2001/XMLSchema">3.1927590651445635E-05</Value></Attribute><Attribute z:Id="i616"><AttributeType>iyy</AttributeType><IsRequired>true</IsRequired><Value i:type="a:double" xmlns:a="http://www.w3.org/2001/XMLSchema">0.00057994341943448462</Value></Attribute><Attribute z:Id="i617"><AttributeType>iyz</AttributeType><IsRequired>true</IsRequired><Value i:type="a:double" xmlns:a="http://www.w3.org/2001/XMLSchema">5.9037738839712238E-08</Value></Attribute><Attribute z:Id="i618"><AttributeType>izz</AttributeType><IsRequired>true</IsRequired><Value i:type="a:double" xmlns:a="http://www.w3.org/2001/XMLSchema">2.4933612463864574E-05</Value></Attribute></Attributes><ChildElements/><ElementName>inertia</ElementName><required>false</required><IxxAttribute z:Ref="i613"/><IxyAttribute z:Ref="i614"/><IxzAttribute z:Ref="i615"/><IyyAttribute z:Ref="i616"/><IyzAttribute z:Ref="i617"/><IzzAttribute z:Ref="i618"/></URDFElement></ChildElements><ElementName>inertial</ElementName><required>false</required><Inertia z:Ref="i612"/><Mass z:Ref="i610"/><Origin z:Ref="i607"/></URDFElement><URDFElement z:Id="i619" i:type="Visual"><Attributes/><ChildElements><URDFElement z:Id="i620" i:type="Origin"><Attributes><Attribute z:Id="i621"><AttributeType>xyz</AttributeType><IsRequired>true</IsRequired><Value i:type="a:ArrayOfdouble" xmlns:a="http://schemas.microsoft.com/2003/10/Serialization/Arrays"><a:double>0</a:double><a:double>0</a:double><a:double>0</a:double></Value></Attribute><Attribute z:Id="i622"><AttributeType>rpy</AttributeType><IsRequired>true</IsRequired><Value i:type="a:ArrayOfdouble" xmlns:a="http://schemas.microsoft.com/2003/10/Serialization/Arrays"><a:double>0</a:double><a:double>0</a:double><a:double>0</a:double></Value></Attribute></Attributes><ChildElements/><ElementName>origin</ElementName><required>false</required><RPYAttribute z:Ref="i622"/><XYZAttribute z:Ref="i621"/><isCustomized>false</isCustomized></URDFElement><URDFElement z:Id="i623" i:type="Geometry"><Attributes/><ChildElements><URDFElement z:Id="i624" i:type="Mesh"><Attributes><Attribute z:Id="i625"><AttributeType>filename</AttributeType><IsRequired>true</IsRequired><Value i:nil="true"/></Attribute></Attributes><ChildElements/><ElementName>mesh</ElementName><required>false</required><FilenameAttribute z:Ref="i625"/></URDFElement></ChildElements><ElementName>geometry</ElementName><required>true</required><Mesh z:Ref="i624"/></URDFElement><URDFElement z:Id="i626" i:type="Material"><Attributes><Attribute z:Id="i627"><AttributeType>name</AttributeType><IsRequired>true</IsRequired><Value i:type="a:string" xmlns:a="http://www.w3.org/2001/XMLSchema"/></Attribute></Attributes><ChildElements><URDFElement z:Id="i628" i:type="Color"><Attributes><Attribute z:Id="i629"><AttributeType>rgba</AttributeType><IsRequired>true</IsRequired><Value i:type="a:ArrayOfdouble" xmlns:a="http://schemas.microsoft.com/2003/10/Serialization/Arrays"><a:double>0.89803921568627454</a:double><a:double>0.91764705882352937</a:double><a:double>0.92941176470588238</a:double><a:double>1</a:double></Value></Attribute></Attributes><ChildElements/><ElementName>color</ElementName><required>false</required><RGBAAttribute z:Ref="i629"/></URDFElement><URDFElement z:Id="i630" i:type="Texture"><Attributes><Attribute z:Id="i631"><AttributeType>filename</AttributeType><IsRequired>true</IsRequired><Value i:nil="true"/></Attribute></Attributes><ChildElements/><ElementName>texture</ElementName><required>false</required><FilenameAttribute z:Ref="i631"/><wFilename/></URDFElement></ChildElements><ElementName>material</ElementName><required>false</required><Color z:Ref="i628"/><NameAttribute z:Ref="i627"/><Texture z:Ref="i630"/></URDFElement></ChildElements><ElementName>visual</ElementName><required>false</required><Geometry z:Ref="i623"/><Material z:Ref="i626"/><Origin z:Ref="i620"/></URDFElement><URDFElement z:Id="i632" i:type="Collision"><Attributes/><ChildElements><URDFElement z:Id="i633" i:type="Origin"><Attributes><Attribute z:Id="i634"><AttributeType>xyz</AttributeType><IsRequired>true</IsRequired><Value i:type="a:ArrayOfdouble" xmlns:a="http://schemas.microsoft.com/2003/10/Serialization/Arrays"><a:double>0</a:double><a:double>0</a:double><a:double>0</a:double></Value></Attribute><Attribute z:Id="i635"><AttributeType>rpy</AttributeType><IsRequired>true</IsRequired><Value i:type="a:ArrayOfdouble" xmlns:a="http://schemas.microsoft.com/2003/10/Serialization/Arrays"><a:double>0</a:double><a:double>0</a:double><a:double>0</a:double></Value></Attribute></Attributes><ChildElements/><ElementName>origin</ElementName><required>false</required><RPYAttribute z:Ref="i635"/><XYZAttribute z:Ref="i634"/><isCustomized>false</isCustomized></URDFElement><URDFElement z:Id="i636" i:type="Geometry"><Attributes/><ChildElements><URDFElement z:Id="i637" i:type="Mesh"><Attributes><Attribute z:Id="i638"><AttributeType>filename</AttributeType><IsRequired>true</IsRequired><Value i:nil="true"/></Attribute></Attributes><ChildElements/><ElementName>mesh</ElementName><required>false</required><FilenameAttribute z:Ref="i638"/></URDFElement></ChildElements><ElementName>geometry</ElementName><required>true</required><Mesh z:Ref="i637"/></URDFElement></ChildElements><ElementName>collision</ElementName><required>false</required><Geometry z:Ref="i636"/><Origin z:Ref="i633"/></URDFElement><URDFElement z:Id="i639" i:type="Joint"><Attributes><Attribute z:Id="i640"><AttributeType>name</AttributeType><IsRequired>true</IsRequired><Value i:type="a:string" xmlns:a="http://www.w3.org/2001/XMLSchema">RL_calf_joint</Value></Attribute><Attribute z:Id="i641"><AttributeType>type</AttributeType><IsRequired>true</IsRequired><Value i:type="a:string" xmlns:a="http://www.w3.org/2001/XMLSchema">revolute</Value></Attribute></Attributes><ChildElements><URDFElement z:Id="i642" i:type="Origin"><Attributes><Attribute z:Id="i643"><AttributeType>xyz</AttributeType><IsRequired>true</IsRequired><Value i:type="a:ArrayOfdouble" xmlns:a="http://schemas.microsoft.com/2003/10/Serialization/Arrays"><a:double>0</a:double><a:double>0.0572</a:double><a:double>-0.21</a:double></Value></Attribute><Attribute z:Id="i644"><AttributeType>rpy</AttributeType><IsRequired>true</IsRequired><Value i:type="a:ArrayOfdouble" xmlns:a="http://schemas.microsoft.com/2003/10/Serialization/Arrays"><a:double>0</a:double><a:double>0</a:double><a:double>0</a:double></Value></Attribute></Attributes><ChildElements/><ElementName>origin</ElementName><required>false</required><RPYAttribute z:Ref="i644"/><XYZAttribute z:Ref="i643"/><isCustomized>false</isCustomized></URDFElement><URDFElement z:Id="i645" i:type="ParentLink"><Attributes><Attribute z:Id="i646"><AttributeType>link</AttributeType><IsRequired>true</IsRequired><Value i:type="a:string" xmlns:a="http://www.w3.org/2001/XMLSchema">RL_thigh</Value></Attribute></Attributes><ChildElements/><ElementName>parent</ElementName><required>true</required><NameAttribute z:Ref="i646"/></URDFElement><URDFElement z:Id="i647" i:type="ChildLink"><Attributes><Attribute z:Id="i648"><AttributeType>link</AttributeType><IsRequired>true</IsRequired><Value i:type="a:string" xmlns:a="http://www.w3.org/2001/XMLSchema">RL_calf</Value></Attribute></Attributes><ChildElements/><ElementName>child</ElementName><required>true</required><NameAttribute z:Ref="i648"/></URDFElement><URDFElement z:Id="i649" i:type="Axis"><Attributes><Attribute z:Id="i650"><AttributeType>xyz</AttributeType><IsRequired>true</IsRequired><Value i:type="a:ArrayOfdouble" xmlns:a="http://schemas.microsoft.com/2003/10/Serialization/Arrays"><a:double>0</a:double><a:double>1</a:double><a:double>0</a:double></Value></Attribute></Attributes><ChildElements/><ElementName>axis</ElementName><required>false</required><XYZAttribute z:Ref="i650"/></URDFElement><URDFElement z:Id="i651" i:type="Limit"><Attributes><Attribute z:Id="i652"><AttributeType>lower</AttributeType><IsRequired>true</IsRequired><Value i:type="a:double" xmlns:a="http://www.w3.org/2001/XMLSchema">0</Value></Attribute><Attribute z:Id="i653"><AttributeType>upper</AttributeType><IsRequired>true</IsRequired><Value i:type="a:double" xmlns:a="http://www.w3.org/2001/XMLSchema">0</Value></Attribute><Attribute z:Id="i654"><AttributeType>effort</AttributeType><IsRequired>true</IsRequired><Value i:type="a:double" xmlns:a="http://www.w3.org/2001/XMLSchema">0</Value></Attribute><Attribute z:Id="i655"><AttributeType>velocity</AttributeType><IsRequired>true</IsRequired><Value i:type="a:double" xmlns:a="http://www.w3.org/2001/XMLSchema">0</Value></Attribute></Attributes><ChildElements/><ElementName>limit</ElementName><required>true</required><EffortAttribute z:Ref="i654"/><LowerAttribute z:Ref="i652"/><UpperAttribute z:Ref="i653"/><VelocityAttribute z:Ref="i655"/></URDFElement><URDFElement z:Id="i656" i:type="Calibration"><Attributes><Attribute z:Id="i657"><AttributeType>rising</AttributeType><IsRequired>false</IsRequired><Value i:nil="true"/></Attribute><Attribute z:Id="i658"><AttributeType>falling</AttributeType><IsRequired>false</IsRequired><Value i:nil="true"/></Attribute></Attributes><ChildElements/><ElementName>calibration</ElementName><required>false</required><FallingAttribute z:Ref="i658"/><RisingAttribute z:Ref="i657"/></URDFElement><URDFElement z:Id="i659" i:type="Dynamics"><Attributes><Attribute z:Id="i660"><AttributeType>damping</AttributeType><IsRequired>false</IsRequired><Value i:nil="true"/></Attribute><Attribute z:Id="i661"><AttributeType>friction</AttributeType><IsRequired>false</IsRequired><Value i:nil="true"/></Attribute></Attributes><ChildElements/><ElementName>dynamics</ElementName><required>false</required><DampingAttribute z:Ref="i660"/><FrictionAttribute z:Ref="i661"/></URDFElement><URDFElement z:Id="i662" i:type="SafetyController"><Attributes><Attribute z:Id="i663"><AttributeType>soft_upper_limit</AttributeType><IsRequired>false</IsRequired><Value i:nil="true"/></Attribute><Attribute z:Id="i664"><AttributeType>soft_lower_limit</AttributeType><IsRequired>false</IsRequired><Value i:nil="true"/></Attribute><Attribute z:Id="i665"><AttributeType>k_position</AttributeType><IsRequired>false</IsRequired><Value i:nil="true"/></Attribute><Attribute z:Id="i666"><AttributeType>k_velocity</AttributeType><IsRequired>true</IsRequired><Value i:nil="true"/></Attribute></Attributes><ChildElements/><ElementName>safety_controller</ElementName><required>false</required><KPositionAttribute z:Ref="i665"/><KVelocityAttribute z:Ref="i666"/><SoftLowerAttribute z:Ref="i664"/><SoftUpperAttribute z:Ref="i663"/></URDFElement><URDFElement z:Id="i667" i:type="Mimic"><Attributes><Attribute z:Id="i668"><AttributeType>joint</AttributeType><IsRequired>true</IsRequired><Value i:nil="true"/></Attribute><Attribute z:Id="i669"><AttributeType>multiplier</AttributeType><IsRequired>false</IsRequired><Value i:nil="true"/></Attribute><Attribute z:Id="i670"><AttributeType>offset</AttributeType><IsRequired>false</IsRequired><Value i:nil="true"/></Attribute></Attributes><ChildElements/><ElementName>mimic</ElementName><required>false</required><JointNameAttribute z:Ref="i668"/><MultiplierAttribute z:Ref="i669"/><OffsetAttribute z:Ref="i670"/></URDFElement></ChildElements><ElementName>joint</ElementName><required>false</required><Axis z:Ref="i649"/><AxisName>RL_calf_axis</AxisName><Calibration z:Ref="i656"/><Child z:Ref="i647"/><CoordinateSystemName>RL_calf_Coordinate System</CoordinateSystemName><Dynamics z:Ref="i659"/><Limit z:Ref="i651"/><Mimic z:Ref="i667"/><NameAttribute z:Ref="i640"/><Origin z:Ref="i642"/><Parent z:Ref="i645"/><Safety z:Ref="i662"/><TypeAttribute z:Ref="i641"/></URDFElement></ChildElements><ElementName>link</ElementName><required>true</required><Children/><Collision z:Ref="i632"/><Inertial z:Ref="i606"/><Joint z:Ref="i639"/><NameAttribute z:Ref="i605"/><Parent z:Ref="i537"/><STLQualityFine>false</STLQualityFine><SWComponentPIDs xmlns:a="http://schemas.microsoft.com/2003/10/Serialization/Arrays"><a:base64Binary>aEIAAAUAAAD//v8TD1x/gS1O9JXyZr9+LQA2ADAANgAxAC0ANQBAAHRl13LFiE2RU08EAAAAEAAAAAEAAAABAAAAWQMAAA==</a:base64Binary><a:base64Binary>aEIAAAUAAAD//v8WD1x/gRZZp0/yZr9+LQBclc9QLQA2ADAANgAxAC0ANQBAAHRl13LFiE2RU08EAAAAEAAAAAEAAAABAAAAWgMAAA==</a:base64Binary><a:base64Binary>aEIAAAUAAAD//v8TD1x/gRZZp0/yZr9+LQA2ADAANgAxAC0ANQBAAHRl13LFiE2RU08EAAAAEAAAAAEAAAABAAAAWwMAAA==</a:base64Binary><a:base64Binary>aEIAAAUAAAD//v8ND1x/gXCZf2cyAC0AMQBAAHRl13LFiE2RU08EAAAAEAAAAAEAAAABAAAAzQQAAA==</a:base64Binary><a:base64Binary>aEIAAAUAAAD//v8Ns43velNicFP2Ti0AMQBAAHRl13LFiE2RU08EAAAAEAAAAAEAAAABAAAAvAQAAA==</a:base64Binary><a:base64Binary>aEIAAAUAAAD//v8MRXj2gLON73otADIAQAB0ZddyxYhNkVNPBAAAABAAAAABAAAAAQAAAPgEAAA=</a:base64Binary><a:base64Binary>aEIAAAUAAAD//v8ND1x/gXCZf2cxAC0AMQBAAHRl13LFiE2RU08EAAAAEAAAAAEAAAABAAAAxwQAAA==</a:base64Binary></SWComponentPIDs><SWMainComponentPID i:nil="true"/><Visual z:Ref="i619"/><isFixedFrame>false</isFixedFrame><isIncomplete>false</isIncomplete></Link></Children><Collision z:Ref="i565"/><Inertial z:Ref="i539"/><Joint z:Ref="i572"/><NameAttribute z:Ref="i538"/><Parent z:Ref="i470"/><STLQualityFine>false</STLQualityFine><SWComponentPIDs xmlns:a="http://schemas.microsoft.com/2003/10/Serialization/Arrays"><a:base64Binary>aEIAAAUAAAD//v8ZRwBPAC0ATQA4ADAAMQAwAC0ANgA1dTpnMwBEACFqi1ctADEAMQBAAHRl13LFiE2RU08EAAAAEAAAAAEAAAABAAAAGAEAAA==</a:base64Binary><a:base64Binary>aEIAAAUAAAD//v8UJ1l/gYVRp08tADYAMAA2ADEALQDmXadPLQAyAEAAdGXXcsWITZFTTwQAAAAQAAAAAQAAAAEAAABWAwAA</a:base64Binary><a:base64Binary>aEIAAAUAAAD//v8SJ1l/gVNicFP2Ti0AXJXPUOZdp08tADIAQAB0ZddyxYhNkVNPBAAAABAAAAABAAAAAQAAAFcDAAA=</a:base64Binary><a:base64Binary>aEIAAAUAAAD//v8VJ1l/gRZZp08tADYAMAA2ADEALQAzAG0AbQAtADUAQAB0ZddyxYhNkVNPBAAAABAAAAABAAAAAQAAAFgDAAA=</a:base64Binary><a:base64Binary>aEIAAAUAAAD//v8YMgAtADMAc1GCgt6PpWP2Ti0A5l0OVC0ANgAwADYAMQAtADIAQAB0ZddyxYhNkVNPBAAAABAAAAABAAAAAQAAAKgEAAA=</a:base64Binary></SWComponentPIDs><SWMainComponentPID i:nil="true"/><Visual z:Ref="i552"/><isFixedFrame>false</isFixedFrame><isIncomplete>false</isIncomplete></Link></Children><Collision z:Ref="i498"/><Inertial z:Ref="i472"/><Joint z:Ref="i505"/><NameAttribute z:Ref="i471"/><Parent z:Ref="i1"/><STLQualityFine>false</STLQualityFine><SWComponentPIDs xmlns:a="http://schemas.microsoft.com/2003/10/Serialization/Arrays"><a:base64Binary>aEIAAAUAAAD//v8ZRwBPAC0ATQA4ADAAMQAwAC0ANgA1dTpnMwBEACFqi1ctADEAMgBAAHRl13LFiE2RU08EAAAAEAAAAAEAAAABAAAAGQEAAA==</a:base64Binary><a:base64Binary>aEIAAAUAAAD//v8Zy5pzUYKC3o+lY/ZOLQBVU2KXLQA2ADAANgAxAC0A5l0OVC0AMQBAAHRl13LFiE2RU08EAAAAEAAAAAEAAAABAAAADwMAAA==</a:base64Binary><a:base64Binary>aEIAAAUAAAD//v8SJ1l/gS0AD1x/gXNRgoJQlk1PV1ctADUAQAB0ZddyxYhNkVNPBAAAABAAAAABAAAAAQAAALIDAAA=</a:base64Binary></SWComponentPIDs><SWMainComponentPID i:nil="true"/><Visual z:Ref="i485"/><isFixedFrame>false</isFixedFrame><isIncomplete>false</isIncomplete></Link><Link z:Id="i671"><Attributes><Attribute z:Id="i672"><AttributeType>name</AttributeType><IsRequired>true</IsRequired><Value i:type="a:string" xmlns:a="http://www.w3.org/2001/XMLSchema">RR_hip</Value></Attribute></Attributes><ChildElements><URDFElement z:Id="i673" i:type="Inertial"><Attributes/><ChildElements><URDFElement z:Id="i674" i:type="Origin"><Attributes><Attribute z:Id="i675"><AttributeType>xyz</AttributeType><IsRequired>true</IsRequired><Value i:type="a:ArrayOfdouble" xmlns:a="http://schemas.microsoft.com/2003/10/Serialization/Arrays"><a:double>-0.058314157257065208</a:double><a:double>0.00085523239828218245</a:double><a:double>-9.8232643282777921E-05</a:double></Value></Attribute><Attribute z:Id="i676"><AttributeType>rpy</AttributeType><IsRequired>true</IsRequired><Value i:type="a:ArrayOfdouble" xmlns:a="http://schemas.microsoft.com/2003/10/Serialization/Arrays"><a:double>0</a:double><a:double>0</a:double><a:double>0</a:double></Value></Attribute></Attributes><ChildElements/><ElementName>origin</ElementName><required>false</required><RPYAttribute z:Ref="i676"/><XYZAttribute z:Ref="i675"/><isCustomized>false</isCustomized></URDFElement><URDFElement z:Id="i677" i:type="Mass"><Attributes><Attribute z:Id="i678"><AttributeType>value</AttributeType><IsRequired>true</IsRequired><Value i:type="a:double" xmlns:a="http://www.w3.org/2001/XMLSchema">0.19355153966926017</Value></Attribute></Attributes><ChildElements/><ElementName>mass</ElementName><required>false</required><ValueAttribute z:Ref="i678"/></URDFElement><URDFElement z:Id="i679" i:type="Inertia"><Attributes><Attribute z:Id="i680"><AttributeType>ixx</AttributeType><IsRequired>true</IsRequired><Value i:type="a:double" xmlns:a="http://www.w3.org/2001/XMLSchema">0.00011111842152959225</Value></Attribute><Attribute z:Id="i681"><AttributeType>ixy</AttributeType><IsRequired>true</IsRequired><Value i:type="a:double" xmlns:a="http://www.w3.org/2001/XMLSchema">-2.5287516299098222E-08</Value></Attribute><Attribute z:Id="i682"><AttributeType>ixz</AttributeType><IsRequired>true</IsRequired><Value i:type="a:double" xmlns:a="http://www.w3.org/2001/XMLSchema">3.6294121855137336E-07</Value></Attribute><Attribute z:Id="i683"><AttributeType>iyy</AttributeType><IsRequired>true</IsRequired><Value i:type="a:double" xmlns:a="http://www.w3.org/2001/XMLSchema">0.00021217812294279173</Value></Attribute><Attribute z:Id="i684"><AttributeType>iyz</AttributeType><IsRequired>true</IsRequired><Value i:type="a:double" xmlns:a="http://www.w3.org/2001/XMLSchema">-3.0639885334031071E-08</Value></Attribute><Attribute z:Id="i685"><AttributeType>izz</AttributeType><IsRequired>true</IsRequired><Value i:type="a:double" xmlns:a="http://www.w3.org/2001/XMLSchema">0.00011492305076321836</Value></Attribute></Attributes><ChildElements/><ElementName>inertia</ElementName><required>false</required><IxxAttribute z:Ref="i680"/><IxyAttribute z:Ref="i681"/><IxzAttribute z:Ref="i682"/><IyyAttribute z:Ref="i683"/><IyzAttribute z:Ref="i684"/><IzzAttribute z:Ref="i685"/></URDFElement></ChildElements><ElementName>inertial</ElementName><required>false</required><Inertia z:Ref="i679"/><Mass z:Ref="i677"/><Origin z:Ref="i674"/></URDFElement><URDFElement z:Id="i686" i:type="Visual"><Attributes/><ChildElements><URDFElement z:Id="i687" i:type="Origin"><Attributes><Attribute z:Id="i688"><AttributeType>xyz</AttributeType><IsRequired>true</IsRequired><Value i:type="a:ArrayOfdouble" xmlns:a="http://schemas.microsoft.com/2003/10/Serialization/Arrays"><a:double>0</a:double><a:double>0</a:double><a:double>0</a:double></Value></Attribute><Attribute z:Id="i689"><AttributeType>rpy</AttributeType><IsRequired>true</IsRequired><Value i:type="a:ArrayOfdouble" xmlns:a="http://schemas.microsoft.com/2003/10/Serialization/Arrays"><a:double>0</a:double><a:double>0</a:double><a:double>0</a:double></Value></Attribute></Attributes><ChildElements/><ElementName>origin</ElementName><required>false</required><RPYAttribute z:Ref="i689"/><XYZAttribute z:Ref="i688"/><isCustomized>false</isCustomized></URDFElement><URDFElement z:Id="i690" i:type="Geometry"><Attributes/><ChildElements><URDFElement z:Id="i691" i:type="Mesh"><Attributes><Attribute z:Id="i692"><AttributeType>filename</AttributeType><IsRequired>true</IsRequired><Value i:nil="true"/></Attribute></Attributes><ChildElements/><ElementName>mesh</ElementName><required>false</required><FilenameAttribute z:Ref="i692"/></URDFElement></ChildElements><ElementName>geometry</ElementName><required>true</required><Mesh z:Ref="i691"/></URDFElement><URDFElement z:Id="i693" i:type="Material"><Attributes><Attribute z:Id="i694"><AttributeType>name</AttributeType><IsRequired>true</IsRequired><Value i:type="a:string" xmlns:a="http://www.w3.org/2001/XMLSchema"/></Attribute></Attributes><ChildElements><URDFElement z:Id="i695" i:type="Color"><Attributes><Attribute z:Id="i696"><AttributeType>rgba</AttributeType><IsRequired>true</IsRequired><Value i:type="a:ArrayOfdouble" xmlns:a="http://schemas.microsoft.com/2003/10/Serialization/Arrays"><a:double>0.64313725490196072</a:double><a:double>0.615686274509804</a:double><a:double>0.6</a:double><a:double>1</a:double></Value></Attribute></Attributes><ChildElements/><ElementName>color</ElementName><required>false</required><RGBAAttribute z:Ref="i696"/></URDFElement><URDFElement z:Id="i697" i:type="Texture"><Attributes><Attribute z:Id="i698"><AttributeType>filename</AttributeType><IsRequired>true</IsRequired><Value i:nil="true"/></Attribute></Attributes><ChildElements/><ElementName>texture</ElementName><required>false</required><FilenameAttribute z:Ref="i698"/><wFilename/></URDFElement></ChildElements><ElementName>material</ElementName><required>false</required><Color z:Ref="i695"/><NameAttribute z:Ref="i694"/><Texture z:Ref="i697"/></URDFElement></ChildElements><ElementName>visual</ElementName><required>false</required><Geometry z:Ref="i690"/><Material z:Ref="i693"/><Origin z:Ref="i687"/></URDFElement><URDFElement z:Id="i699" i:type="Collision"><Attributes/><ChildElements><URDFElement z:Id="i700" i:type="Origin"><Attributes><Attribute z:Id="i701"><AttributeType>xyz</AttributeType><IsRequired>true</IsRequired><Value i:type="a:ArrayOfdouble" xmlns:a="http://schemas.microsoft.com/2003/10/Serialization/Arrays"><a:double>0</a:double><a:double>0</a:double><a:double>0</a:double></Value></Attribute><Attribute z:Id="i702"><AttributeType>rpy</AttributeType><IsRequired>true</IsRequired><Value i:type="a:ArrayOfdouble" xmlns:a="http://schemas.microsoft.com/2003/10/Serialization/Arrays"><a:double>0</a:double><a:double>0</a:double><a:double>0</a:double></Value></Attribute></Attributes><ChildElements/><ElementName>origin</ElementName><required>false</required><RPYAttribute z:Ref="i702"/><XYZAttribute z:Ref="i701"/><isCustomized>false</isCustomized></URDFElement><URDFElement z:Id="i703" i:type="Geometry"><Attributes/><ChildElements><URDFElement z:Id="i704" i:type="Mesh"><Attributes><Attribute z:Id="i705"><AttributeType>filename</AttributeType><IsRequired>true</IsRequired><Value i:nil="true"/></Attribute></Attributes><ChildElements/><ElementName>mesh</ElementName><required>false</required><FilenameAttribute z:Ref="i705"/></URDFElement></ChildElements><ElementName>geometry</ElementName><required>true</required><Mesh z:Ref="i704"/></URDFElement></ChildElements><ElementName>collision</ElementName><required>false</required><Geometry z:Ref="i703"/><Origin z:Ref="i700"/></URDFElement><URDFElement z:Id="i706" i:type="Joint"><Attributes><Attribute z:Id="i707"><AttributeType>name</AttributeType><IsRequired>true</IsRequired><Value i:type="a:string" xmlns:a="http://www.w3.org/2001/XMLSchema">RR_hip_joint</Value></Attribute><Attribute z:Id="i708"><AttributeType>type</AttributeType><IsRequired>true</IsRequired><Value i:type="a:string" xmlns:a="http://www.w3.org/2001/XMLSchema">revolute</Value></Attribute></Attributes><ChildElements><URDFElement z:Id="i709" i:type="Origin"><Attributes><Attribute z:Id="i710"><AttributeType>xyz</AttributeType><IsRequired>true</IsRequired><Value i:type="a:ArrayOfdouble" xmlns:a="http://schemas.microsoft.com/2003/10/Serialization/Arrays"><a:double>-0.1366</a:double><a:double>-0.065</a:double><a:double>0</a:double></Value></Attribute><Attribute z:Id="i711"><AttributeType>rpy</AttributeType><IsRequired>true</IsRequired><Value i:type="a:ArrayOfdouble" xmlns:a="http://schemas.microsoft.com/2003/10/Serialization/Arrays"><a:double>0</a:double><a:double>0</a:double><a:double>0</a:double></Value></Attribute></Attributes><ChildElements/><ElementName>origin</ElementName><required>false</required><RPYAttribute z:Ref="i711"/><XYZAttribute z:Ref="i710"/><isCustomized>false</isCustomized></URDFElement><URDFElement z:Id="i712" i:type="ParentLink"><Attributes><Attribute z:Id="i713"><AttributeType>link</AttributeType><IsRequired>true</IsRequired><Value i:type="a:string" xmlns:a="http://www.w3.org/2001/XMLSchema">base</Value></Attribute></Attributes><ChildElements/><ElementName>parent</ElementName><required>true</required><NameAttribute z:Ref="i713"/></URDFElement><URDFElement z:Id="i714" i:type="ChildLink"><Attributes><Attribute z:Id="i715"><AttributeType>link</AttributeType><IsRequired>true</IsRequired><Value i:type="a:string" xmlns:a="http://www.w3.org/2001/XMLSchema">RR_hip</Value></Attribute></Attributes><ChildElements/><ElementName>child</ElementName><required>true</required><NameAttribute z:Ref="i715"/></URDFElement><URDFElement z:Id="i716" i:type="Axis"><Attributes><Attribute z:Id="i717"><AttributeType>xyz</AttributeType><IsRequired>true</IsRequired><Value i:type="a:ArrayOfdouble" xmlns:a="http://schemas.microsoft.com/2003/10/Serialization/Arrays"><a:double>-1</a:double><a:double>0</a:double><a:double>0</a:double></Value></Attribute></Attributes><ChildElements/><ElementName>axis</ElementName><required>false</required><XYZAttribute z:Ref="i717"/></URDFElement><URDFElement z:Id="i718" i:type="Limit"><Attributes><Attribute z:Id="i719"><AttributeType>lower</AttributeType><IsRequired>true</IsRequired><Value i:type="a:double" xmlns:a="http://www.w3.org/2001/XMLSchema">0</Value></Attribute><Attribute z:Id="i720"><AttributeType>upper</AttributeType><IsRequired>true</IsRequired><Value i:type="a:double" xmlns:a="http://www.w3.org/2001/XMLSchema">0</Value></Attribute><Attribute z:Id="i721"><AttributeType>effort</AttributeType><IsRequired>true</IsRequired><Value i:type="a:double" xmlns:a="http://www.w3.org/2001/XMLSchema">0</Value></Attribute><Attribute z:Id="i722"><AttributeType>velocity</AttributeType><IsRequired>true</IsRequired><Value i:type="a:double" xmlns:a="http://www.w3.org/2001/XMLSchema">0</Value></Attribute></Attributes><ChildElements/><ElementName>limit</ElementName><required>true</required><EffortAttribute z:Ref="i721"/><LowerAttribute z:Ref="i719"/><UpperAttribute z:Ref="i720"/><VelocityAttribute z:Ref="i722"/></URDFElement><URDFElement z:Id="i723" i:type="Calibration"><Attributes><Attribute z:Id="i724"><AttributeType>rising</AttributeType><IsRequired>false</IsRequired><Value i:nil="true"/></Attribute><Attribute z:Id="i725"><AttributeType>falling</AttributeType><IsRequired>false</IsRequired><Value i:nil="true"/></Attribute></Attributes><ChildElements/><ElementName>calibration</ElementName><required>false</required><FallingAttribute z:Ref="i725"/><RisingAttribute z:Ref="i724"/></URDFElement><URDFElement z:Id="i726" i:type="Dynamics"><Attributes><Attribute z:Id="i727"><AttributeType>damping</AttributeType><IsRequired>false</IsRequired><Value i:nil="true"/></Attribute><Attribute z:Id="i728"><AttributeType>friction</AttributeType><IsRequired>false</IsRequired><Value i:nil="true"/></Attribute></Attributes><ChildElements/><ElementName>dynamics</ElementName><required>false</required><DampingAttribute z:Ref="i727"/><FrictionAttribute z:Ref="i728"/></URDFElement><URDFElement z:Id="i729" i:type="SafetyController"><Attributes><Attribute z:Id="i730"><AttributeType>soft_upper_limit</AttributeType><IsRequired>false</IsRequired><Value i:nil="true"/></Attribute><Attribute z:Id="i731"><AttributeType>soft_lower_limit</AttributeType><IsRequired>false</IsRequired><Value i:nil="true"/></Attribute><Attribute z:Id="i732"><AttributeType>k_position</AttributeType><IsRequired>false</IsRequired><Value i:nil="true"/></Attribute><Attribute z:Id="i733"><AttributeType>k_velocity</AttributeType><IsRequired>true</IsRequired><Value i:nil="true"/></Attribute></Attributes><ChildElements/><ElementName>safety_controller</ElementName><required>false</required><KPositionAttribute z:Ref="i732"/><KVelocityAttribute z:Ref="i733"/><SoftLowerAttribute z:Ref="i731"/><SoftUpperAttribute z:Ref="i730"/></URDFElement><URDFElement z:Id="i734" i:type="Mimic"><Attributes><Attribute z:Id="i735"><AttributeType>joint</AttributeType><IsRequired>true</IsRequired><Value i:nil="true"/></Attribute><Attribute z:Id="i736"><AttributeType>multiplier</AttributeType><IsRequired>false</IsRequired><Value i:nil="true"/></Attribute><Attribute z:Id="i737"><AttributeType>offset</AttributeType><IsRequired>false</IsRequired><Value i:nil="true"/></Attribute></Attributes><ChildElements/><ElementName>mimic</ElementName><required>false</required><JointNameAttribute z:Ref="i735"/><MultiplierAttribute z:Ref="i736"/><OffsetAttribute z:Ref="i737"/></URDFElement></ChildElements><ElementName>joint</ElementName><required>false</required><Axis z:Ref="i716"/><AxisName>RR_hip_axis</AxisName><Calibration z:Ref="i723"/><Child z:Ref="i714"/><CoordinateSystemName>RR_hip_Coordinate System</CoordinateSystemName><Dynamics z:Ref="i726"/><Limit z:Ref="i718"/><Mimic z:Ref="i734"/><NameAttribute z:Ref="i707"/><Origin z:Ref="i709"/><Parent z:Ref="i712"/><Safety z:Ref="i729"/><TypeAttribute z:Ref="i708"/></URDFElement></ChildElements><ElementName>link</ElementName><required>true</required><Children><Link z:Id="i738"><Attributes><Attribute z:Id="i739"><AttributeType>name</AttributeType><IsRequired>true</IsRequired><Value i:type="a:string" xmlns:a="http://www.w3.org/2001/XMLSchema">RR_thigh</Value></Attribute></Attributes><ChildElements><URDFElement z:Id="i740" i:type="Inertial"><Attributes/><ChildElements><URDFElement z:Id="i741" i:type="Origin"><Attributes><Attribute z:Id="i742"><AttributeType>xyz</AttributeType><IsRequired>true</IsRequired><Value i:type="a:ArrayOfdouble" xmlns:a="http://schemas.microsoft.com/2003/10/Serialization/Arrays"><a:double>-0.0012194206917331696</a:double><a:double>-0.037132292322959518</a:double><a:double>-0.028843759914765468</a:double></Value></Attribute><Attribute z:Id="i743"><AttributeType>rpy</AttributeType><IsRequired>true</IsRequired><Value i:type="a:ArrayOfdouble" xmlns:a="http://schemas.microsoft.com/2003/10/Serialization/Arrays"><a:double>0</a:double><a:double>0</a:double><a:double>0</a:double></Value></Attribute></Attributes><ChildElements/><ElementName>origin</ElementName><required>false</required><RPYAttribute z:Ref="i743"/><XYZAttribute z:Ref="i742"/><isCustomized>false</isCustomized></URDFElement><URDFElement z:Id="i744" i:type="Mass"><Attributes><Attribute z:Id="i745"><AttributeType>value</AttributeType><IsRequired>true</IsRequired><Value i:type="a:double" xmlns:a="http://www.w3.org/2001/XMLSchema">0.59238128132792545</Value></Attribute></Attributes><ChildElements/><ElementName>mass</ElementName><required>false</required><ValueAttribute z:Ref="i745"/></URDFElement><URDFElement z:Id="i746" i:type="Inertia"><Attributes><Attribute z:Id="i747"><AttributeType>ixx</AttributeType><IsRequired>true</IsRequired><Value i:type="a:double" xmlns:a="http://www.w3.org/2001/XMLSchema">0.0017829983095806713</Value></Attribute><Attribute z:Id="i748"><AttributeType>ixy</AttributeType><IsRequired>true</IsRequired><Value i:type="a:double" xmlns:a="http://www.w3.org/2001/XMLSchema">-4.3130834451568519E-07</Value></Attribute><Attribute z:Id="i749"><AttributeType>ixz</AttributeType><IsRequired>true</IsRequired><Value i:type="a:double" xmlns:a="http://www.w3.org/2001/XMLSchema">-2.6476601642654478E-05</Value></Attribute><Attribute z:Id="i750"><AttributeType>iyy</AttributeType><IsRequired>true</IsRequired><Value i:type="a:double" xmlns:a="http://www.w3.org/2001/XMLSchema">0.0021336659205672707</Value></Attribute><Attribute z:Id="i751"><AttributeType>iyz</AttributeType><IsRequired>true</IsRequired><Value i:type="a:double" xmlns:a="http://www.w3.org/2001/XMLSchema">-5.4586672169388475E-07</Value></Attribute><Attribute z:Id="i752"><AttributeType>izz</AttributeType><IsRequired>true</IsRequired><Value i:type="a:double" xmlns:a="http://www.w3.org/2001/XMLSchema">0.00037178452713302143</Value></Attribute></Attributes><ChildElements/><ElementName>inertia</ElementName><required>false</required><IxxAttribute z:Ref="i747"/><IxyAttribute z:Ref="i748"/><IxzAttribute z:Ref="i749"/><IyyAttribute z:Ref="i750"/><IyzAttribute z:Ref="i751"/><IzzAttribute z:Ref="i752"/></URDFElement></ChildElements><ElementName>inertial</ElementName><required>false</required><Inertia z:Ref="i746"/><Mass z:Ref="i744"/><Origin z:Ref="i741"/></URDFElement><URDFElement z:Id="i753" i:type="Visual"><Attributes/><ChildElements><URDFElement z:Id="i754" i:type="Origin"><Attributes><Attribute z:Id="i755"><AttributeType>xyz</AttributeType><IsRequired>true</IsRequired><Value i:type="a:ArrayOfdouble" xmlns:a="http://schemas.microsoft.com/2003/10/Serialization/Arrays"><a:double>0</a:double><a:double>0</a:double><a:double>0</a:double></Value></Attribute><Attribute z:Id="i756"><AttributeType>rpy</AttributeType><IsRequired>true</IsRequired><Value i:type="a:ArrayOfdouble" xmlns:a="http://schemas.microsoft.com/2003/10/Serialization/Arrays"><a:double>0</a:double><a:double>0</a:double><a:double>0</a:double></Value></Attribute></Attributes><ChildElements/><ElementName>origin</ElementName><required>false</required><RPYAttribute z:Ref="i756"/><XYZAttribute z:Ref="i755"/><isCustomized>false</isCustomized></URDFElement><URDFElement z:Id="i757" i:type="Geometry"><Attributes/><ChildElements><URDFElement z:Id="i758" i:type="Mesh"><Attributes><Attribute z:Id="i759"><AttributeType>filename</AttributeType><IsRequired>true</IsRequired><Value i:nil="true"/></Attribute></Attributes><ChildElements/><ElementName>mesh</ElementName><required>false</required><FilenameAttribute z:Ref="i759"/></URDFElement></ChildElements><ElementName>geometry</ElementName><required>true</required><Mesh z:Ref="i758"/></URDFElement><URDFElement z:Id="i760" i:type="Material"><Attributes><Attribute z:Id="i761"><AttributeType>name</AttributeType><IsRequired>true</IsRequired><Value i:type="a:string" xmlns:a="http://www.w3.org/2001/XMLSchema"/></Attribute></Attributes><ChildElements><URDFElement z:Id="i762" i:type="Color"><Attributes><Attribute z:Id="i763"><AttributeType>rgba</AttributeType><IsRequired>true</IsRequired><Value i:type="a:ArrayOfdouble" xmlns:a="http://schemas.microsoft.com/2003/10/Serialization/Arrays"><a:double>0.64313725490196072</a:double><a:double>0.615686274509804</a:double><a:double>0.6</a:double><a:double>1</a:double></Value></Attribute></Attributes><ChildElements/><ElementName>color</ElementName><required>false</required><RGBAAttribute z:Ref="i763"/></URDFElement><URDFElement z:Id="i764" i:type="Texture"><Attributes><Attribute z:Id="i765"><AttributeType>filename</AttributeType><IsRequired>true</IsRequired><Value i:nil="true"/></Attribute></Attributes><ChildElements/><ElementName>texture</ElementName><required>false</required><FilenameAttribute z:Ref="i765"/><wFilename/></URDFElement></ChildElements><ElementName>material</ElementName><required>false</required><Color z:Ref="i762"/><NameAttribute z:Ref="i761"/><Texture z:Ref="i764"/></URDFElement></ChildElements><ElementName>visual</ElementName><required>false</required><Geometry z:Ref="i757"/><Material z:Ref="i760"/><Origin z:Ref="i754"/></URDFElement><URDFElement z:Id="i766" i:type="Collision"><Attributes/><ChildElements><URDFElement z:Id="i767" i:type="Origin"><Attributes><Attribute z:Id="i768"><AttributeType>xyz</AttributeType><IsRequired>true</IsRequired><Value i:type="a:ArrayOfdouble" xmlns:a="http://schemas.microsoft.com/2003/10/Serialization/Arrays"><a:double>0</a:double><a:double>0</a:double><a:double>0</a:double></Value></Attribute><Attribute z:Id="i769"><AttributeType>rpy</AttributeType><IsRequired>true</IsRequired><Value i:type="a:ArrayOfdouble" xmlns:a="http://schemas.microsoft.com/2003/10/Serialization/Arrays"><a:double>0</a:double><a:double>0</a:double><a:double>0</a:double></Value></Attribute></Attributes><ChildElements/><ElementName>origin</ElementName><required>false</required><RPYAttribute z:Ref="i769"/><XYZAttribute z:Ref="i768"/><isCustomized>false</isCustomized></URDFElement><URDFElement z:Id="i770" i:type="Geometry"><Attributes/><ChildElements><URDFElement z:Id="i771" i:type="Mesh"><Attributes><Attribute z:Id="i772"><AttributeType>filename</AttributeType><IsRequired>true</IsRequired><Value i:nil="true"/></Attribute></Attributes><ChildElements/><ElementName>mesh</ElementName><required>false</required><FilenameAttribute z:Ref="i772"/></URDFElement></ChildElements><ElementName>geometry</ElementName><required>true</required><Mesh z:Ref="i771"/></URDFElement></ChildElements><ElementName>collision</ElementName><required>false</required><Geometry z:Ref="i770"/><Origin z:Ref="i767"/></URDFElement><URDFElement z:Id="i773" i:type="Joint"><Attributes><Attribute z:Id="i774"><AttributeType>name</AttributeType><IsRequired>true</IsRequired><Value i:type="a:string" xmlns:a="http://www.w3.org/2001/XMLSchema">RR_thigh_joint</Value></Attribute><Attribute z:Id="i775"><AttributeType>type</AttributeType><IsRequired>true</IsRequired><Value i:type="a:string" xmlns:a="http://www.w3.org/2001/XMLSchema">revolute</Value></Attribute></Attributes><ChildElements><URDFElement z:Id="i776" i:type="Origin"><Attributes><Attribute z:Id="i777"><AttributeType>xyz</AttributeType><IsRequired>true</IsRequired><Value i:type="a:ArrayOfdouble" xmlns:a="http://schemas.microsoft.com/2003/10/Serialization/Arrays"><a:double>-0.05825</a:double><a:double>-0.0186</a:double><a:double>0</a:double></Value></Attribute><Attribute z:Id="i778"><AttributeType>rpy</AttributeType><IsRequired>true</IsRequired><Value i:type="a:ArrayOfdouble" xmlns:a="http://schemas.microsoft.com/2003/10/Serialization/Arrays"><a:double>0</a:double><a:double>0</a:double><a:double>0</a:double></Value></Attribute></Attributes><ChildElements/><ElementName>origin</ElementName><required>false</required><RPYAttribute z:Ref="i778"/><XYZAttribute z:Ref="i777"/><isCustomized>false</isCustomized></URDFElement><URDFElement z:Id="i779" i:type="ParentLink"><Attributes><Attribute z:Id="i780"><AttributeType>link</AttributeType><IsRequired>true</IsRequired><Value i:type="a:string" xmlns:a="http://www.w3.org/2001/XMLSchema">RR_hip</Value></Attribute></Attributes><ChildElements/><ElementName>parent</ElementName><required>true</required><NameAttribute z:Ref="i780"/></URDFElement><URDFElement z:Id="i781" i:type="ChildLink"><Attributes><Attribute z:Id="i782"><AttributeType>link</AttributeType><IsRequired>true</IsRequired><Value i:type="a:string" xmlns:a="http://www.w3.org/2001/XMLSchema">RR_thigh</Value></Attribute></Attributes><ChildElements/><ElementName>child</ElementName><required>true</required><NameAttribute z:Ref="i782"/></URDFElement><URDFElement z:Id="i783" i:type="Axis"><Attributes><Attribute z:Id="i784"><AttributeType>xyz</AttributeType><IsRequired>true</IsRequired><Value i:type="a:ArrayOfdouble" xmlns:a="http://schemas.microsoft.com/2003/10/Serialization/Arrays"><a:double>0</a:double><a:double>-1</a:double><a:double>0</a:double></Value></Attribute></Attributes><ChildElements/><ElementName>axis</ElementName><required>false</required><XYZAttribute z:Ref="i784"/></URDFElement><URDFElement z:Id="i785" i:type="Limit"><Attributes><Attribute z:Id="i786"><AttributeType>lower</AttributeType><IsRequired>true</IsRequired><Value i:type="a:double" xmlns:a="http://www.w3.org/2001/XMLSchema">0</Value></Attribute><Attribute z:Id="i787"><AttributeType>upper</AttributeType><IsRequired>true</IsRequired><Value i:type="a:double" xmlns:a="http://www.w3.org/2001/XMLSchema">0</Value></Attribute><Attribute z:Id="i788"><AttributeType>effort</AttributeType><IsRequired>true</IsRequired><Value i:type="a:double" xmlns:a="http://www.w3.org/2001/XMLSchema">0</Value></Attribute><Attribute z:Id="i789"><AttributeType>velocity</AttributeType><IsRequired>true</IsRequired><Value i:type="a:double" xmlns:a="http://www.w3.org/2001/XMLSchema">0</Value></Attribute></Attributes><ChildElements/><ElementName>limit</ElementName><required>true</required><EffortAttribute z:Ref="i788"/><LowerAttribute z:Ref="i786"/><UpperAttribute z:Ref="i787"/><VelocityAttribute z:Ref="i789"/></URDFElement><URDFElement z:Id="i790" i:type="Calibration"><Attributes><Attribute z:Id="i791"><AttributeType>rising</AttributeType><IsRequired>false</IsRequired><Value i:nil="true"/></Attribute><Attribute z:Id="i792"><AttributeType>falling</AttributeType><IsRequired>false</IsRequired><Value i:nil="true"/></Attribute></Attributes><ChildElements/><ElementName>calibration</ElementName><required>false</required><FallingAttribute z:Ref="i792"/><RisingAttribute z:Ref="i791"/></URDFElement><URDFElement z:Id="i793" i:type="Dynamics"><Attributes><Attribute z:Id="i794"><AttributeType>damping</AttributeType><IsRequired>false</IsRequired><Value i:nil="true"/></Attribute><Attribute z:Id="i795"><AttributeType>friction</AttributeType><IsRequired>false</IsRequired><Value i:nil="true"/></Attribute></Attributes><ChildElements/><ElementName>dynamics</ElementName><required>false</required><DampingAttribute z:Ref="i794"/><FrictionAttribute z:Ref="i795"/></URDFElement><URDFElement z:Id="i796" i:type="SafetyController"><Attributes><Attribute z:Id="i797"><AttributeType>soft_upper_limit</AttributeType><IsRequired>false</IsRequired><Value i:nil="true"/></Attribute><Attribute z:Id="i798"><AttributeType>soft_lower_limit</AttributeType><IsRequired>false</IsRequired><Value i:nil="true"/></Attribute><Attribute z:Id="i799"><AttributeType>k_position</AttributeType><IsRequired>false</IsRequired><Value i:nil="true"/></Attribute><Attribute z:Id="i800"><AttributeType>k_velocity</AttributeType><IsRequired>true</IsRequired><Value i:nil="true"/></Attribute></Attributes><ChildElements/><ElementName>safety_controller</ElementName><required>false</required><KPositionAttribute z:Ref="i799"/><KVelocityAttribute z:Ref="i800"/><SoftLowerAttribute z:Ref="i798"/><SoftUpperAttribute z:Ref="i797"/></URDFElement><URDFElement z:Id="i801" i:type="Mimic"><Attributes><Attribute z:Id="i802"><AttributeType>joint</AttributeType><IsRequired>true</IsRequired><Value i:nil="true"/></Attribute><Attribute z:Id="i803"><AttributeType>multiplier</AttributeType><IsRequired>false</IsRequired><Value i:nil="true"/></Attribute><Attribute z:Id="i804"><AttributeType>offset</AttributeType><IsRequired>false</IsRequired><Value i:nil="true"/></Attribute></Attributes><ChildElements/><ElementName>mimic</ElementName><required>false</required><JointNameAttribute z:Ref="i802"/><MultiplierAttribute z:Ref="i803"/><OffsetAttribute z:Ref="i804"/></URDFElement></ChildElements><ElementName>joint</ElementName><required>false</required><Axis z:Ref="i783"/><AxisName>RR_thigh_axis</AxisName><Calibration z:Ref="i790"/><Child z:Ref="i781"/><CoordinateSystemName>RR_thigh_Coordinate System</CoordinateSystemName><Dynamics z:Ref="i793"/><Limit z:Ref="i785"/><Mimic z:Ref="i801"/><NameAttribute z:Ref="i774"/><Origin z:Ref="i776"/><Parent z:Ref="i779"/><Safety z:Ref="i796"/><TypeAttribute z:Ref="i775"/></URDFElement></ChildElements><ElementName>link</ElementName><required>true</required><Children><Link z:Id="i805"><Attributes><Attribute z:Id="i806"><AttributeType>name</AttributeType><IsRequired>true</IsRequired><Value i:type="a:string" xmlns:a="http://www.w3.org/2001/XMLSchema">RR_calf</Value></Attribute></Attributes><ChildElements><URDFElement z:Id="i807" i:type="Inertial"><Attributes/><ChildElements><URDFElement z:Id="i808" i:type="Origin"><Attributes><Attribute z:Id="i809"><AttributeType>xyz</AttributeType><IsRequired>true</IsRequired><Value i:type="a:ArrayOfdouble" xmlns:a="http://schemas.microsoft.com/2003/10/Serialization/Arrays"><a:double>0.0063129932843737635</a:double><a:double>-2.4496200632107E-05</a:double><a:double>-0.091768654493873947</a:double></Value></Attribute><Attribute z:Id="i810"><AttributeType>rpy</AttributeType><IsRequired>true</IsRequired><Value i:type="a:ArrayOfdouble" xmlns:a="http://schemas.microsoft.com/2003/10/Serialization/Arrays"><a:double>0</a:double><a:double>0</a:double><a:double>0</a:double></Value></Attribute></Attributes><ChildElements/><ElementName>origin</ElementName><required>false</required><RPYAttribute z:Ref="i810"/><XYZAttribute z:Ref="i809"/><isCustomized>false</isCustomized></URDFElement><URDFElement z:Id="i811" i:type="Mass"><Attributes><Attribute z:Id="i812"><AttributeType>value</AttributeType><IsRequired>true</IsRequired><Value i:type="a:double" xmlns:a="http://www.w3.org/2001/XMLSchema">0.24779927634993029</Value></Attribute></Attributes><ChildElements/><ElementName>mass</ElementName><required>false</required><ValueAttribute z:Ref="i812"/></URDFElement><URDFElement z:Id="i813" i:type="Inertia"><Attributes><Attribute z:Id="i814"><AttributeType>ixx</AttributeType><IsRequired>true</IsRequired><Value i:type="a:double" xmlns:a="http://www.w3.org/2001/XMLSchema">0.000559369450508883</Value></Attribute><Attribute z:Id="i815"><AttributeType>ixy</AttributeType><IsRequired>true</IsRequired><Value i:type="a:double" xmlns:a="http://www.w3.org/2001/XMLSchema">7.2776729077003822E-09</Value></Attribute><Attribute z:Id="i816"><AttributeType>ixz</AttributeType><IsRequired>true</IsRequired><Value i:type="a:double" xmlns:a="http://www.w3.org/2001/XMLSchema">3.1927590651445235E-05</Value></Attribute><Attribute z:Id="i817"><AttributeType>iyy</AttributeType><IsRequired>true</IsRequired><Value i:type="a:double" xmlns:a="http://www.w3.org/2001/XMLSchema">0.00057994341943448592</Value></Attribute><Attribute z:Id="i818"><AttributeType>iyz</AttributeType><IsRequired>true</IsRequired><Value i:type="a:double" xmlns:a="http://www.w3.org/2001/XMLSchema">5.9037738840050912E-08</Value></Attribute><Attribute z:Id="i819"><AttributeType>izz</AttributeType><IsRequired>true</IsRequired><Value i:type="a:double" xmlns:a="http://www.w3.org/2001/XMLSchema">2.4933612463866874E-05</Value></Attribute></Attributes><ChildElements/><ElementName>inertia</ElementName><required>false</required><IxxAttribute z:Ref="i814"/><IxyAttribute z:Ref="i815"/><IxzAttribute z:Ref="i816"/><IyyAttribute z:Ref="i817"/><IyzAttribute z:Ref="i818"/><IzzAttribute z:Ref="i819"/></URDFElement></ChildElements><ElementName>inertial</ElementName><required>false</required><Inertia z:Ref="i813"/><Mass z:Ref="i811"/><Origin z:Ref="i808"/></URDFElement><URDFElement z:Id="i820" i:type="Visual"><Attributes/><ChildElements><URDFElement z:Id="i821" i:type="Origin"><Attributes><Attribute z:Id="i822"><AttributeType>xyz</AttributeType><IsRequired>true</IsRequired><Value i:type="a:ArrayOfdouble" xmlns:a="http://schemas.microsoft.com/2003/10/Serialization/Arrays"><a:double>0</a:double><a:double>0</a:double><a:double>0</a:double></Value></Attribute><Attribute z:Id="i823"><AttributeType>rpy</AttributeType><IsRequired>true</IsRequired><Value i:type="a:ArrayOfdouble" xmlns:a="http://schemas.microsoft.com/2003/10/Serialization/Arrays"><a:double>0</a:double><a:double>0</a:double><a:double>0</a:double></Value></Attribute></Attributes><ChildElements/><ElementName>origin</ElementName><required>false</required><RPYAttribute z:Ref="i823"/><XYZAttribute z:Ref="i822"/><isCustomized>false</isCustomized></URDFElement><URDFElement z:Id="i824" i:type="Geometry"><Attributes/><ChildElements><URDFElement z:Id="i825" i:type="Mesh"><Attributes><Attribute z:Id="i826"><AttributeType>filename</AttributeType><IsRequired>true</IsRequired><Value i:nil="true"/></Attribute></Attributes><ChildElements/><ElementName>mesh</ElementName><required>false</required><FilenameAttribute z:Ref="i826"/></URDFElement></ChildElements><ElementName>geometry</ElementName><required>true</required><Mesh z:Ref="i825"/></URDFElement><URDFElement z:Id="i827" i:type="Material"><Attributes><Attribute z:Id="i828"><AttributeType>name</AttributeType><IsRequired>true</IsRequired><Value i:type="a:string" xmlns:a="http://www.w3.org/2001/XMLSchema"/></Attribute></Attributes><ChildElements><URDFElement z:Id="i829" i:type="Color"><Attributes><Attribute z:Id="i830"><AttributeType>rgba</AttributeType><IsRequired>true</IsRequired><Value i:type="a:ArrayOfdouble" xmlns:a="http://schemas.microsoft.com/2003/10/Serialization/Arrays"><a:double>0.89803921568627454</a:double><a:double>0.91764705882352937</a:double><a:double>0.92941176470588238</a:double><a:double>1</a:double></Value></Attribute></Attributes><ChildElements/><ElementName>color</ElementName><required>false</required><RGBAAttribute z:Ref="i830"/></URDFElement><URDFElement z:Id="i831" i:type="Texture"><Attributes><Attribute z:Id="i832"><AttributeType>filename</AttributeType><IsRequired>true</IsRequired><Value i:nil="true"/></Attribute></Attributes><ChildElements/><ElementName>texture</ElementName><required>false</required><FilenameAttribute z:Ref="i832"/><wFilename/></URDFElement></ChildElements><ElementName>material</ElementName><required>false</required><Color z:Ref="i829"/><NameAttribute z:Ref="i828"/><Texture z:Ref="i831"/></URDFElement></ChildElements><ElementName>visual</ElementName><required>false</required><Geometry z:Ref="i824"/><Material z:Ref="i827"/><Origin z:Ref="i821"/></URDFElement><URDFElement z:Id="i833" i:type="Collision"><Attributes/><ChildElements><URDFElement z:Id="i834" i:type="Origin"><Attributes><Attribute z:Id="i835"><AttributeType>xyz</AttributeType><IsRequired>true</IsRequired><Value i:type="a:ArrayOfdouble" xmlns:a="http://schemas.microsoft.com/2003/10/Serialization/Arrays"><a:double>0</a:double><a:double>0</a:double><a:double>0</a:double></Value></Attribute><Attribute z:Id="i836"><AttributeType>rpy</AttributeType><IsRequired>true</IsRequired><Value i:type="a:ArrayOfdouble" xmlns:a="http://schemas.microsoft.com/2003/10/Serialization/Arrays"><a:double>0</a:double><a:double>0</a:double><a:double>0</a:double></Value></Attribute></Attributes><ChildElements/><ElementName>origin</ElementName><required>false</required><RPYAttribute z:Ref="i836"/><XYZAttribute z:Ref="i835"/><isCustomized>false</isCustomized></URDFElement><URDFElement z:Id="i837" i:type="Geometry"><Attributes/><ChildElements><URDFElement z:Id="i838" i:type="Mesh"><Attributes><Attribute z:Id="i839"><AttributeType>filename</AttributeType><IsRequired>true</IsRequired><Value i:nil="true"/></Attribute></Attributes><ChildElements/><ElementName>mesh</ElementName><required>false</required><FilenameAttribute z:Ref="i839"/></URDFElement></ChildElements><ElementName>geometry</ElementName><required>true</required><Mesh z:Ref="i838"/></URDFElement></ChildElements><ElementName>collision</ElementName><required>false</required><Geometry z:Ref="i837"/><Origin z:Ref="i834"/></URDFElement><URDFElement z:Id="i840" i:type="Joint"><Attributes><Attribute z:Id="i841"><AttributeType>name</AttributeType><IsRequired>true</IsRequired><Value i:type="a:string" xmlns:a="http://www.w3.org/2001/XMLSchema">RR_calf_joint</Value></Attribute><Attribute z:Id="i842"><AttributeType>type</AttributeType><IsRequired>true</IsRequired><Value i:type="a:string" xmlns:a="http://www.w3.org/2001/XMLSchema">revolute</Value></Attribute></Attributes><ChildElements><URDFElement z:Id="i843" i:type="Origin"><Attributes><Attribute z:Id="i844"><AttributeType>xyz</AttributeType><IsRequired>true</IsRequired><Value i:type="a:ArrayOfdouble" xmlns:a="http://schemas.microsoft.com/2003/10/Serialization/Arrays"><a:double>0</a:double><a:double>-0.0572</a:double><a:double>-0.21</a:double></Value></Attribute><Attribute z:Id="i845"><AttributeType>rpy</AttributeType><IsRequired>true</IsRequired><Value i:type="a:ArrayOfdouble" xmlns:a="http://schemas.microsoft.com/2003/10/Serialization/Arrays"><a:double>0</a:double><a:double>0</a:double><a:double>0</a:double></Value></Attribute></Attributes><ChildElements/><ElementName>origin</ElementName><required>false</required><RPYAttribute z:Ref="i845"/><XYZAttribute z:Ref="i844"/><isCustomized>false</isCustomized></URDFElement><URDFElement z:Id="i846" i:type="ParentLink"><Attributes><Attribute z:Id="i847"><AttributeType>link</AttributeType><IsRequired>true</IsRequired><Value i:type="a:string" xmlns:a="http://www.w3.org/2001/XMLSchema">RR_thigh</Value></Attribute></Attributes><ChildElements/><ElementName>parent</ElementName><required>true</required><NameAttribute z:Ref="i847"/></URDFElement><URDFElement z:Id="i848" i:type="ChildLink"><Attributes><Attribute z:Id="i849"><AttributeType>link</AttributeType><IsRequired>true</IsRequired><Value i:type="a:string" xmlns:a="http://www.w3.org/2001/XMLSchema">RR_calf</Value></Attribute></Attributes><ChildElements/><ElementName>child</ElementName><required>true</required><NameAttribute z:Ref="i849"/></URDFElement><URDFElement z:Id="i850" i:type="Axis"><Attributes><Attribute z:Id="i851"><AttributeType>xyz</AttributeType><IsRequired>true</IsRequired><Value i:type="a:ArrayOfdouble" xmlns:a="http://schemas.microsoft.com/2003/10/Serialization/Arrays"><a:double>0</a:double><a:double>1</a:double><a:double>0</a:double></Value></Attribute></Attributes><ChildElements/><ElementName>axis</ElementName><required>false</required><XYZAttribute z:Ref="i851"/></URDFElement><URDFElement z:Id="i852" i:type="Limit"><Attributes><Attribute z:Id="i853"><AttributeType>lower</AttributeType><IsRequired>true</IsRequired><Value i:type="a:double" xmlns:a="http://www.w3.org/2001/XMLSchema">0</Value></Attribute><Attribute z:Id="i854"><AttributeType>upper</AttributeType><IsRequired>true</IsRequired><Value i:type="a:double" xmlns:a="http://www.w3.org/2001/XMLSchema">0</Value></Attribute><Attribute z:Id="i855"><AttributeType>effort</AttributeType><IsRequired>true</IsRequired><Value i:type="a:double" xmlns:a="http://www.w3.org/2001/XMLSchema">0</Value></Attribute><Attribute z:Id="i856"><AttributeType>velocity</AttributeType><IsRequired>true</IsRequired><Value i:type="a:double" xmlns:a="http://www.w3.org/2001/XMLSchema">0</Value></Attribute></Attributes><ChildElements/><ElementName>limit</ElementName><required>true</required><EffortAttribute z:Ref="i855"/><LowerAttribute z:Ref="i853"/><UpperAttribute z:Ref="i854"/><VelocityAttribute z:Ref="i856"/></URDFElement><URDFElement z:Id="i857" i:type="Calibration"><Attributes><Attribute z:Id="i858"><AttributeType>rising</AttributeType><IsRequired>false</IsRequired><Value i:nil="true"/></Attribute><Attribute z:Id="i859"><AttributeType>falling</AttributeType><IsRequired>false</IsRequired><Value i:nil="true"/></Attribute></Attributes><ChildElements/><ElementName>calibration</ElementName><required>false</required><FallingAttribute z:Ref="i859"/><RisingAttribute z:Ref="i858"/></URDFElement><URDFElement z:Id="i860" i:type="Dynamics"><Attributes><Attribute z:Id="i861"><AttributeType>damping</AttributeType><IsRequired>false</IsRequired><Value i:nil="true"/></Attribute><Attribute z:Id="i862"><AttributeType>friction</AttributeType><IsRequired>false</IsRequired><Value i:nil="true"/></Attribute></Attributes><ChildElements/><ElementName>dynamics</ElementName><required>false</required><DampingAttribute z:Ref="i861"/><FrictionAttribute z:Ref="i862"/></URDFElement><URDFElement z:Id="i863" i:type="SafetyController"><Attributes><Attribute z:Id="i864"><AttributeType>soft_upper_limit</AttributeType><IsRequired>false</IsRequired><Value i:nil="true"/></Attribute><Attribute z:Id="i865"><AttributeType>soft_lower_limit</AttributeType><IsRequired>false</IsRequired><Value i:nil="true"/></Attribute><Attribute z:Id="i866"><AttributeType>k_position</AttributeType><IsRequired>false</IsRequired><Value i:nil="true"/></Attribute><Attribute z:Id="i867"><AttributeType>k_velocity</AttributeType><IsRequired>true</IsRequired><Value i:nil="true"/></Attribute></Attributes><ChildElements/><ElementName>safety_controller</ElementName><required>false</required><KPositionAttribute z:Ref="i866"/><KVelocityAttribute z:Ref="i867"/><SoftLowerAttribute z:Ref="i865"/><SoftUpperAttribute z:Ref="i864"/></URDFElement><URDFElement z:Id="i868" i:type="Mimic"><Attributes><Attribute z:Id="i869"><AttributeType>joint</AttributeType><IsRequired>true</IsRequired><Value i:nil="true"/></Attribute><Attribute z:Id="i870"><AttributeType>multiplier</AttributeType><IsRequired>false</IsRequired><Value i:nil="true"/></Attribute><Attribute z:Id="i871"><AttributeType>offset</AttributeType><IsRequired>false</IsRequired><Value i:nil="true"/></Attribute></Attributes><ChildElements/><ElementName>mimic</ElementName><required>false</required><JointNameAttribute z:Ref="i869"/><MultiplierAttribute z:Ref="i870"/><OffsetAttribute z:Ref="i871"/></URDFElement></ChildElements><ElementName>joint</ElementName><required>false</required><Axis z:Ref="i850"/><AxisName>RR_calf_axis</AxisName><Calibration z:Ref="i857"/><Child z:Ref="i848"/><CoordinateSystemName>RR_calf_Coordinate System</CoordinateSystemName><Dynamics z:Ref="i860"/><Limit z:Ref="i852"/><Mimic z:Ref="i868"/><NameAttribute z:Ref="i841"/><Origin z:Ref="i843"/><Parent z:Ref="i846"/><Safety z:Ref="i863"/><TypeAttribute z:Ref="i842"/></URDFElement></ChildElements><ElementName>link</ElementName><required>true</required><Children/><Collision z:Ref="i833"/><Inertial z:Ref="i807"/><Joint z:Ref="i840"/><NameAttribute z:Ref="i806"/><Parent z:Ref="i738"/><STLQualityFine>false</STLQualityFine><SWComponentPIDs xmlns:a="http://schemas.microsoft.com/2003/10/Serialization/Arrays"><a:base64Binary>aEIAAAUAAAD//v8TD1x/gRZZp0/yZr9+LQA2ADAANgAxAC0AMwBAAHRl13LFiE2RU08EAAAAEAAAAAEAAAABAAAA5QIAAA==</a:base64Binary><a:base64Binary>aEIAAAUAAAD//v8WD1x/gRZZp0/yZr9+LQBclc9QLQA2ADAANgAxAC0AMwBAAHRl13LFiE2RU08EAAAAEAAAAAEAAAABAAAA5AIAAA==</a:base64Binary><a:base64Binary>aEIAAAUAAAD//v8TD1x/gS1O9JXyZr9+LQA2ADAANgAxAC0AMwBAAHRl13LFiE2RU08EAAAAEAAAAAEAAAABAAAA4wIAAA==</a:base64Binary><a:base64Binary>aEIAAAUAAAD//v8ND1x/gXCZf2cyAC0AMwBAAHRl13LFiE2RU08EAAAAEAAAAAEAAAABAAAA0wQAAA==</a:base64Binary><a:base64Binary>aEIAAAUAAAD//v8Ns43velNicFP2Ti0ANABAAHRl13LFiE2RU08EAAAAEAAAAAEAAAABAAAACAUAAA==</a:base64Binary><a:base64Binary>aEIAAAUAAAD//v8MRXj2gLON73otADMAQAB0ZddyxYhNkVNPBAAAABAAAAABAAAAAQAAAAYFAAA=</a:base64Binary><a:base64Binary>aEIAAAUAAAD//v8ND1x/gXCZf2cxAC0AMwBAAHRl13LFiE2RU08EAAAAEAAAAAEAAAABAAAA1AQAAA==</a:base64Binary></SWComponentPIDs><SWMainComponentPID i:nil="true"/><Visual z:Ref="i820"/><isFixedFrame>false</isFixedFrame><isIncomplete>false</isIncomplete></Link></Children><Collision z:Ref="i766"/><Inertial z:Ref="i740"/><Joint z:Ref="i773"/><NameAttribute z:Ref="i739"/><Parent z:Ref="i671"/><STLQualityFine>false</STLQualityFine><SWComponentPIDs xmlns:a="http://schemas.microsoft.com/2003/10/Serialization/Arrays"><a:base64Binary>aEIAAAUAAAD//v8YRwBPAC0ATQA4ADAAMQAwAC0ANgA1dTpnMwBEACFqi1ctADUAQAB0ZddyxYhNkVNPBAAAABAAAAABAAAAAQAAAK0AAAA=</a:base64Binary><a:base64Binary>aEIAAAUAAAD//v8RJ1l/gYVRp08tADYAMAA2ADEALQAzAEAAdGXXcsWITZFTTwQAAAAQAAAAAQAAAAEAAADnAgAA</a:base64Binary><a:base64Binary>aEIAAAUAAAD//v8NJ1l/gVNicFP2Ti0AMwBAAHRl13LFiE2RU08EAAAAEAAAAAEAAAABAAAA6AIAAA==</a:base64Binary><a:base64Binary>aEIAAAUAAAD//v8VJ1l/gRZZp08tADYAMAA2ADEALQAzAG0AbQAtADMAQAB0ZddyxYhNkVNPBAAAABAAAAABAAAAAQAAAOYCAAA=</a:base64Binary><a:base64Binary>aEIAAAUAAAD//v8YMgAtADMAc1GCgt6PpWP2Ti0A81MOVC0ANgAwADYAMQAtADIAQAB0ZddyxYhNkVNPBAAAABAAAAABAAAAAQAAAFAEAAA=</a:base64Binary></SWComponentPIDs><SWMainComponentPID i:nil="true"/><Visual z:Ref="i753"/><isFixedFrame>false</isFixedFrame><isIncomplete>false</isIncomplete></Link></Children><Collision z:Ref="i699"/><Inertial z:Ref="i673"/><Joint z:Ref="i706"/><NameAttribute z:Ref="i672"/><Parent z:Ref="i1"/><STLQualityFine>false</STLQualityFine><SWComponentPIDs xmlns:a="http://schemas.microsoft.com/2003/10/Serialization/Arrays"><a:base64Binary>aEIAAAUAAAD//v8YRwBPAC0ATQA4ADAAMQAwAC0ANgA1dTpnMwBEACFqi1ctADYAQAB0ZddyxYhNkVNPBAAAABAAAAABAAAAAQAAAK4AAAA=</a:base64Binary><a:base64Binary>aEIAAAUAAAD//v8Zy5pzUYKC3o+lY/ZOLQBVU2KXLQA2ADAANgAxAC0A81MOVC0AMgBAAHRl13LFiE2RU08EAAAAEAAAAAEAAAABAAAALgQAAA==</a:base64Binary><a:base64Binary>aEIAAAUAAAD//v8SJ1l/gS0AD1x/gXNRgoJQlk1PV1ctADYAQAB0ZddyxYhNkVNPBAAAABAAAAABAAAAAQAAAG0EAAA=</a:base64Binary></SWComponentPIDs><SWMainComponentPID i:nil="true"/><Visual z:Ref="i686"/><isFixedFrame>false</isFixedFrame><isIncomplete>false</isIncomplete></Link></Children><Collision z:Ref="i29"/><Inertial z:Ref="i3"/><Joint z:Ref="i36"/><NameAttribute z:Ref="i2"/><Parent i:nil="true"/><STLQualityFine>false</STLQualityFine><SWComponentPIDs xmlns:a="http://schemas.microsoft.com/2003/10/Serialization/Arrays"><a:base64Binary>aEIAAAUAAAD//v8STVLokN6PpWP2Ti0ANgAwADYAMQAtADEAQAB0ZddyxYhNkVNPBAAAABAAAAABAAAAAQAAADkAAAA=</a:base64Binary><a:base64Binary>aEIAAAUAAAD//v8YRwBPAC0ATQA4ADAAMQAwAC0ANgA1dTpnMwBEACFqi1ctADcAQAB0ZddyxYhNkVNPBAAAABAAAAABAAAAAQAAAOEAAAA=</a:base64Binary><a:base64Binary>aEIAAAUAAAD//v8RMgA2ADAAbQBtADIAMAAyADAALQA0AEAAdGXXcsWITZFTTwQAAAAQAAAAAQAAAAEAAABLAAAA</a:base64Binary><a:base64Binary>aEIAAAUAAAD//v8RMgA2ADAAbQBtADIAMAAyADAALQAzAEAAdGXXcsWITZFTTwQAAAAQAAAAAQAAAAEAAABKAAAA</a:base64Binary><a:base64Binary>aEIAAAUAAAD//v8YRwBPAC0ATQA4ADAAMQAwAC0ANgA1dTpnMwBEACFqi1ctADEAQAB0ZddyxYhNkVNPBAAAABAAAAABAAAAAQAAAHMAAAA=</a:base64Binary><a:base64Binary>aEIAAAUAAAD//v8RMgA2ADAAbQBtADIAMAAyADAALQAyAEAAdGXXcsWITZFTTwQAAAAQAAAAAQAAAAEAAABJAAAA</a:base64Binary><a:base64Binary>aEIAAAUAAAD//v8ZRwBPAC0ATQA4ADAAMQAwAC0ANgA1dTpnMwBEACFqi1ctADEAMABAAHRl13LFiE2RU08EAAAAEAAAAAEAAAABAAAAFQEAAA==</a:base64Binary><a:base64Binary>aEIAAAUAAAD//v8NDlTokN6PpWP2Ti0AMQBAAHRl13LFiE2RU08EAAAAEAAAAAEAAAABAAAAPgAAAA==</a:base64Binary><a:base64Binary>aEIAAAUAAAD//v8YRwBPAC0ATQA4ADAAMQAwAC0ANgA1dTpnMwBEACFqi1ctADQAQAB0ZddyxYhNkVNPBAAAABAAAAABAAAAAQAAAKoAAAA=</a:base64Binary><a:base64Binary>aEIAAAUAAAD//v8RMgA2ADAAbQBtADIAMAAyADAALQAxAEAAdGXXcsWITZFTTwQAAAAQAAAAAQAAAAEAAABIAAAA</a:base64Binary><a:base64Binary>aEIAAAUAAAD//v8RTVJil39ny5pzUYKCUJZNT1dXLQAzAEAAdGXXcsWITZFTTwQAAAAQAAAAAQAAAAEAAAB8AwAA</a:base64Binary><a:base64Binary>aEIAAAUAAAD//v8RTVJil39ny5pzUYKCUJZNT1dXLQA0AEAAdGXXcsWITZFTTwQAAAAQAAAAAQAAAAEAAAB/AwAA</a:base64Binary><a:base64Binary>aEIAAAUAAAD//v8RTVJil39ny5pzUYKCUJZNT1dXLQA4AEAAdGXXcsWITZFTTwQAAAAQAAAAAQAAAAEAAAC0AwAA</a:base64Binary><a:base64Binary>aEIAAAUAAAD//v8RTVJil39ny5pzUYKCUJZNT1dXLQA3AEAAdGXXcsWITZFTTwQAAAAQAAAAAQAAAAEAAACxAwAA</a:base64Binary><a:base64Binary>aEIAAAUAAAD//v8RTVJil39ny5pzUYKCUJZNT1dXLQA1AEAAdGXXcsWITZFTTwQAAAAQAAAAAQAAAAEAAACbAwAA</a:base64Binary><a:base64Binary>aEIAAAUAAAD//v8RTVJil39ny5pzUYKCUJZNT1dXLQA2AEAAdGXXcsWITZFTTwQAAAAQAAAAAQAAAAEAAACeAwAA</a:base64Binary><a:base64Binary>aEIAAAUAAAD//v8RTVJil39ny5pzUYKCUJZNT1dXLQAyAEAAdGXXcsWITZFTTwQAAAAQAAAAAQAAAAEAAACYAgAA</a:base64Binary><a:base64Binary>aEIAAAUAAAD//v8RTVJil39ny5pzUYKCUJZNT1dXLQAxAEAAdGXXcsWITZFTTwQAAAAQAAAAAQAAAAEAAACLAgAA</a:base64Binary><a:base64Binary>aEIAAAUAAAD//v8NTVLokDKWpGL2Ti0AMQBAAHRl13LFiE2RU08EAAAAEAAAAAEAAAABAAAA1AMAAA==</a:base64Binary><a:base64Binary>aEIAAAUAAAD//v8MOmerjjtOU08tADEAQAB0ZddyxYhNkVNPBAAAABAAAAABAAAAAQAAAPMDAAA=</a:base64Binary></SWComponentPIDs><SWMainComponentPID i:nil="true"/><Visual z:Ref="i16"/><isFixedFrame>false</isFixedFrame><isIncomplete>false</isIncomplete></Link>
2026-07-14 15:41:10,794 INFO  LinkNode.cs: 35 - Building node base
2026-07-14 15:41:10,795 INFO  LinkNode.cs: 35 - Building node FL_hip
2026-07-14 15:41:10,795 INFO  LinkNode.cs: 35 - Building node FL_thigh
2026-07-14 15:41:10,796 INFO  LinkNode.cs: 35 - Building node FL_calf
2026-07-14 15:41:10,796 INFO  LinkNode.cs: 35 - Building node FR_hip
2026-07-14 15:41:10,796 INFO  LinkNode.cs: 35 - Building node FR_thigh
2026-07-14 15:41:10,796 INFO  LinkNode.cs: 35 - Building node FR_calf
2026-07-14 15:41:10,797 INFO  LinkNode.cs: 35 - Building node RL_hip
2026-07-14 15:41:10,797 INFO  LinkNode.cs: 35 - Building node RL_thigh
2026-07-14 15:41:10,797 INFO  LinkNode.cs: 35 - Building node RL_calf
2026-07-14 15:41:10,798 INFO  LinkNode.cs: 35 - Building node RR_hip
2026-07-14 15:41:10,798 INFO  LinkNode.cs: 35 - Building node RR_thigh
2026-07-14 15:41:10,798 INFO  LinkNode.cs: 35 - Building node RR_calf
2026-07-14 15:41:10,799 INFO  CommonSwOperations.cs: 221 - Loading SolidWorks components for base from D:\！文件夹\四足机器人\宇树电机机器狗\装配体\整狗装配体.SLDASM
2026-07-14 15:41:10,800 INFO  CommonSwOperations.cs: 245 - Loading component with PID hB     ???MR?????c?N- 6 0 6 1 - 1 @ te?r??M?SO            9   
2026-07-14 15:41:10,801 INFO  CommonSwOperations.cs: 254 - Successfully loaded component D:\！文件夹\四足机器人\宇树电机机器狗\整狗零件\前部连接件-6061.SLDPRT
2026-07-14 15:41:10,801 INFO  CommonSwOperations.cs: 245 - Loading component with PID hB     ???G O - M 8 0 1 0 - 6 5u:g3 D !j?W- 7 @ te?r??M?SO            ?   
2026-07-14 15:41:10,803 INFO  CommonSwOperations.cs: 254 - Successfully loaded component D:\！文件夹\四足机器人\宇树电机机器狗\单腿\右前腿零件（主）\GO-M8010-6电机3D模型.SLDPRT
2026-07-14 15:41:10,803 INFO  CommonSwOperations.cs: 245 - Loading component with PID hB     ???2 6 0 m m 2 0 2 0 - 4 @ te?r??M?SO            K   
2026-07-14 15:41:10,803 INFO  CommonSwOperations.cs: 254 - Successfully loaded component D:\！文件夹\四足机器人\宇树电机机器狗\整狗零件\260mm2020.SLDPRT
2026-07-14 15:41:10,804 INFO  CommonSwOperations.cs: 245 - Loading component with PID hB     ???2 6 0 m m 2 0 2 0 - 3 @ te?r??M?SO            J   
2026-07-14 15:41:10,804 INFO  CommonSwOperations.cs: 254 - Successfully loaded component D:\！文件夹\四足机器人\宇树电机机器狗\整狗零件\260mm2020.SLDPRT
2026-07-14 15:41:10,804 INFO  CommonSwOperations.cs: 245 - Loading component with PID hB     ???G O - M 8 0 1 0 - 6 5u:g3 D !j?W- 1 @ te?r??M?SO            s   
2026-07-14 15:41:10,804 INFO  CommonSwOperations.cs: 254 - Successfully loaded component D:\！文件夹\四足机器人\宇树电机机器狗\单腿\右前腿零件（主）\GO-M8010-6电机3D模型.SLDPRT
2026-07-14 15:41:10,805 INFO  CommonSwOperations.cs: 245 - Loading component with PID hB     ???2 6 0 m m 2 0 2 0 - 2 @ te?r??M?SO            I   
2026-07-14 15:41:10,805 INFO  CommonSwOperations.cs: 254 - Successfully loaded component D:\！文件夹\四足机器人\宇树电机机器狗\整狗零件\260mm2020.SLDPRT
2026-07-14 15:41:10,805 INFO  CommonSwOperations.cs: 245 - Loading component with PID hB     ???G O - M 8 0 1 0 - 6 5u:g3 D !j?W- 1 0 @ te?r??M?SO              
2026-07-14 15:41:10,806 INFO  CommonSwOperations.cs: 254 - Successfully loaded component D:\！文件夹\四足机器人\宇树电机机器狗\单腿\右前腿零件（主）\GO-M8010-6电机3D模型.SLDPRT
2026-07-14 15:41:10,806 INFO  CommonSwOperations.cs: 245 - Loading component with PID hB     ???T?????c?N- 1 @ te?r??M?SO            >   
2026-07-14 15:41:10,807 INFO  CommonSwOperations.cs: 254 - Successfully loaded component D:\！文件夹\四足机器人\宇树电机机器狗\整狗零件\后部连接件.SLDPRT
2026-07-14 15:41:10,807 INFO  CommonSwOperations.cs: 245 - Loading component with PID hB     ???G O - M 8 0 1 0 - 6 5u:g3 D !j?W- 4 @ te?r??M?SO            ?   
2026-07-14 15:41:10,807 INFO  CommonSwOperations.cs: 254 - Successfully loaded component D:\！文件夹\四足机器人\宇树电机机器狗\单腿\右前腿零件（主）\GO-M8010-6电机3D模型.SLDPRT
2026-07-14 15:41:10,808 INFO  CommonSwOperations.cs: 245 - Loading component with PID hB     ???2 6 0 m m 2 0 2 0 - 1 @ te?r??M?SO            H   
2026-07-14 15:41:10,808 INFO  CommonSwOperations.cs: 254 - Successfully loaded component D:\！文件夹\四足机器人\宇树电机机器狗\整狗零件\260mm2020.SLDPRT
2026-07-14 15:41:10,808 INFO  CommonSwOperations.cs: 245 - Loading component with PID hB     ???MRb?g??sQ??P?MOWW- 3 @ te?r??M?SO            |  
2026-07-14 15:41:10,809 INFO  CommonSwOperations.cs: 254 - Successfully loaded component D:\！文件夹\四足机器人\宇树电机机器狗\单腿\右前腿零件（主）\6061\髋关节-6061\前面板髋关节限位块.SLDPRT
2026-07-14 15:41:10,809 INFO  CommonSwOperations.cs: 245 - Loading component with PID hB     ???MRb?g??sQ??P?MOWW- 4 @ te?r??M?SO              
2026-07-14 15:41:10,809 INFO  CommonSwOperations.cs: 254 - Successfully loaded component D:\！文件夹\四足机器人\宇树电机机器狗\单腿\右前腿零件（主）\6061\髋关节-6061\前面板髋关节限位块.SLDPRT
2026-07-14 15:41:10,810 INFO  CommonSwOperations.cs: 245 - Loading component with PID hB     ???MRb?g??sQ??P?MOWW- 8 @ te?r??M?SO            ?  
2026-07-14 15:41:10,810 INFO  CommonSwOperations.cs: 254 - Successfully loaded component D:\！文件夹\四足机器人\宇树电机机器狗\单腿\右前腿零件（主）\6061\髋关节-6061\前面板髋关节限位块.SLDPRT
2026-07-14 15:41:10,810 INFO  CommonSwOperations.cs: 245 - Loading component with PID hB     ???MRb?g??sQ??P?MOWW- 7 @ te?r??M?SO            ?  
2026-07-14 15:41:10,811 INFO  CommonSwOperations.cs: 254 - Successfully loaded component D:\！文件夹\四足机器人\宇树电机机器狗\单腿\右前腿零件（主）\6061\髋关节-6061\前面板髋关节限位块.SLDPRT
2026-07-14 15:41:10,811 INFO  CommonSwOperations.cs: 245 - Loading component with PID hB     ???MRb?g??sQ??P?MOWW- 5 @ te?r??M?SO            ?  
2026-07-14 15:41:10,811 INFO  CommonSwOperations.cs: 254 - Successfully loaded component D:\！文件夹\四足机器人\宇树电机机器狗\单腿\右前腿零件（主）\6061\髋关节-6061\前面板髋关节限位块.SLDPRT
2026-07-14 15:41:10,811 INFO  CommonSwOperations.cs: 245 - Loading component with PID hB     ???MRb?g??sQ??P?MOWW- 6 @ te?r??M?SO            ?  
2026-07-14 15:41:10,813 INFO  CommonSwOperations.cs: 254 - Successfully loaded component D:\！文件夹\四足机器人\宇树电机机器狗\单腿\右前腿零件（主）\6061\髋关节-6061\前面板髋关节限位块.SLDPRT
2026-07-14 15:41:10,813 INFO  CommonSwOperations.cs: 245 - Loading component with PID hB     ???MRb?g??sQ??P?MOWW- 2 @ te?r??M?SO            ?  
2026-07-14 15:41:10,813 INFO  CommonSwOperations.cs: 254 - Successfully loaded component D:\！文件夹\四足机器人\宇树电机机器狗\单腿\右前腿零件（主）\6061\髋关节-6061\前面板髋关节限位块.SLDPRT
2026-07-14 15:41:10,813 INFO  CommonSwOperations.cs: 245 - Loading component with PID hB     ???MRb?g??sQ??P?MOWW- 1 @ te?r??M?SO            ?  
2026-07-14 15:41:10,814 INFO  CommonSwOperations.cs: 254 - Successfully loaded component D:\！文件夹\四足机器人\宇树电机机器狗\单腿\右前腿零件（主）\6061\髋关节-6061\前面板髋关节限位块.SLDPRT
2026-07-14 15:41:10,814 INFO  CommonSwOperations.cs: 245 - Loading component with PID hB     ???MR??2??b?N- 1 @ te?r??M?SO            ?  
2026-07-14 15:41:10,815 INFO  CommonSwOperations.cs: 254 - Successfully loaded component D:\！文件夹\四足机器人\宇树电机机器狗\整狗零件\前部防护件.SLDPRT
2026-07-14 15:41:10,815 INFO  CommonSwOperations.cs: 245 - Loading component with PID hB     ???:g??;NSO- 1 @ te?r??M?SO            ?  
2026-07-14 15:41:10,815 INFO  CommonSwOperations.cs: 254 - Successfully loaded component D:\！文件夹\四足机器人\宇树电机机器狗\整狗零件\机身主体.SLDPRT
2026-07-14 15:41:10,816 INFO  CommonSwOperations.cs: 230 - Loaded 20 components for link base
2026-07-14 15:41:10,816 INFO  CommonSwOperations.cs: 221 - Loading SolidWorks components for FL_hip from D:\！文件夹\四足机器人\宇树电机机器狗\装配体\整狗装配体.SLDASM
2026-07-14 15:41:10,816 INFO  CommonSwOperations.cs: 245 - Loading component with PID hB     ???G O - M 8 0 1 0 - 6 5u:g3 D !j?W- 9 @ te?r??M?SO            ?   
2026-07-14 15:41:10,817 INFO  CommonSwOperations.cs: 254 - Successfully loaded component D:\！文件夹\四足机器人\宇树电机机器狗\单腿\右前腿零件（主）\GO-M8010-6电机3D模型.SLDPRT
2026-07-14 15:41:10,817 INFO  CommonSwOperations.cs: 245 - Loading component with PID hB     ?????sQ?????c?N- USb?- 6 0 6 1 - ?]MR- 1 @ te?r??M?SO            
  
2026-07-14 15:41:10,817 INFO  CommonSwOperations.cs: 254 - Successfully loaded component D:\！文件夹\四足机器人\宇树电机机器狗\单腿\左前腿零件\6061\髋关节连接件-单面-6061-左前.SLDPRT
2026-07-14 15:41:10,818 INFO  CommonSwOperations.cs: 245 - Loading component with PID hB     ???'Y?- \?sQ??P?MOWW- 4 @ te?r??M?SO            ?  
2026-07-14 15:41:10,818 INFO  CommonSwOperations.cs: 254 - Successfully loaded component D:\！文件夹\四足机器人\宇树电机机器狗\单腿\右前腿零件（主）\6061\大腿-6061\大腿-小腿关节限位块.SLDPRT
2026-07-14 15:41:10,818 INFO  CommonSwOperations.cs: 230 - Loaded 3 components for link FL_hip
2026-07-14 15:41:10,819 INFO  CommonSwOperations.cs: 221 - Loading SolidWorks components for FL_thigh from D:\！文件夹\四足机器人\宇树电机机器狗\装配体\整狗装配体.SLDASM
2026-07-14 15:41:10,819 INFO  CommonSwOperations.cs: 245 - Loading component with PID hB     ???G O - M 8 0 1 0 - 6 5u:g3 D !j?W- 8 @ te?r??M?SO            ?   
2026-07-14 15:41:10,819 INFO  CommonSwOperations.cs: 254 - Successfully loaded component D:\！文件夹\四足机器人\宇树电机机器狗\单腿\右前腿零件（主）\GO-M8010-6电机3D模型.SLDPRT
2026-07-14 15:41:10,820 INFO  CommonSwOperations.cs: 245 - Loading component with PID hB     ???'Y??Q?O- 6 0 6 1 - ?]?O- 1 @ te?r??M?SO            &  
2026-07-14 15:41:10,820 INFO  CommonSwOperations.cs: 254 - Successfully loaded component D:\！文件夹\四足机器人\宇树电机机器狗\单腿\左前腿零件\6061\大腿内侧-6061-左侧.SLDPRT
2026-07-14 15:41:10,821 INFO  CommonSwOperations.cs: 245 - Loading component with PID hB     ???'Y?SbpS?N- \??P?]?O- 1 @ te?r??M?SO            *  
2026-07-14 15:41:10,821 INFO  CommonSwOperations.cs: 254 - Successfully loaded component D:\！文件夹\四足机器人\宇树电机机器狗\单腿\左前腿零件\6061\大腿打印件-镜像左侧.SLDPRT
2026-07-14 15:41:10,821 INFO  CommonSwOperations.cs: 245 - Loading component with PID hB     ???'Y?Y?O- 6 0 6 1 - 3 m m - 4 @ te?r??M?SO            1  
2026-07-14 15:41:10,822 INFO  CommonSwOperations.cs: 254 - Successfully loaded component D:\！文件夹\四足机器人\宇树电机机器狗\单腿\右前腿零件（主）\6061\大腿-6061\大腿外侧-6061-3mm.SLDPRT
2026-07-14 15:41:10,822 INFO  CommonSwOperations.cs: 245 - Loading component with PID hB     ???2 - 3 sQ?????c?N- MR?]- 6 0 6 1 - 1 @ te?r??M?SO            ?  
2026-07-14 15:41:10,822 INFO  CommonSwOperations.cs: 254 - Successfully loaded component D:\！文件夹\四足机器人\宇树电机机器狗\单腿\左前腿零件\6061\2-3关节连接件-前左-6061.SLDPRT
2026-07-14 15:41:10,823 INFO  CommonSwOperations.cs: 230 - Loaded 5 components for link FL_thigh
2026-07-14 15:41:10,824 INFO  CommonSwOperations.cs: 221 - Loading SolidWorks components for FL_calf from D:\！文件夹\四足机器人\宇树电机机器狗\装配体\整狗装配体.SLDASM
2026-07-14 15:41:10,824 INFO  CommonSwOperations.cs: 245 - Loading component with PID hB     ???\?Y?O?f?~- \??P- 6 0 6 1 - 4 @ te?r??M?SO            6  
2026-07-14 15:41:10,824 INFO  CommonSwOperations.cs: 254 - Successfully loaded component D:\！文件夹\四足机器人\宇树电机机器狗\单腿\右前腿零件（主）\6061\小腿-6061\小腿外侧曲线-镜像-6061.SLDPRT
2026-07-14 15:41:10,825 INFO  CommonSwOperations.cs: 245 - Loading component with PID hB     ???\?Y?O?f?~- 6 0 6 1 - 4 @ te?r??M?SO            7  
2026-07-14 15:41:10,825 INFO  CommonSwOperations.cs: 254 - Successfully loaded component D:\！文件夹\四足机器人\宇树电机机器狗\单腿\右前腿零件（主）\6061\小腿-6061\小腿外侧曲线-6061.SLDPRT
2026-07-14 15:41:10,826 INFO  CommonSwOperations.cs: 245 - Loading component with PID hB     ???\?-N???f?~- 6 0 6 1 - 4 @ te?r??M?SO            5  
2026-07-14 15:41:10,826 INFO  CommonSwOperations.cs: 254 - Successfully loaded component D:\！文件夹\四足机器人\宇树电机机器狗\单腿\右前腿零件（主）\6061\小腿-6061\小腿中间曲线-6061.SLDPRT
2026-07-14 15:41:10,826 INFO  CommonSwOperations.cs: 245 - Loading component with PID hB     ???\?p?g2 - 2 @ te?r??M?SO            ?  
2026-07-14 15:41:10,827 INFO  CommonSwOperations.cs: 254 - Successfully loaded component D:\！文件夹\四足机器人\宇树电机机器狗\单腿\右前腿零件（主）\打印件\小腿饰板2.SLDPRT
2026-07-14 15:41:10,827 INFO  CommonSwOperations.cs: 245 - Loading component with PID hB     ??????zSbpS?N- 5 @ te?r??M?SO              
2026-07-14 15:41:10,827 INFO  CommonSwOperations.cs: 254 - Successfully loaded component D:\！文件夹\四足机器人\宇树电机机器狗\整狗零件\足端打印件.SLDPRT
2026-07-14 15:41:10,828 INFO  CommonSwOperations.cs: 245 - Loading component with PID hB     ???Ex?????z- 4 @ te?r??M?SO              
2026-07-14 15:41:10,860 INFO  CommonSwOperations.cs: 254 - Successfully loaded component D:\！文件夹\四足机器人\宇树电机机器狗\单腿\右前腿零件（主）\硅胶足端.SLDPRT
2026-07-14 15:41:10,860 INFO  CommonSwOperations.cs: 245 - Loading component with PID hB     ???\?p?g1 - 2 @ te?r??M?SO            ?  
2026-07-14 15:41:10,861 INFO  CommonSwOperations.cs: 254 - Successfully loaded component D:\！文件夹\四足机器人\宇树电机机器狗\单腿\右前腿零件（主）\打印件\小腿饰板1.SLDPRT
2026-07-14 15:41:10,861 INFO  CommonSwOperations.cs: 230 - Loaded 7 components for link FL_calf
2026-07-14 15:41:10,862 INFO  CommonSwOperations.cs: 221 - Loading SolidWorks components for FR_hip from D:\！文件夹\四足机器人\宇树电机机器狗\装配体\整狗装配体.SLDASM
2026-07-14 15:41:10,862 INFO  CommonSwOperations.cs: 245 - Loading component with PID hB     ???G O - M 8 0 1 0 - 6 5u:g3 D !j?W- 3 @ te?r??M?SO            w   
2026-07-14 15:41:10,863 INFO  CommonSwOperations.cs: 254 - Successfully loaded component D:\！文件夹\四足机器人\宇树电机机器狗\单腿\右前腿零件（主）\GO-M8010-6电机3D模型.SLDPRT
2026-07-14 15:41:10,863 INFO  CommonSwOperations.cs: 245 - Loading component with PID hB     ?????sQ?????c?N- MR?- 6 0 6 1 - 1 @ te?r??M?SO            Y  
2026-07-14 15:41:10,864 INFO  CommonSwOperations.cs: 254 - Successfully loaded component D:\！文件夹\四足机器人\宇树电机机器狗\单腿\右前腿零件（主）\6061\髋关节-6061\髋关节连接件-前腿-6061.SLDPRT
2026-07-14 15:41:10,864 INFO  CommonSwOperations.cs: 245 - Loading component with PID hB     ???'Y?- \?sQ??P?MOWW- 2 @ te?r??M?SO            ?  
2026-07-14 15:41:10,865 INFO  CommonSwOperations.cs: 254 - Successfully loaded component D:\！文件夹\四足机器人\宇树电机机器狗\单腿\右前腿零件（主）\6061\大腿-6061\大腿-小腿关节限位块.SLDPRT
2026-07-14 15:41:10,865 INFO  CommonSwOperations.cs: 230 - Loaded 3 components for link FR_hip
2026-07-14 15:41:10,865 INFO  CommonSwOperations.cs: 221 - Loading SolidWorks components for FR_thigh from D:\！文件夹\四足机器人\宇树电机机器狗\装配体\整狗装配体.SLDASM
2026-07-14 15:41:10,866 INFO  CommonSwOperations.cs: 245 - Loading component with PID hB     ???G O - M 8 0 1 0 - 6 5u:g3 D !j?W- 2 @ te?r??M?SO            v   
2026-07-14 15:41:10,866 INFO  CommonSwOperations.cs: 254 - Successfully loaded component D:\！文件夹\四足机器人\宇树电机机器狗\单腿\右前腿零件（主）\GO-M8010-6电机3D模型.SLDPRT
2026-07-14 15:41:10,866 INFO  CommonSwOperations.cs: 245 - Loading component with PID hB     ???'Y??Q?O- 6 0 6 1 - 1 @ te?r??M?SO            g  
2026-07-14 15:41:10,867 INFO  CommonSwOperations.cs: 254 - Successfully loaded component D:\！文件夹\四足机器人\宇树电机机器狗\单腿\右前腿零件（主）\6061\大腿-6061\大腿内侧-6061.SLDPRT
2026-07-14 15:41:10,867 INFO  CommonSwOperations.cs: 245 - Loading component with PID hB     ???'Y?SbpS?N- 1 @ te?r??M?SO            f  
2026-07-14 15:41:10,868 INFO  CommonSwOperations.cs: 254 - Successfully loaded component D:\！文件夹\四足机器人\宇树电机机器狗\单腿\右前腿零件（主）\6061\大腿-6061\大腿打印件.SLDPRT
2026-07-14 15:41:10,868 INFO  CommonSwOperations.cs: 245 - Loading component with PID hB     ???'Y?Y?O- 6 0 6 1 - 3 m m - 1 @ te?r??M?SO            h  
2026-07-14 15:41:10,868 INFO  CommonSwOperations.cs: 254 - Successfully loaded component D:\！文件夹\四足机器人\宇树电机机器狗\单腿\右前腿零件（主）\6061\大腿-6061\大腿外侧-6061-3mm.SLDPRT
2026-07-14 15:41:10,869 INFO  CommonSwOperations.cs: 245 - Loading component with PID hB     ???2 - 3 sQ?????c?N- MR?S- 6 0 6 1 - 2 @ te?r??M?SO            ?  
2026-07-14 15:41:10,869 INFO  CommonSwOperations.cs: 254 - Successfully loaded component D:\！文件夹\四足机器人\宇树电机机器狗\单腿\右前腿零件（主）\6061\大腿-6061\2-3关节连接件-前右-6061.SLDPRT
2026-07-14 15:41:10,869 INFO  CommonSwOperations.cs: 230 - Loaded 5 components for link FR_thigh
2026-07-14 15:41:10,870 INFO  CommonSwOperations.cs: 221 - Loading SolidWorks components for FR_calf from D:\！文件夹\四足机器人\宇树电机机器狗\装配体\整狗装配体.SLDASM
2026-07-14 15:41:10,870 INFO  CommonSwOperations.cs: 245 - Loading component with PID hB     ???\?-N???f?~- 6 0 6 1 - 1 @ te?r??M?SO            w  
2026-07-14 15:41:10,870 INFO  CommonSwOperations.cs: 254 - Successfully loaded component D:\！文件夹\四足机器人\宇树电机机器狗\单腿\右前腿零件（主）\6061\小腿-6061\小腿中间曲线-6061.SLDPRT
2026-07-14 15:41:10,871 INFO  CommonSwOperations.cs: 245 - Loading component with PID hB     ???\?Y?O?f?~- \??P- 6 0 6 1 - 1 @ te?r??M?SO            v  
2026-07-14 15:41:10,871 INFO  CommonSwOperations.cs: 254 - Successfully loaded component D:\！文件夹\四足机器人\宇树电机机器狗\单腿\右前腿零件（主）\6061\小腿-6061\小腿外侧曲线-镜像-6061.SLDPRT
2026-07-14 15:41:10,872 INFO  CommonSwOperations.cs: 245 - Loading component with PID hB     ???\?Y?O?f?~- 6 0 6 1 - 1 @ te?r??M?SO            u  
2026-07-14 15:41:10,872 INFO  CommonSwOperations.cs: 254 - Successfully loaded component D:\！文件夹\四足机器人\宇树电机机器狗\单腿\右前腿零件（主）\6061\小腿-6061\小腿外侧曲线-6061.SLDPRT
2026-07-14 15:41:10,872 INFO  CommonSwOperations.cs: 245 - Loading component with PID hB     ???\?p?g2 - 4 @ te?r??M?SO            ?  
2026-07-14 15:41:10,873 INFO  CommonSwOperations.cs: 254 - Successfully loaded component D:\！文件夹\四足机器人\宇树电机机器狗\单腿\右前腿零件（主）\打印件\小腿饰板2.SLDPRT
2026-07-14 15:41:10,873 INFO  CommonSwOperations.cs: 245 - Loading component with PID hB     ??????zSbpS?N- 6 @ te?r??M?SO              
2026-07-14 15:41:10,873 INFO  CommonSwOperations.cs: 254 - Successfully loaded component D:\！文件夹\四足机器人\宇树电机机器狗\整狗零件\足端打印件.SLDPRT
2026-07-14 15:41:10,873 INFO  CommonSwOperations.cs: 245 - Loading component with PID hB     ???Ex?????z- 5 @ te?r??M?SO              
2026-07-14 15:41:10,874 INFO  CommonSwOperations.cs: 254 - Successfully loaded component D:\！文件夹\四足机器人\宇树电机机器狗\单腿\右前腿零件（主）\硅胶足端.SLDPRT
2026-07-14 15:41:10,874 INFO  CommonSwOperations.cs: 245 - Loading component with PID hB     ???\?p?g1 - 4 @ te?r??M?SO            ?  
2026-07-14 15:41:10,875 INFO  CommonSwOperations.cs: 254 - Successfully loaded component D:\！文件夹\四足机器人\宇树电机机器狗\单腿\右前腿零件（主）\打印件\小腿饰板1.SLDPRT
2026-07-14 15:41:10,875 INFO  CommonSwOperations.cs: 230 - Loaded 7 components for link FR_calf
2026-07-14 15:41:10,875 INFO  CommonSwOperations.cs: 221 - Loading SolidWorks components for RL_hip from D:\！文件夹\四足机器人\宇树电机机器狗\装配体\整狗装配体.SLDASM
2026-07-14 15:41:10,876 INFO  CommonSwOperations.cs: 245 - Loading component with PID hB     ???G O - M 8 0 1 0 - 6 5u:g3 D !j?W- 1 2 @ te?r??M?SO              
2026-07-14 15:41:10,876 INFO  CommonSwOperations.cs: 254 - Successfully loaded component D:\！文件夹\四足机器人\宇树电机机器狗\单腿\右前腿零件（主）\GO-M8010-6电机3D模型.SLDPRT
2026-07-14 15:41:10,876 INFO  CommonSwOperations.cs: 245 - Loading component with PID hB     ?????sQ?????c?N- USb?- 6 0 6 1 - ?]T- 1 @ te?r??M?SO              
2026-07-14 15:41:10,877 INFO  CommonSwOperations.cs: 254 - Successfully loaded component D:\！文件夹\四足机器人\宇树电机机器狗\单腿\左后腿零件\6061\髋关节连接件-单面-6061-左后.SLDPRT
2026-07-14 15:41:10,877 INFO  CommonSwOperations.cs: 245 - Loading component with PID hB     ???'Y?- \?sQ??P?MOWW- 5 @ te?r??M?SO            ?  
2026-07-14 15:41:10,878 INFO  CommonSwOperations.cs: 254 - Successfully loaded component D:\！文件夹\四足机器人\宇树电机机器狗\单腿\右前腿零件（主）\6061\大腿-6061\大腿-小腿关节限位块.SLDPRT
2026-07-14 15:41:10,878 INFO  CommonSwOperations.cs: 230 - Loaded 3 components for link RL_hip
2026-07-14 15:41:10,878 INFO  CommonSwOperations.cs: 221 - Loading SolidWorks components for RL_thigh from D:\！文件夹\四足机器人\宇树电机机器狗\装配体\整狗装配体.SLDASM
2026-07-14 15:41:10,879 INFO  CommonSwOperations.cs: 245 - Loading component with PID hB     ???G O - M 8 0 1 0 - 6 5u:g3 D !j?W- 1 1 @ te?r??M?SO              
2026-07-14 15:41:10,879 INFO  CommonSwOperations.cs: 254 - Successfully loaded component D:\！文件夹\四足机器人\宇树电机机器狗\单腿\右前腿零件（主）\GO-M8010-6电机3D模型.SLDPRT
2026-07-14 15:41:10,879 INFO  CommonSwOperations.cs: 245 - Loading component with PID hB     ???'Y??Q?O- 6 0 6 1 - ?]?O- 2 @ te?r??M?SO            V  
2026-07-14 15:41:10,880 INFO  CommonSwOperations.cs: 254 - Successfully loaded component D:\！文件夹\四足机器人\宇树电机机器狗\单腿\左前腿零件\6061\大腿内侧-6061-左侧.SLDPRT
2026-07-14 15:41:10,880 INFO  CommonSwOperations.cs: 245 - Loading component with PID hB     ???'Y?SbpS?N- \??P?]?O- 2 @ te?r??M?SO            W  
2026-07-14 15:41:10,880 INFO  CommonSwOperations.cs: 254 - Successfully loaded component D:\！文件夹\四足机器人\宇树电机机器狗\单腿\左前腿零件\6061\大腿打印件-镜像左侧.SLDPRT
2026-07-14 15:41:10,881 INFO  CommonSwOperations.cs: 245 - Loading component with PID hB     ???'Y?Y?O- 6 0 6 1 - 3 m m - 5 @ te?r??M?SO            X  
2026-07-14 15:41:10,881 INFO  CommonSwOperations.cs: 254 - Successfully loaded component D:\！文件夹\四足机器人\宇树电机机器狗\单腿\右前腿零件（主）\6061\大腿-6061\大腿外侧-6061-3mm.SLDPRT
2026-07-14 15:41:10,881 INFO  CommonSwOperations.cs: 245 - Loading component with PID hB     ???2 - 3 sQ?????c?N- ?]T- 6 0 6 1 - 2 @ te?r??M?SO            ?  
2026-07-14 15:41:10,882 INFO  CommonSwOperations.cs: 254 - Successfully loaded component D:\！文件夹\四足机器人\宇树电机机器狗\单腿\左后腿零件\6061\2-3关节连接件-左后-6061.SLDPRT
2026-07-14 15:41:10,882 INFO  CommonSwOperations.cs: 230 - Loaded 5 components for link RL_thigh
2026-07-14 15:41:10,882 INFO  CommonSwOperations.cs: 221 - Loading SolidWorks components for RL_calf from D:\！文件夹\四足机器人\宇树电机机器狗\装配体\整狗装配体.SLDASM
2026-07-14 15:41:10,884 INFO  CommonSwOperations.cs: 245 - Loading component with PID hB     ???\?-N???f?~- 6 0 6 1 - 5 @ te?r??M?SO            Y  
2026-07-14 15:41:10,884 INFO  CommonSwOperations.cs: 254 - Successfully loaded component D:\！文件夹\四足机器人\宇树电机机器狗\单腿\右前腿零件（主）\6061\小腿-6061\小腿中间曲线-6061.SLDPRT
2026-07-14 15:41:10,884 INFO  CommonSwOperations.cs: 245 - Loading component with PID hB     ???\?Y?O?f?~- \??P- 6 0 6 1 - 5 @ te?r??M?SO            Z  
2026-07-14 15:41:10,885 INFO  CommonSwOperations.cs: 254 - Successfully loaded component D:\！文件夹\四足机器人\宇树电机机器狗\单腿\右前腿零件（主）\6061\小腿-6061\小腿外侧曲线-镜像-6061.SLDPRT
2026-07-14 15:41:10,885 INFO  CommonSwOperations.cs: 245 - Loading component with PID hB     ???\?Y?O?f?~- 6 0 6 1 - 5 @ te?r??M?SO            [  
2026-07-14 15:41:10,885 INFO  CommonSwOperations.cs: 254 - Successfully loaded component D:\！文件夹\四足机器人\宇树电机机器狗\单腿\右前腿零件（主）\6061\小腿-6061\小腿外侧曲线-6061.SLDPRT
2026-07-14 15:41:10,886 INFO  CommonSwOperations.cs: 245 - Loading component with PID hB     ???\?p?g2 - 1 @ te?r??M?SO            ?  
2026-07-14 15:41:10,886 INFO  CommonSwOperations.cs: 254 - Successfully loaded component D:\！文件夹\四足机器人\宇树电机机器狗\单腿\右前腿零件（主）\打印件\小腿饰板2.SLDPRT
2026-07-14 15:41:10,887 INFO  CommonSwOperations.cs: 245 - Loading component with PID hB     ??????zSbpS?N- 1 @ te?r??M?SO            ?  
2026-07-14 15:41:10,887 INFO  CommonSwOperations.cs: 254 - Successfully loaded component D:\！文件夹\四足机器人\宇树电机机器狗\整狗零件\足端打印件.SLDPRT
2026-07-14 15:41:10,887 INFO  CommonSwOperations.cs: 245 - Loading component with PID hB     ???Ex?????z- 2 @ te?r??M?SO            ?  
2026-07-14 15:41:10,888 INFO  CommonSwOperations.cs: 254 - Successfully loaded component D:\！文件夹\四足机器人\宇树电机机器狗\单腿\右前腿零件（主）\硅胶足端.SLDPRT
2026-07-14 15:41:10,888 INFO  CommonSwOperations.cs: 245 - Loading component with PID hB     ???\?p?g1 - 1 @ te?r??M?SO            ?  
2026-07-14 15:41:10,889 INFO  CommonSwOperations.cs: 254 - Successfully loaded component D:\！文件夹\四足机器人\宇树电机机器狗\单腿\右前腿零件（主）\打印件\小腿饰板1.SLDPRT
2026-07-14 15:41:10,889 INFO  CommonSwOperations.cs: 230 - Loaded 7 components for link RL_calf
2026-07-14 15:41:10,889 INFO  CommonSwOperations.cs: 221 - Loading SolidWorks components for RR_hip from D:\！文件夹\四足机器人\宇树电机机器狗\装配体\整狗装配体.SLDASM
2026-07-14 15:41:10,889 INFO  CommonSwOperations.cs: 245 - Loading component with PID hB     ???G O - M 8 0 1 0 - 6 5u:g3 D !j?W- 6 @ te?r??M?SO            ?   
2026-07-14 15:41:10,890 INFO  CommonSwOperations.cs: 254 - Successfully loaded component D:\！文件夹\四足机器人\宇树电机机器狗\单腿\右前腿零件（主）\GO-M8010-6电机3D模型.SLDPRT
2026-07-14 15:41:10,890 INFO  CommonSwOperations.cs: 245 - Loading component with PID hB     ?????sQ?????c?N- USb?- 6 0 6 1 - ?ST- 2 @ te?r??M?SO            .  
2026-07-14 15:41:10,891 INFO  CommonSwOperations.cs: 254 - Successfully loaded component D:\！文件夹\四足机器人\宇树电机机器狗\单腿\右后腿零件\6061\髋关节连接件-单面-6061-右后.SLDPRT
2026-07-14 15:41:10,891 INFO  CommonSwOperations.cs: 245 - Loading component with PID hB     ???'Y?- \?sQ??P?MOWW- 6 @ te?r??M?SO            m  
2026-07-14 15:41:10,891 INFO  CommonSwOperations.cs: 254 - Successfully loaded component D:\！文件夹\四足机器人\宇树电机机器狗\单腿\右前腿零件（主）\6061\大腿-6061\大腿-小腿关节限位块.SLDPRT
2026-07-14 15:41:10,891 INFO  CommonSwOperations.cs: 230 - Loaded 3 components for link RR_hip
2026-07-14 15:41:10,891 INFO  CommonSwOperations.cs: 221 - Loading SolidWorks components for RR_thigh from D:\！文件夹\四足机器人\宇树电机机器狗\装配体\整狗装配体.SLDASM
2026-07-14 15:41:10,891 INFO  CommonSwOperations.cs: 245 - Loading component with PID hB     ???G O - M 8 0 1 0 - 6 5u:g3 D !j?W- 5 @ te?r??M?SO            ?   
2026-07-14 15:41:10,893 INFO  CommonSwOperations.cs: 254 - Successfully loaded component D:\！文件夹\四足机器人\宇树电机机器狗\单腿\右前腿零件（主）\GO-M8010-6电机3D模型.SLDPRT
2026-07-14 15:41:10,893 INFO  CommonSwOperations.cs: 245 - Loading component with PID hB     ???'Y??Q?O- 6 0 6 1 - 3 @ te?r??M?SO            ?  
2026-07-14 15:41:10,894 INFO  CommonSwOperations.cs: 254 - Successfully loaded component D:\！文件夹\四足机器人\宇树电机机器狗\单腿\右前腿零件（主）\6061\大腿-6061\大腿内侧-6061.SLDPRT
2026-07-14 15:41:10,894 INFO  CommonSwOperations.cs: 245 - Loading component with PID hB     ???'Y?SbpS?N- 3 @ te?r??M?SO            ?  
2026-07-14 15:41:10,895 INFO  CommonSwOperations.cs: 254 - Successfully loaded component D:\！文件夹\四足机器人\宇树电机机器狗\单腿\右前腿零件（主）\6061\大腿-6061\大腿打印件.SLDPRT
2026-07-14 15:41:10,895 INFO  CommonSwOperations.cs: 245 - Loading component with PID hB     ???'Y?Y?O- 6 0 6 1 - 3 m m - 3 @ te?r??M?SO            ?  
2026-07-14 15:41:10,895 INFO  CommonSwOperations.cs: 254 - Successfully loaded component D:\！文件夹\四足机器人\宇树电机机器狗\单腿\右前腿零件（主）\6061\大腿-6061\大腿外侧-6061-3mm.SLDPRT
2026-07-14 15:41:10,896 INFO  CommonSwOperations.cs: 245 - Loading component with PID hB     ???2 - 3 sQ?????c?N- ?ST- 6 0 6 1 - 2 @ te?r??M?SO            P  
2026-07-14 15:41:10,896 INFO  CommonSwOperations.cs: 254 - Successfully loaded component D:\！文件夹\四足机器人\宇树电机机器狗\单腿\右后腿零件\6061\2-3关节连接件-右后-6061.SLDPRT
2026-07-14 15:41:10,896 INFO  CommonSwOperations.cs: 230 - Loaded 5 components for link RR_thigh
2026-07-14 15:41:10,897 INFO  CommonSwOperations.cs: 221 - Loading SolidWorks components for RR_calf from D:\！文件夹\四足机器人\宇树电机机器狗\装配体\整狗装配体.SLDASM
2026-07-14 15:41:10,897 INFO  CommonSwOperations.cs: 245 - Loading component with PID hB     ???\?Y?O?f?~- 6 0 6 1 - 3 @ te?r??M?SO            ?  
2026-07-14 15:41:10,897 INFO  CommonSwOperations.cs: 254 - Successfully loaded component D:\！文件夹\四足机器人\宇树电机机器狗\单腿\右前腿零件（主）\6061\小腿-6061\小腿外侧曲线-6061.SLDPRT
2026-07-14 15:41:10,898 INFO  CommonSwOperations.cs: 245 - Loading component with PID hB     ???\?Y?O?f?~- \??P- 6 0 6 1 - 3 @ te?r??M?SO            ?  
2026-07-14 15:41:10,898 INFO  CommonSwOperations.cs: 254 - Successfully loaded component D:\！文件夹\四足机器人\宇树电机机器狗\单腿\右前腿零件（主）\6061\小腿-6061\小腿外侧曲线-镜像-6061.SLDPRT
2026-07-14 15:41:10,899 INFO  CommonSwOperations.cs: 245 - Loading component with PID hB     ???\?-N???f?~- 6 0 6 1 - 3 @ te?r??M?SO            ?  
2026-07-14 15:41:10,899 INFO  CommonSwOperations.cs: 254 - Successfully loaded component D:\！文件夹\四足机器人\宇树电机机器狗\单腿\右前腿零件（主）\6061\小腿-6061\小腿中间曲线-6061.SLDPRT
2026-07-14 15:41:10,899 INFO  CommonSwOperations.cs: 245 - Loading component with PID hB     ???\?p?g2 - 3 @ te?r??M?SO            ?  
2026-07-14 15:41:10,900 INFO  CommonSwOperations.cs: 254 - Successfully loaded component D:\！文件夹\四足机器人\宇树电机机器狗\单腿\右前腿零件（主）\打印件\小腿饰板2.SLDPRT
2026-07-14 15:41:10,900 INFO  CommonSwOperations.cs: 245 - Loading component with PID hB     ??????zSbpS?N- 4 @ te?r??M?SO              
2026-07-14 15:41:10,900 INFO  CommonSwOperations.cs: 254 - Successfully loaded component D:\！文件夹\四足机器人\宇树电机机器狗\整狗零件\足端打印件.SLDPRT
2026-07-14 15:41:10,901 INFO  CommonSwOperations.cs: 245 - Loading component with PID hB     ???Ex?????z- 3 @ te?r??M?SO              
2026-07-14 15:41:10,901 INFO  CommonSwOperations.cs: 254 - Successfully loaded component D:\！文件夹\四足机器人\宇树电机机器狗\单腿\右前腿零件（主）\硅胶足端.SLDPRT
2026-07-14 15:41:10,902 INFO  CommonSwOperations.cs: 245 - Loading component with PID hB     ???\?p?g1 - 3 @ te?r??M?SO            ?  
2026-07-14 15:41:10,902 INFO  CommonSwOperations.cs: 254 - Successfully loaded component D:\！文件夹\四足机器人\宇树电机机器狗\单腿\右前腿零件（主）\打印件\小腿饰板1.SLDPRT
2026-07-14 15:41:10,902 INFO  CommonSwOperations.cs: 230 - Loaded 7 components for link RR_calf
2026-07-14 15:41:11,119 INFO  SwAddin.cs: 344 - Showing property manager
2026-07-14 15:41:46,239 INFO  ExportPropertyManager.cs: 422 - Configuration saved
2026-07-14 15:41:46,245 INFO  ConfigurationSerialization.cs: 276 - URDF Configuration found
<Link z:Id="i1" xmlns="http://schemas.datacontract.org/2004/07/SW2URDF" xmlns:i="http://www.w3.org/2001/XMLSchema-instance" xmlns:z="http://schemas.microsoft.com/2003/10/Serialization/"><Attributes><Attribute z:Id="i2"><AttributeType>name</AttributeType><IsRequired>true</IsRequired><Value i:type="a:string" xmlns:a="http://www.w3.org/2001/XMLSchema">base</Value></Attribute></Attributes><ChildElements><URDFElement z:Id="i3" i:type="Inertial"><Attributes/><ChildElements><URDFElement z:Id="i4" i:type="Origin"><Attributes><Attribute z:Id="i5"><AttributeType>xyz</AttributeType><IsRequired>true</IsRequired><Value i:type="a:ArrayOfdouble" xmlns:a="http://schemas.microsoft.com/2003/10/Serialization/Arrays"><a:double>0.0038649998316307929</a:double><a:double>-2.0324721214883873E-05</a:double><a:double>-1.8095155525657547E-05</a:double></Value></Attribute><Attribute z:Id="i6"><AttributeType>rpy</AttributeType><IsRequired>true</IsRequired><Value i:type="a:ArrayOfdouble" xmlns:a="http://schemas.microsoft.com/2003/10/Serialization/Arrays"><a:double>0</a:double><a:double>0</a:double><a:double>0</a:double></Value></Attribute></Attributes><ChildElements/><ElementName>origin</ElementName><required>false</required><RPYAttribute z:Ref="i6"/><XYZAttribute z:Ref="i5"/><isCustomized>false</isCustomized></URDFElement><URDFElement z:Id="i7" i:type="Mass"><Attributes><Attribute z:Id="i8"><AttributeType>value</AttributeType><IsRequired>true</IsRequired><Value i:type="a:double" xmlns:a="http://www.w3.org/2001/XMLSchema">3.7418313437710853</Value></Attribute></Attributes><ChildElements/><ElementName>mass</ElementName><required>false</required><ValueAttribute z:Ref="i8"/></URDFElement><URDFElement z:Id="i9" i:type="Inertia"><Attributes><Attribute z:Id="i10"><AttributeType>ixx</AttributeType><IsRequired>true</IsRequired><Value i:type="a:double" xmlns:a="http://www.w3.org/2001/XMLSchema">0.0095323736826238448</Value></Attribute><Attribute z:Id="i11"><AttributeType>ixy</AttributeType><IsRequired>true</IsRequired><Value i:type="a:double" xmlns:a="http://www.w3.org/2001/XMLSchema">1.8936309218849126E-11</Value></Attribute><Attribute z:Id="i12"><AttributeType>ixz</AttributeType><IsRequired>true</IsRequired><Value i:type="a:double" xmlns:a="http://www.w3.org/2001/XMLSchema">-1.0165995392269901E-07</Value></Attribute><Attribute z:Id="i13"><AttributeType>iyy</AttributeType><IsRequired>true</IsRequired><Value i:type="a:double" xmlns:a="http://www.w3.org/2001/XMLSchema">0.0083275072712235762</Value></Attribute><Attribute z:Id="i14"><AttributeType>iyz</AttributeType><IsRequired>true</IsRequired><Value i:type="a:double" xmlns:a="http://www.w3.org/2001/XMLSchema">-2.585375547010736E-12</Value></Attribute><Attribute z:Id="i15"><AttributeType>izz</AttributeType><IsRequired>true</IsRequired><Value i:type="a:double" xmlns:a="http://www.w3.org/2001/XMLSchema">0.011862222777365573</Value></Attribute></Attributes><ChildElements/><ElementName>inertia</ElementName><required>false</required><IxxAttribute z:Ref="i10"/><IxyAttribute z:Ref="i11"/><IxzAttribute z:Ref="i12"/><IyyAttribute z:Ref="i13"/><IyzAttribute z:Ref="i14"/><IzzAttribute z:Ref="i15"/></URDFElement></ChildElements><ElementName>inertial</ElementName><required>false</required><Inertia z:Ref="i9"/><Mass z:Ref="i7"/><Origin z:Ref="i4"/></URDFElement><URDFElement z:Id="i16" i:type="Visual"><Attributes/><ChildElements><URDFElement z:Id="i17" i:type="Origin"><Attributes><Attribute z:Id="i18"><AttributeType>xyz</AttributeType><IsRequired>true</IsRequired><Value i:type="a:ArrayOfdouble" xmlns:a="http://schemas.microsoft.com/2003/10/Serialization/Arrays"><a:double>0</a:double><a:double>0</a:double><a:double>0</a:double></Value></Attribute><Attribute z:Id="i19"><AttributeType>rpy</AttributeType><IsRequired>true</IsRequired><Value i:type="a:ArrayOfdouble" xmlns:a="http://schemas.microsoft.com/2003/10/Serialization/Arrays"><a:double>0</a:double><a:double>0</a:double><a:double>0</a:double></Value></Attribute></Attributes><ChildElements/><ElementName>origin</ElementName><required>false</required><RPYAttribute z:Ref="i19"/><XYZAttribute z:Ref="i18"/><isCustomized>false</isCustomized></URDFElement><URDFElement z:Id="i20" i:type="Geometry"><Attributes/><ChildElements><URDFElement z:Id="i21" i:type="Mesh"><Attributes><Attribute z:Id="i22"><AttributeType>filename</AttributeType><IsRequired>true</IsRequired><Value i:nil="true"/></Attribute></Attributes><ChildElements/><ElementName>mesh</ElementName><required>false</required><FilenameAttribute z:Ref="i22"/></URDFElement></ChildElements><ElementName>geometry</ElementName><required>true</required><Mesh z:Ref="i21"/></URDFElement><URDFElement z:Id="i23" i:type="Material"><Attributes><Attribute z:Id="i24"><AttributeType>name</AttributeType><IsRequired>true</IsRequired><Value i:type="a:string" xmlns:a="http://www.w3.org/2001/XMLSchema"/></Attribute></Attributes><ChildElements><URDFElement z:Id="i25" i:type="Color"><Attributes><Attribute z:Id="i26"><AttributeType>rgba</AttributeType><IsRequired>true</IsRequired><Value i:type="a:ArrayOfdouble" xmlns:a="http://schemas.microsoft.com/2003/10/Serialization/Arrays"><a:double>0.89803921568627454</a:double><a:double>0.91764705882352937</a:double><a:double>0.92941176470588238</a:double><a:double>1</a:double></Value></Attribute></Attributes><ChildElements/><ElementName>color</ElementName><required>false</required><RGBAAttribute z:Ref="i26"/></URDFElement><URDFElement z:Id="i27" i:type="Texture"><Attributes><Attribute z:Id="i28"><AttributeType>filename</AttributeType><IsRequired>true</IsRequired><Value i:nil="true"/></Attribute></Attributes><ChildElements/><ElementName>texture</ElementName><required>false</required><FilenameAttribute z:Ref="i28"/><wFilename/></URDFElement></ChildElements><ElementName>material</ElementName><required>false</required><Color z:Ref="i25"/><NameAttribute z:Ref="i24"/><Texture z:Ref="i27"/></URDFElement></ChildElements><ElementName>visual</ElementName><required>false</required><Geometry z:Ref="i20"/><Material z:Ref="i23"/><Origin z:Ref="i17"/></URDFElement><URDFElement z:Id="i29" i:type="Collision"><Attributes/><ChildElements><URDFElement z:Id="i30" i:type="Origin"><Attributes><Attribute z:Id="i31"><AttributeType>xyz</AttributeType><IsRequired>true</IsRequired><Value i:type="a:ArrayOfdouble" xmlns:a="http://schemas.microsoft.com/2003/10/Serialization/Arrays"><a:double>0</a:double><a:double>0</a:double><a:double>0</a:double></Value></Attribute><Attribute z:Id="i32"><AttributeType>rpy</AttributeType><IsRequired>true</IsRequired><Value i:type="a:ArrayOfdouble" xmlns:a="http://schemas.microsoft.com/2003/10/Serialization/Arrays"><a:double>0</a:double><a:double>0</a:double><a:double>0</a:double></Value></Attribute></Attributes><ChildElements/><ElementName>origin</ElementName><required>false</required><RPYAttribute z:Ref="i32"/><XYZAttribute z:Ref="i31"/><isCustomized>false</isCustomized></URDFElement><URDFElement z:Id="i33" i:type="Geometry"><Attributes/><ChildElements><URDFElement z:Id="i34" i:type="Mesh"><Attributes><Attribute z:Id="i35"><AttributeType>filename</AttributeType><IsRequired>true</IsRequired><Value i:nil="true"/></Attribute></Attributes><ChildElements/><ElementName>mesh</ElementName><required>false</required><FilenameAttribute z:Ref="i35"/></URDFElement></ChildElements><ElementName>geometry</ElementName><required>true</required><Mesh z:Ref="i34"/></URDFElement></ChildElements><ElementName>collision</ElementName><required>false</required><Geometry z:Ref="i33"/><Origin z:Ref="i30"/></URDFElement><URDFElement z:Id="i36" i:type="Joint"><Attributes><Attribute z:Id="i37"><AttributeType>name</AttributeType><IsRequired>true</IsRequired><Value i:type="a:string" xmlns:a="http://www.w3.org/2001/XMLSchema"/></Attribute><Attribute z:Id="i38"><AttributeType>type</AttributeType><IsRequired>true</IsRequired><Value i:type="a:string" xmlns:a="http://www.w3.org/2001/XMLSchema"/></Attribute></Attributes><ChildElements><URDFElement z:Id="i39" i:type="Origin"><Attributes><Attribute z:Id="i40"><AttributeType>xyz</AttributeType><IsRequired>true</IsRequired><Value i:type="a:ArrayOfdouble" xmlns:a="http://schemas.microsoft.com/2003/10/Serialization/Arrays"><a:double>0</a:double><a:double>0</a:double><a:double>0</a:double></Value></Attribute><Attribute z:Id="i41"><AttributeType>rpy</AttributeType><IsRequired>true</IsRequired><Value i:type="a:ArrayOfdouble" xmlns:a="http://schemas.microsoft.com/2003/10/Serialization/Arrays"><a:double>0</a:double><a:double>0</a:double><a:double>0</a:double></Value></Attribute></Attributes><ChildElements/><ElementName>origin</ElementName><required>false</required><RPYAttribute z:Ref="i41"/><XYZAttribute z:Ref="i40"/><isCustomized>false</isCustomized></URDFElement><URDFElement z:Id="i42" i:type="ParentLink"><Attributes><Attribute z:Id="i43"><AttributeType>link</AttributeType><IsRequired>true</IsRequired><Value i:type="a:string" xmlns:a="http://www.w3.org/2001/XMLSchema"/></Attribute></Attributes><ChildElements/><ElementName>parent</ElementName><required>true</required><NameAttribute z:Ref="i43"/></URDFElement><URDFElement z:Id="i44" i:type="ChildLink"><Attributes><Attribute z:Id="i45"><AttributeType>link</AttributeType><IsRequired>true</IsRequired><Value i:type="a:string" xmlns:a="http://www.w3.org/2001/XMLSchema"/></Attribute></Attributes><ChildElements/><ElementName>child</ElementName><required>true</required><NameAttribute z:Ref="i45"/></URDFElement><URDFElement z:Id="i46" i:type="Axis"><Attributes><Attribute z:Id="i47"><AttributeType>xyz</AttributeType><IsRequired>true</IsRequired><Value i:type="a:ArrayOfdouble" xmlns:a="http://schemas.microsoft.com/2003/10/Serialization/Arrays"><a:double>0</a:double><a:double>0</a:double><a:double>0</a:double></Value></Attribute></Attributes><ChildElements/><ElementName>axis</ElementName><required>false</required><XYZAttribute z:Ref="i47"/></URDFElement><URDFElement z:Id="i48" i:type="Limit"><Attributes><Attribute z:Id="i49"><AttributeType>lower</AttributeType><IsRequired>false</IsRequired><Value i:nil="true"/></Attribute><Attribute z:Id="i50"><AttributeType>upper</AttributeType><IsRequired>false</IsRequired><Value i:nil="true"/></Attribute><Attribute z:Id="i51"><AttributeType>effort</AttributeType><IsRequired>true</IsRequired><Value i:nil="true"/></Attribute><Attribute z:Id="i52"><AttributeType>velocity</AttributeType><IsRequired>true</IsRequired><Value i:nil="true"/></Attribute></Attributes><ChildElements/><ElementName>limit</ElementName><required>false</required><EffortAttribute z:Ref="i51"/><LowerAttribute z:Ref="i49"/><UpperAttribute z:Ref="i50"/><VelocityAttribute z:Ref="i52"/></URDFElement><URDFElement z:Id="i53" i:type="Calibration"><Attributes><Attribute z:Id="i54"><AttributeType>rising</AttributeType><IsRequired>false</IsRequired><Value i:nil="true"/></Attribute><Attribute z:Id="i55"><AttributeType>falling</AttributeType><IsRequired>false</IsRequired><Value i:nil="true"/></Attribute></Attributes><ChildElements/><ElementName>calibration</ElementName><required>false</required><FallingAttribute z:Ref="i55"/><RisingAttribute z:Ref="i54"/></URDFElement><URDFElement z:Id="i56" i:type="Dynamics"><Attributes><Attribute z:Id="i57"><AttributeType>damping</AttributeType><IsRequired>false</IsRequired><Value i:nil="true"/></Attribute><Attribute z:Id="i58"><AttributeType>friction</AttributeType><IsRequired>false</IsRequired><Value i:nil="true"/></Attribute></Attributes><ChildElements/><ElementName>dynamics</ElementName><required>false</required><DampingAttribute z:Ref="i57"/><FrictionAttribute z:Ref="i58"/></URDFElement><URDFElement z:Id="i59" i:type="SafetyController"><Attributes><Attribute z:Id="i60"><AttributeType>soft_upper_limit</AttributeType><IsRequired>false</IsRequired><Value i:nil="true"/></Attribute><Attribute z:Id="i61"><AttributeType>soft_lower_limit</AttributeType><IsRequired>false</IsRequired><Value i:nil="true"/></Attribute><Attribute z:Id="i62"><AttributeType>k_position</AttributeType><IsRequired>false</IsRequired><Value i:nil="true"/></Attribute><Attribute z:Id="i63"><AttributeType>k_velocity</AttributeType><IsRequired>true</IsRequired><Value i:nil="true"/></Attribute></Attributes><ChildElements/><ElementName>safety_controller</ElementName><required>false</required><KPositionAttribute z:Ref="i62"/><KVelocityAttribute z:Ref="i63"/><SoftLowerAttribute z:Ref="i61"/><SoftUpperAttribute z:Ref="i60"/></URDFElement><URDFElement z:Id="i64" i:type="Mimic"><Attributes><Attribute z:Id="i65"><AttributeType>joint</AttributeType><IsRequired>true</IsRequired><Value i:nil="true"/></Attribute><Attribute z:Id="i66"><AttributeType>multiplier</AttributeType><IsRequired>false</IsRequired><Value i:nil="true"/></Attribute><Attribute z:Id="i67"><AttributeType>offset</AttributeType><IsRequired>false</IsRequired><Value i:nil="true"/></Attribute></Attributes><ChildElements/><ElementName>mimic</ElementName><required>false</required><JointNameAttribute z:Ref="i65"/><MultiplierAttribute z:Ref="i66"/><OffsetAttribute z:Ref="i67"/></URDFElement></ChildElements><ElementName>joint</ElementName><required>false</required><Axis z:Ref="i46"/><AxisName/><Calibration z:Ref="i53"/><Child z:Ref="i44"/><CoordinateSystemName>base_Coordinate System</CoordinateSystemName><Dynamics z:Ref="i56"/><Limit z:Ref="i48"/><Mimic z:Ref="i64"/><NameAttribute z:Ref="i37"/><Origin z:Ref="i39"/><Parent z:Ref="i42"/><Safety z:Ref="i59"/><TypeAttribute z:Ref="i38"/></URDFElement></ChildElements><ElementName>link</ElementName><required>true</required><Children><Link z:Id="i68"><Attributes><Attribute z:Id="i69"><AttributeType>name</AttributeType><IsRequired>true</IsRequired><Value i:type="a:string" xmlns:a="http://www.w3.org/2001/XMLSchema">FL_hip</Value></Attribute></Attributes><ChildElements><URDFElement z:Id="i70" i:type="Inertial"><Attributes/><ChildElements><URDFElement z:Id="i71" i:type="Origin"><Attributes><Attribute z:Id="i72"><AttributeType>xyz</AttributeType><IsRequired>true</IsRequired><Value i:type="a:ArrayOfdouble" xmlns:a="http://schemas.microsoft.com/2003/10/Serialization/Arrays"><a:double>0.043160308457947272</a:double><a:double>-0.0028511132564460751</a:double><a:double>-0.00054888130292998771</a:double></Value></Attribute><Attribute z:Id="i73"><AttributeType>rpy</AttributeType><IsRequired>true</IsRequired><Value i:type="a:ArrayOfdouble" xmlns:a="http://schemas.microsoft.com/2003/10/Serialization/Arrays"><a:double>0</a:double><a:double>0</a:double><a:double>0</a:double></Value></Attribute></Attributes><ChildElements/><ElementName>origin</ElementName><required>false</required><RPYAttribute z:Ref="i73"/><XYZAttribute z:Ref="i72"/><isCustomized>false</isCustomized></URDFElement><URDFElement z:Id="i74" i:type="Mass"><Attributes><Attribute z:Id="i75"><AttributeType>value</AttributeType><IsRequired>true</IsRequired><Value i:type="a:double" xmlns:a="http://www.w3.org/2001/XMLSchema">0.32025669308922561</Value></Attribute></Attributes><ChildElements/><ElementName>mass</ElementName><required>false</required><ValueAttribute z:Ref="i75"/></URDFElement><URDFElement z:Id="i76" i:type="Inertia"><Attributes><Attribute z:Id="i77"><AttributeType>ixx</AttributeType><IsRequired>true</IsRequired><Value i:type="a:double" xmlns:a="http://www.w3.org/2001/XMLSchema">0.00020255848737813073</Value></Attribute><Attribute z:Id="i78"><AttributeType>ixy</AttributeType><IsRequired>true</IsRequired><Value i:type="a:double" xmlns:a="http://www.w3.org/2001/XMLSchema">-2.5287516470494217E-08</Value></Attribute><Attribute z:Id="i79"><AttributeType>ixz</AttributeType><IsRequired>true</IsRequired><Value i:type="a:double" xmlns:a="http://www.w3.org/2001/XMLSchema">-3.2067109908680135E-06</Value></Attribute><Attribute z:Id="i80"><AttributeType>iyy</AttributeType><IsRequired>true</IsRequired><Value i:type="a:double" xmlns:a="http://www.w3.org/2001/XMLSchema">0.00033851185162063409</Value></Attribute><Attribute z:Id="i81"><AttributeType>iyz</AttributeType><IsRequired>true</IsRequired><Value i:type="a:double" xmlns:a="http://www.w3.org/2001/XMLSchema">3.0639885191795174E-08</Value></Attribute><Attribute z:Id="i82"><AttributeType>izz</AttributeType><IsRequired>true</IsRequired><Value i:type="a:double" xmlns:a="http://www.w3.org/2001/XMLSchema">0.00016573434354854276</Value></Attribute></Attributes><ChildElements/><ElementName>inertia</ElementName><required>false</required><IxxAttribute z:Ref="i77"/><IxyAttribute z:Ref="i78"/><IxzAttribute z:Ref="i79"/><IyyAttribute z:Ref="i80"/><IyzAttribute z:Ref="i81"/><IzzAttribute z:Ref="i82"/></URDFElement></ChildElements><ElementName>inertial</ElementName><required>false</required><Inertia z:Ref="i76"/><Mass z:Ref="i74"/><Origin z:Ref="i71"/></URDFElement><URDFElement z:Id="i83" i:type="Visual"><Attributes/><ChildElements><URDFElement z:Id="i84" i:type="Origin"><Attributes><Attribute z:Id="i85"><AttributeType>xyz</AttributeType><IsRequired>true</IsRequired><Value i:type="a:ArrayOfdouble" xmlns:a="http://schemas.microsoft.com/2003/10/Serialization/Arrays"><a:double>0</a:double><a:double>0</a:double><a:double>0</a:double></Value></Attribute><Attribute z:Id="i86"><AttributeType>rpy</AttributeType><IsRequired>true</IsRequired><Value i:type="a:ArrayOfdouble" xmlns:a="http://schemas.microsoft.com/2003/10/Serialization/Arrays"><a:double>0</a:double><a:double>0</a:double><a:double>0</a:double></Value></Attribute></Attributes><ChildElements/><ElementName>origin</ElementName><required>false</required><RPYAttribute z:Ref="i86"/><XYZAttribute z:Ref="i85"/><isCustomized>false</isCustomized></URDFElement><URDFElement z:Id="i87" i:type="Geometry"><Attributes/><ChildElements><URDFElement z:Id="i88" i:type="Mesh"><Attributes><Attribute z:Id="i89"><AttributeType>filename</AttributeType><IsRequired>true</IsRequired><Value i:nil="true"/></Attribute></Attributes><ChildElements/><ElementName>mesh</ElementName><required>false</required><FilenameAttribute z:Ref="i89"/></URDFElement></ChildElements><ElementName>geometry</ElementName><required>true</required><Mesh z:Ref="i88"/></URDFElement><URDFElement z:Id="i90" i:type="Material"><Attributes><Attribute z:Id="i91"><AttributeType>name</AttributeType><IsRequired>true</IsRequired><Value i:type="a:string" xmlns:a="http://www.w3.org/2001/XMLSchema"/></Attribute></Attributes><ChildElements><URDFElement z:Id="i92" i:type="Color"><Attributes><Attribute z:Id="i93"><AttributeType>rgba</AttributeType><IsRequired>true</IsRequired><Value i:type="a:ArrayOfdouble" xmlns:a="http://schemas.microsoft.com/2003/10/Serialization/Arrays"><a:double>0.64313725490196072</a:double><a:double>0.615686274509804</a:double><a:double>0.6</a:double><a:double>1</a:double></Value></Attribute></Attributes><ChildElements/><ElementName>color</ElementName><required>false</required><RGBAAttribute z:Ref="i93"/></URDFElement><URDFElement z:Id="i94" i:type="Texture"><Attributes><Attribute z:Id="i95"><AttributeType>filename</AttributeType><IsRequired>true</IsRequired><Value i:nil="true"/></Attribute></Attributes><ChildElements/><ElementName>texture</ElementName><required>false</required><FilenameAttribute z:Ref="i95"/><wFilename/></URDFElement></ChildElements><ElementName>material</ElementName><required>false</required><Color z:Ref="i92"/><NameAttribute z:Ref="i91"/><Texture z:Ref="i94"/></URDFElement></ChildElements><ElementName>visual</ElementName><required>false</required><Geometry z:Ref="i87"/><Material z:Ref="i90"/><Origin z:Ref="i84"/></URDFElement><URDFElement z:Id="i96" i:type="Collision"><Attributes/><ChildElements><URDFElement z:Id="i97" i:type="Origin"><Attributes><Attribute z:Id="i98"><AttributeType>xyz</AttributeType><IsRequired>true</IsRequired><Value i:type="a:ArrayOfdouble" xmlns:a="http://schemas.microsoft.com/2003/10/Serialization/Arrays"><a:double>0</a:double><a:double>0</a:double><a:double>0</a:double></Value></Attribute><Attribute z:Id="i99"><AttributeType>rpy</AttributeType><IsRequired>true</IsRequired><Value i:type="a:ArrayOfdouble" xmlns:a="http://schemas.microsoft.com/2003/10/Serialization/Arrays"><a:double>0</a:double><a:double>0</a:double><a:double>0</a:double></Value></Attribute></Attributes><ChildElements/><ElementName>origin</ElementName><required>false</required><RPYAttribute z:Ref="i99"/><XYZAttribute z:Ref="i98"/><isCustomized>false</isCustomized></URDFElement><URDFElement z:Id="i100" i:type="Geometry"><Attributes/><ChildElements><URDFElement z:Id="i101" i:type="Mesh"><Attributes><Attribute z:Id="i102"><AttributeType>filename</AttributeType><IsRequired>true</IsRequired><Value i:nil="true"/></Attribute></Attributes><ChildElements/><ElementName>mesh</ElementName><required>false</required><FilenameAttribute z:Ref="i102"/></URDFElement></ChildElements><ElementName>geometry</ElementName><required>true</required><Mesh z:Ref="i101"/></URDFElement></ChildElements><ElementName>collision</ElementName><required>false</required><Geometry z:Ref="i100"/><Origin z:Ref="i97"/></URDFElement><URDFElement z:Id="i103" i:type="Joint"><Attributes><Attribute z:Id="i104"><AttributeType>name</AttributeType><IsRequired>true</IsRequired><Value i:type="a:string" xmlns:a="http://www.w3.org/2001/XMLSchema">FL_hip_joint</Value></Attribute><Attribute z:Id="i105"><AttributeType>type</AttributeType><IsRequired>true</IsRequired><Value i:type="a:string" xmlns:a="http://www.w3.org/2001/XMLSchema">revolute</Value></Attribute></Attributes><ChildElements><URDFElement z:Id="i106" i:type="Origin"><Attributes><Attribute z:Id="i107"><AttributeType>xyz</AttributeType><IsRequired>true</IsRequired><Value i:type="a:ArrayOfdouble" xmlns:a="http://schemas.microsoft.com/2003/10/Serialization/Arrays"><a:double>0.1366</a:double><a:double>0.065</a:double><a:double>0</a:double></Value></Attribute><Attribute z:Id="i108"><AttributeType>rpy</AttributeType><IsRequired>true</IsRequired><Value i:type="a:ArrayOfdouble" xmlns:a="http://schemas.microsoft.com/2003/10/Serialization/Arrays"><a:double>0</a:double><a:double>0</a:double><a:double>0</a:double></Value></Attribute></Attributes><ChildElements/><ElementName>origin</ElementName><required>false</required><RPYAttribute z:Ref="i108"/><XYZAttribute z:Ref="i107"/><isCustomized>false</isCustomized></URDFElement><URDFElement z:Id="i109" i:type="ParentLink"><Attributes><Attribute z:Id="i110"><AttributeType>link</AttributeType><IsRequired>true</IsRequired><Value i:type="a:string" xmlns:a="http://www.w3.org/2001/XMLSchema">base</Value></Attribute></Attributes><ChildElements/><ElementName>parent</ElementName><required>true</required><NameAttribute z:Ref="i110"/></URDFElement><URDFElement z:Id="i111" i:type="ChildLink"><Attributes><Attribute z:Id="i112"><AttributeType>link</AttributeType><IsRequired>true</IsRequired><Value i:type="a:string" xmlns:a="http://www.w3.org/2001/XMLSchema">FL_hip</Value></Attribute></Attributes><ChildElements/><ElementName>child</ElementName><required>true</required><NameAttribute z:Ref="i112"/></URDFElement><URDFElement z:Id="i113" i:type="Axis"><Attributes><Attribute z:Id="i114"><AttributeType>xyz</AttributeType><IsRequired>true</IsRequired><Value i:type="a:ArrayOfdouble" xmlns:a="http://schemas.microsoft.com/2003/10/Serialization/Arrays"><a:double>-1</a:double><a:double>0</a:double><a:double>0</a:double></Value></Attribute></Attributes><ChildElements/><ElementName>axis</ElementName><required>false</required><XYZAttribute z:Ref="i114"/></URDFElement><URDFElement z:Id="i115" i:type="Limit"><Attributes><Attribute z:Id="i116"><AttributeType>lower</AttributeType><IsRequired>true</IsRequired><Value i:type="a:double" xmlns:a="http://www.w3.org/2001/XMLSchema">0</Value></Attribute><Attribute z:Id="i117"><AttributeType>upper</AttributeType><IsRequired>true</IsRequired><Value i:type="a:double" xmlns:a="http://www.w3.org/2001/XMLSchema">0</Value></Attribute><Attribute z:Id="i118"><AttributeType>effort</AttributeType><IsRequired>true</IsRequired><Value i:type="a:double" xmlns:a="http://www.w3.org/2001/XMLSchema">0</Value></Attribute><Attribute z:Id="i119"><AttributeType>velocity</AttributeType><IsRequired>true</IsRequired><Value i:type="a:double" xmlns:a="http://www.w3.org/2001/XMLSchema">0</Value></Attribute></Attributes><ChildElements/><ElementName>limit</ElementName><required>true</required><EffortAttribute z:Ref="i118"/><LowerAttribute z:Ref="i116"/><UpperAttribute z:Ref="i117"/><VelocityAttribute z:Ref="i119"/></URDFElement><URDFElement z:Id="i120" i:type="Calibration"><Attributes><Attribute z:Id="i121"><AttributeType>rising</AttributeType><IsRequired>false</IsRequired><Value i:nil="true"/></Attribute><Attribute z:Id="i122"><AttributeType>falling</AttributeType><IsRequired>false</IsRequired><Value i:nil="true"/></Attribute></Attributes><ChildElements/><ElementName>calibration</ElementName><required>false</required><FallingAttribute z:Ref="i122"/><RisingAttribute z:Ref="i121"/></URDFElement><URDFElement z:Id="i123" i:type="Dynamics"><Attributes><Attribute z:Id="i124"><AttributeType>damping</AttributeType><IsRequired>false</IsRequired><Value i:nil="true"/></Attribute><Attribute z:Id="i125"><AttributeType>friction</AttributeType><IsRequired>false</IsRequired><Value i:nil="true"/></Attribute></Attributes><ChildElements/><ElementName>dynamics</ElementName><required>false</required><DampingAttribute z:Ref="i124"/><FrictionAttribute z:Ref="i125"/></URDFElement><URDFElement z:Id="i126" i:type="SafetyController"><Attributes><Attribute z:Id="i127"><AttributeType>soft_upper_limit</AttributeType><IsRequired>false</IsRequired><Value i:nil="true"/></Attribute><Attribute z:Id="i128"><AttributeType>soft_lower_limit</AttributeType><IsRequired>false</IsRequired><Value i:nil="true"/></Attribute><Attribute z:Id="i129"><AttributeType>k_position</AttributeType><IsRequired>false</IsRequired><Value i:nil="true"/></Attribute><Attribute z:Id="i130"><AttributeType>k_velocity</AttributeType><IsRequired>true</IsRequired><Value i:nil="true"/></Attribute></Attributes><ChildElements/><ElementName>safety_controller</ElementName><required>false</required><KPositionAttribute z:Ref="i129"/><KVelocityAttribute z:Ref="i130"/><SoftLowerAttribute z:Ref="i128"/><SoftUpperAttribute z:Ref="i127"/></URDFElement><URDFElement z:Id="i131" i:type="Mimic"><Attributes><Attribute z:Id="i132"><AttributeType>joint</AttributeType><IsRequired>true</IsRequired><Value i:nil="true"/></Attribute><Attribute z:Id="i133"><AttributeType>multiplier</AttributeType><IsRequired>false</IsRequired><Value i:nil="true"/></Attribute><Attribute z:Id="i134"><AttributeType>offset</AttributeType><IsRequired>false</IsRequired><Value i:nil="true"/></Attribute></Attributes><ChildElements/><ElementName>mimic</ElementName><required>false</required><JointNameAttribute z:Ref="i132"/><MultiplierAttribute z:Ref="i133"/><OffsetAttribute z:Ref="i134"/></URDFElement></ChildElements><ElementName>joint</ElementName><required>false</required><Axis z:Ref="i113"/><AxisName>FL_hip_axis</AxisName><Calibration z:Ref="i120"/><Child z:Ref="i111"/><CoordinateSystemName>FL_hip_Coordinate System</CoordinateSystemName><Dynamics z:Ref="i123"/><Limit z:Ref="i115"/><Mimic z:Ref="i131"/><NameAttribute z:Ref="i104"/><Origin z:Ref="i106"/><Parent z:Ref="i109"/><Safety z:Ref="i126"/><TypeAttribute z:Ref="i105"/></URDFElement></ChildElements><ElementName>link</ElementName><required>true</required><Children><Link z:Id="i135"><Attributes><Attribute z:Id="i136"><AttributeType>name</AttributeType><IsRequired>true</IsRequired><Value i:type="a:string" xmlns:a="http://www.w3.org/2001/XMLSchema">FL_thigh</Value></Attribute></Attributes><ChildElements><URDFElement z:Id="i137" i:type="Inertial"><Attributes/><ChildElements><URDFElement z:Id="i138" i:type="Origin"><Attributes><Attribute z:Id="i139"><AttributeType>xyz</AttributeType><IsRequired>true</IsRequired><Value i:type="a:ArrayOfdouble" xmlns:a="http://schemas.microsoft.com/2003/10/Serialization/Arrays"><a:double>-0.00048967114117282051</a:double><a:double>0.033870013963175044</a:double><a:double>-0.034828071773446587</a:double></Value></Attribute><Attribute z:Id="i140"><AttributeType>rpy</AttributeType><IsRequired>true</IsRequired><Value i:type="a:ArrayOfdouble" xmlns:a="http://schemas.microsoft.com/2003/10/Serialization/Arrays"><a:double>0</a:double><a:double>0</a:double><a:double>0</a:double></Value></Attribute></Attributes><ChildElements/><ElementName>origin</ElementName><required>false</required><RPYAttribute z:Ref="i140"/><XYZAttribute z:Ref="i139"/><isCustomized>false</isCustomized></URDFElement><URDFElement z:Id="i141" i:type="Mass"><Attributes><Attribute z:Id="i142"><AttributeType>value</AttributeType><IsRequired>true</IsRequired><Value i:type="a:double" xmlns:a="http://www.w3.org/2001/XMLSchema">0.76538912651758928</Value></Attribute></Attributes><ChildElements/><ElementName>mass</ElementName><required>false</required><ValueAttribute z:Ref="i142"/></URDFElement><URDFElement z:Id="i143" i:type="Inertia"><Attributes><Attribute z:Id="i144"><AttributeType>ixx</AttributeType><IsRequired>true</IsRequired><Value i:type="a:double" xmlns:a="http://www.w3.org/2001/XMLSchema">0.0027028336264231932</Value></Attribute><Attribute z:Id="i145"><AttributeType>ixy</AttributeType><IsRequired>true</IsRequired><Value i:type="a:double" xmlns:a="http://www.w3.org/2001/XMLSchema">-9.9154137204254043E-07</Value></Attribute><Attribute z:Id="i146"><AttributeType>ixz</AttributeType><IsRequired>true</IsRequired><Value i:type="a:double" xmlns:a="http://www.w3.org/2001/XMLSchema">-5.665273744089049E-05</Value></Attribute><Attribute z:Id="i147"><AttributeType>iyy</AttributeType><IsRequired>true</IsRequired><Value i:type="a:double" xmlns:a="http://www.w3.org/2001/XMLSchema">0.0031617559141558947</Value></Attribute><Attribute z:Id="i148"><AttributeType>iyz</AttributeType><IsRequired>true</IsRequired><Value i:type="a:double" xmlns:a="http://www.w3.org/2001/XMLSchema">8.3981124923250835E-07</Value></Attribute><Attribute z:Id="i149"><AttributeType>izz</AttributeType><IsRequired>true</IsRequired><Value i:type="a:double" xmlns:a="http://www.w3.org/2001/XMLSchema">0.00048255018837609797</Value></Attribute></Attributes><ChildElements/><ElementName>inertia</ElementName><required>false</required><IxxAttribute z:Ref="i144"/><IxyAttribute z:Ref="i145"/><IxzAttribute z:Ref="i146"/><IyyAttribute z:Ref="i147"/><IyzAttribute z:Ref="i148"/><IzzAttribute z:Ref="i149"/></URDFElement></ChildElements><ElementName>inertial</ElementName><required>false</required><Inertia z:Ref="i143"/><Mass z:Ref="i141"/><Origin z:Ref="i138"/></URDFElement><URDFElement z:Id="i150" i:type="Visual"><Attributes/><ChildElements><URDFElement z:Id="i151" i:type="Origin"><Attributes><Attribute z:Id="i152"><AttributeType>xyz</AttributeType><IsRequired>true</IsRequired><Value i:type="a:ArrayOfdouble" xmlns:a="http://schemas.microsoft.com/2003/10/Serialization/Arrays"><a:double>0</a:double><a:double>0</a:double><a:double>0</a:double></Value></Attribute><Attribute z:Id="i153"><AttributeType>rpy</AttributeType><IsRequired>true</IsRequired><Value i:type="a:ArrayOfdouble" xmlns:a="http://schemas.microsoft.com/2003/10/Serialization/Arrays"><a:double>0</a:double><a:double>0</a:double><a:double>0</a:double></Value></Attribute></Attributes><ChildElements/><ElementName>origin</ElementName><required>false</required><RPYAttribute z:Ref="i153"/><XYZAttribute z:Ref="i152"/><isCustomized>false</isCustomized></URDFElement><URDFElement z:Id="i154" i:type="Geometry"><Attributes/><ChildElements><URDFElement z:Id="i155" i:type="Mesh"><Attributes><Attribute z:Id="i156"><AttributeType>filename</AttributeType><IsRequired>true</IsRequired><Value i:nil="true"/></Attribute></Attributes><ChildElements/><ElementName>mesh</ElementName><required>false</required><FilenameAttribute z:Ref="i156"/></URDFElement></ChildElements><ElementName>geometry</ElementName><required>true</required><Mesh z:Ref="i155"/></URDFElement><URDFElement z:Id="i157" i:type="Material"><Attributes><Attribute z:Id="i158"><AttributeType>name</AttributeType><IsRequired>true</IsRequired><Value i:type="a:string" xmlns:a="http://www.w3.org/2001/XMLSchema"/></Attribute></Attributes><ChildElements><URDFElement z:Id="i159" i:type="Color"><Attributes><Attribute z:Id="i160"><AttributeType>rgba</AttributeType><IsRequired>true</IsRequired><Value i:type="a:ArrayOfdouble" xmlns:a="http://schemas.microsoft.com/2003/10/Serialization/Arrays"><a:double>0.64313725490196072</a:double><a:double>0.615686274509804</a:double><a:double>0.6</a:double><a:double>1</a:double></Value></Attribute></Attributes><ChildElements/><ElementName>color</ElementName><required>false</required><RGBAAttribute z:Ref="i160"/></URDFElement><URDFElement z:Id="i161" i:type="Texture"><Attributes><Attribute z:Id="i162"><AttributeType>filename</AttributeType><IsRequired>true</IsRequired><Value i:nil="true"/></Attribute></Attributes><ChildElements/><ElementName>texture</ElementName><required>false</required><FilenameAttribute z:Ref="i162"/><wFilename/></URDFElement></ChildElements><ElementName>material</ElementName><required>false</required><Color z:Ref="i159"/><NameAttribute z:Ref="i158"/><Texture z:Ref="i161"/></URDFElement></ChildElements><ElementName>visual</ElementName><required>false</required><Geometry z:Ref="i154"/><Material z:Ref="i157"/><Origin z:Ref="i151"/></URDFElement><URDFElement z:Id="i163" i:type="Collision"><Attributes/><ChildElements><URDFElement z:Id="i164" i:type="Origin"><Attributes><Attribute z:Id="i165"><AttributeType>xyz</AttributeType><IsRequired>true</IsRequired><Value i:type="a:ArrayOfdouble" xmlns:a="http://schemas.microsoft.com/2003/10/Serialization/Arrays"><a:double>0</a:double><a:double>0</a:double><a:double>0</a:double></Value></Attribute><Attribute z:Id="i166"><AttributeType>rpy</AttributeType><IsRequired>true</IsRequired><Value i:type="a:ArrayOfdouble" xmlns:a="http://schemas.microsoft.com/2003/10/Serialization/Arrays"><a:double>0</a:double><a:double>0</a:double><a:double>0</a:double></Value></Attribute></Attributes><ChildElements/><ElementName>origin</ElementName><required>false</required><RPYAttribute z:Ref="i166"/><XYZAttribute z:Ref="i165"/><isCustomized>false</isCustomized></URDFElement><URDFElement z:Id="i167" i:type="Geometry"><Attributes/><ChildElements><URDFElement z:Id="i168" i:type="Mesh"><Attributes><Attribute z:Id="i169"><AttributeType>filename</AttributeType><IsRequired>true</IsRequired><Value i:nil="true"/></Attribute></Attributes><ChildElements/><ElementName>mesh</ElementName><required>false</required><FilenameAttribute z:Ref="i169"/></URDFElement></ChildElements><ElementName>geometry</ElementName><required>true</required><Mesh z:Ref="i168"/></URDFElement></ChildElements><ElementName>collision</ElementName><required>false</required><Geometry z:Ref="i167"/><Origin z:Ref="i164"/></URDFElement><URDFElement z:Id="i170" i:type="Joint"><Attributes><Attribute z:Id="i171"><AttributeType>name</AttributeType><IsRequired>true</IsRequired><Value i:type="a:string" xmlns:a="http://www.w3.org/2001/XMLSchema">FL_thigh_joint</Value></Attribute><Attribute z:Id="i172"><AttributeType>type</AttributeType><IsRequired>true</IsRequired><Value i:type="a:string" xmlns:a="http://www.w3.org/2001/XMLSchema">revolute</Value></Attribute></Attributes><ChildElements><URDFElement z:Id="i173" i:type="Origin"><Attributes><Attribute z:Id="i174"><AttributeType>xyz</AttributeType><IsRequired>true</IsRequired><Value i:type="a:ArrayOfdouble" xmlns:a="http://schemas.microsoft.com/2003/10/Serialization/Arrays"><a:double>0.05825</a:double><a:double>0.0186</a:double><a:double>0</a:double></Value></Attribute><Attribute z:Id="i175"><AttributeType>rpy</AttributeType><IsRequired>true</IsRequired><Value i:type="a:ArrayOfdouble" xmlns:a="http://schemas.microsoft.com/2003/10/Serialization/Arrays"><a:double>0</a:double><a:double>0</a:double><a:double>0</a:double></Value></Attribute></Attributes><ChildElements/><ElementName>origin</ElementName><required>false</required><RPYAttribute z:Ref="i175"/><XYZAttribute z:Ref="i174"/><isCustomized>false</isCustomized></URDFElement><URDFElement z:Id="i176" i:type="ParentLink"><Attributes><Attribute z:Id="i177"><AttributeType>link</AttributeType><IsRequired>true</IsRequired><Value i:type="a:string" xmlns:a="http://www.w3.org/2001/XMLSchema">FL_hip</Value></Attribute></Attributes><ChildElements/><ElementName>parent</ElementName><required>true</required><NameAttribute z:Ref="i177"/></URDFElement><URDFElement z:Id="i178" i:type="ChildLink"><Attributes><Attribute z:Id="i179"><AttributeType>link</AttributeType><IsRequired>true</IsRequired><Value i:type="a:string" xmlns:a="http://www.w3.org/2001/XMLSchema">FL_thigh</Value></Attribute></Attributes><ChildElements/><ElementName>child</ElementName><required>true</required><NameAttribute z:Ref="i179"/></URDFElement><URDFElement z:Id="i180" i:type="Axis"><Attributes><Attribute z:Id="i181"><AttributeType>xyz</AttributeType><IsRequired>true</IsRequired><Value i:type="a:ArrayOfdouble" xmlns:a="http://schemas.microsoft.com/2003/10/Serialization/Arrays"><a:double>0</a:double><a:double>1</a:double><a:double>0</a:double></Value></Attribute></Attributes><ChildElements/><ElementName>axis</ElementName><required>false</required><XYZAttribute z:Ref="i181"/></URDFElement><URDFElement z:Id="i182" i:type="Limit"><Attributes><Attribute z:Id="i183"><AttributeType>lower</AttributeType><IsRequired>true</IsRequired><Value i:type="a:double" xmlns:a="http://www.w3.org/2001/XMLSchema">0</Value></Attribute><Attribute z:Id="i184"><AttributeType>upper</AttributeType><IsRequired>true</IsRequired><Value i:type="a:double" xmlns:a="http://www.w3.org/2001/XMLSchema">0</Value></Attribute><Attribute z:Id="i185"><AttributeType>effort</AttributeType><IsRequired>true</IsRequired><Value i:type="a:double" xmlns:a="http://www.w3.org/2001/XMLSchema">0</Value></Attribute><Attribute z:Id="i186"><AttributeType>velocity</AttributeType><IsRequired>true</IsRequired><Value i:type="a:double" xmlns:a="http://www.w3.org/2001/XMLSchema">0</Value></Attribute></Attributes><ChildElements/><ElementName>limit</ElementName><required>true</required><EffortAttribute z:Ref="i185"/><LowerAttribute z:Ref="i183"/><UpperAttribute z:Ref="i184"/><VelocityAttribute z:Ref="i186"/></URDFElement><URDFElement z:Id="i187" i:type="Calibration"><Attributes><Attribute z:Id="i188"><AttributeType>rising</AttributeType><IsRequired>false</IsRequired><Value i:nil="true"/></Attribute><Attribute z:Id="i189"><AttributeType>falling</AttributeType><IsRequired>false</IsRequired><Value i:nil="true"/></Attribute></Attributes><ChildElements/><ElementName>calibration</ElementName><required>false</required><FallingAttribute z:Ref="i189"/><RisingAttribute z:Ref="i188"/></URDFElement><URDFElement z:Id="i190" i:type="Dynamics"><Attributes><Attribute z:Id="i191"><AttributeType>damping</AttributeType><IsRequired>false</IsRequired><Value i:nil="true"/></Attribute><Attribute z:Id="i192"><AttributeType>friction</AttributeType><IsRequired>false</IsRequired><Value i:nil="true"/></Attribute></Attributes><ChildElements/><ElementName>dynamics</ElementName><required>false</required><DampingAttribute z:Ref="i191"/><FrictionAttribute z:Ref="i192"/></URDFElement><URDFElement z:Id="i193" i:type="SafetyController"><Attributes><Attribute z:Id="i194"><AttributeType>soft_upper_limit</AttributeType><IsRequired>false</IsRequired><Value i:nil="true"/></Attribute><Attribute z:Id="i195"><AttributeType>soft_lower_limit</AttributeType><IsRequired>false</IsRequired><Value i:nil="true"/></Attribute><Attribute z:Id="i196"><AttributeType>k_position</AttributeType><IsRequired>false</IsRequired><Value i:nil="true"/></Attribute><Attribute z:Id="i197"><AttributeType>k_velocity</AttributeType><IsRequired>true</IsRequired><Value i:nil="true"/></Attribute></Attributes><ChildElements/><ElementName>safety_controller</ElementName><required>false</required><KPositionAttribute z:Ref="i196"/><KVelocityAttribute z:Ref="i197"/><SoftLowerAttribute z:Ref="i195"/><SoftUpperAttribute z:Ref="i194"/></URDFElement><URDFElement z:Id="i198" i:type="Mimic"><Attributes><Attribute z:Id="i199"><AttributeType>joint</AttributeType><IsRequired>true</IsRequired><Value i:nil="true"/></Attribute><Attribute z:Id="i200"><AttributeType>multiplier</AttributeType><IsRequired>false</IsRequired><Value i:nil="true"/></Attribute><Attribute z:Id="i201"><AttributeType>offset</AttributeType><IsRequired>false</IsRequired><Value i:nil="true"/></Attribute></Attributes><ChildElements/><ElementName>mimic</ElementName><required>false</required><JointNameAttribute z:Ref="i199"/><MultiplierAttribute z:Ref="i200"/><OffsetAttribute z:Ref="i201"/></URDFElement></ChildElements><ElementName>joint</ElementName><required>false</required><Axis z:Ref="i180"/><AxisName>FL_thigh_axis</AxisName><Calibration z:Ref="i187"/><Child z:Ref="i178"/><CoordinateSystemName>FL_thigh_Coordinate System</CoordinateSystemName><Dynamics z:Ref="i190"/><Limit z:Ref="i182"/><Mimic z:Ref="i198"/><NameAttribute z:Ref="i171"/><Origin z:Ref="i173"/><Parent z:Ref="i176"/><Safety z:Ref="i193"/><TypeAttribute z:Ref="i172"/></URDFElement></ChildElements><ElementName>link</ElementName><required>true</required><Children><Link z:Id="i202"><Attributes><Attribute z:Id="i203"><AttributeType>name</AttributeType><IsRequired>true</IsRequired><Value i:type="a:string" xmlns:a="http://www.w3.org/2001/XMLSchema">FL_calf</Value></Attribute></Attributes><ChildElements><URDFElement z:Id="i204" i:type="Inertial"><Attributes/><ChildElements><URDFElement z:Id="i205" i:type="Origin"><Attributes><Attribute z:Id="i206"><AttributeType>xyz</AttributeType><IsRequired>true</IsRequired><Value i:type="a:ArrayOfdouble" xmlns:a="http://schemas.microsoft.com/2003/10/Serialization/Arrays"><a:double>0.0063129932843734582</a:double><a:double>-2.4496200631884957E-05</a:double><a:double>-0.091768654493874391</a:double></Value></Attribute><Attribute z:Id="i207"><AttributeType>rpy</AttributeType><IsRequired>true</IsRequired><Value i:type="a:ArrayOfdouble" xmlns:a="http://schemas.microsoft.com/2003/10/Serialization/Arrays"><a:double>0</a:double><a:double>0</a:double><a:double>0</a:double></Value></Attribute></Attributes><ChildElements/><ElementName>origin</ElementName><required>false</required><RPYAttribute z:Ref="i207"/><XYZAttribute z:Ref="i206"/><isCustomized>false</isCustomized></URDFElement><URDFElement z:Id="i208" i:type="Mass"><Attributes><Attribute z:Id="i209"><AttributeType>value</AttributeType><IsRequired>true</IsRequired><Value i:type="a:double" xmlns:a="http://www.w3.org/2001/XMLSchema">0.24779927634993065</Value></Attribute></Attributes><ChildElements/><ElementName>mass</ElementName><required>false</required><ValueAttribute z:Ref="i209"/></URDFElement><URDFElement z:Id="i210" i:type="Inertia"><Attributes><Attribute z:Id="i211"><AttributeType>ixx</AttributeType><IsRequired>true</IsRequired><Value i:type="a:double" xmlns:a="http://www.w3.org/2001/XMLSchema">0.00055936945050888366</Value></Attribute><Attribute z:Id="i212"><AttributeType>ixy</AttributeType><IsRequired>true</IsRequired><Value i:type="a:double" xmlns:a="http://www.w3.org/2001/XMLSchema">7.2776729077110214E-09</Value></Attribute><Attribute z:Id="i213"><AttributeType>ixz</AttributeType><IsRequired>true</IsRequired><Value i:type="a:double" xmlns:a="http://www.w3.org/2001/XMLSchema">3.1927590651445628E-05</Value></Attribute><Attribute z:Id="i214"><AttributeType>iyy</AttributeType><IsRequired>true</IsRequired><Value i:type="a:double" xmlns:a="http://www.w3.org/2001/XMLSchema">0.00057994341943448386</Value></Attribute><Attribute z:Id="i215"><AttributeType>iyz</AttributeType><IsRequired>true</IsRequired><Value i:type="a:double" xmlns:a="http://www.w3.org/2001/XMLSchema">5.9037738839967744E-08</Value></Attribute><Attribute z:Id="i216"><AttributeType>izz</AttributeType><IsRequired>true</IsRequired><Value i:type="a:double" xmlns:a="http://www.w3.org/2001/XMLSchema">2.4933612463864248E-05</Value></Attribute></Attributes><ChildElements/><ElementName>inertia</ElementName><required>false</required><IxxAttribute z:Ref="i211"/><IxyAttribute z:Ref="i212"/><IxzAttribute z:Ref="i213"/><IyyAttribute z:Ref="i214"/><IyzAttribute z:Ref="i215"/><IzzAttribute z:Ref="i216"/></URDFElement></ChildElements><ElementName>inertial</ElementName><required>false</required><Inertia z:Ref="i210"/><Mass z:Ref="i208"/><Origin z:Ref="i205"/></URDFElement><URDFElement z:Id="i217" i:type="Visual"><Attributes/><ChildElements><URDFElement z:Id="i218" i:type="Origin"><Attributes><Attribute z:Id="i219"><AttributeType>xyz</AttributeType><IsRequired>true</IsRequired><Value i:type="a:ArrayOfdouble" xmlns:a="http://schemas.microsoft.com/2003/10/Serialization/Arrays"><a:double>0</a:double><a:double>0</a:double><a:double>0</a:double></Value></Attribute><Attribute z:Id="i220"><AttributeType>rpy</AttributeType><IsRequired>true</IsRequired><Value i:type="a:ArrayOfdouble" xmlns:a="http://schemas.microsoft.com/2003/10/Serialization/Arrays"><a:double>0</a:double><a:double>0</a:double><a:double>0</a:double></Value></Attribute></Attributes><ChildElements/><ElementName>origin</ElementName><required>false</required><RPYAttribute z:Ref="i220"/><XYZAttribute z:Ref="i219"/><isCustomized>false</isCustomized></URDFElement><URDFElement z:Id="i221" i:type="Geometry"><Attributes/><ChildElements><URDFElement z:Id="i222" i:type="Mesh"><Attributes><Attribute z:Id="i223"><AttributeType>filename</AttributeType><IsRequired>true</IsRequired><Value i:nil="true"/></Attribute></Attributes><ChildElements/><ElementName>mesh</ElementName><required>false</required><FilenameAttribute z:Ref="i223"/></URDFElement></ChildElements><ElementName>geometry</ElementName><required>true</required><Mesh z:Ref="i222"/></URDFElement><URDFElement z:Id="i224" i:type="Material"><Attributes><Attribute z:Id="i225"><AttributeType>name</AttributeType><IsRequired>true</IsRequired><Value i:type="a:string" xmlns:a="http://www.w3.org/2001/XMLSchema"/></Attribute></Attributes><ChildElements><URDFElement z:Id="i226" i:type="Color"><Attributes><Attribute z:Id="i227"><AttributeType>rgba</AttributeType><IsRequired>true</IsRequired><Value i:type="a:ArrayOfdouble" xmlns:a="http://schemas.microsoft.com/2003/10/Serialization/Arrays"><a:double>0.89803921568627454</a:double><a:double>0.91764705882352937</a:double><a:double>0.92941176470588238</a:double><a:double>1</a:double></Value></Attribute></Attributes><ChildElements/><ElementName>color</ElementName><required>false</required><RGBAAttribute z:Ref="i227"/></URDFElement><URDFElement z:Id="i228" i:type="Texture"><Attributes><Attribute z:Id="i229"><AttributeType>filename</AttributeType><IsRequired>true</IsRequired><Value i:nil="true"/></Attribute></Attributes><ChildElements/><ElementName>texture</ElementName><required>false</required><FilenameAttribute z:Ref="i229"/><wFilename/></URDFElement></ChildElements><ElementName>material</ElementName><required>false</required><Color z:Ref="i226"/><NameAttribute z:Ref="i225"/><Texture z:Ref="i228"/></URDFElement></ChildElements><ElementName>visual</ElementName><required>false</required><Geometry z:Ref="i221"/><Material z:Ref="i224"/><Origin z:Ref="i218"/></URDFElement><URDFElement z:Id="i230" i:type="Collision"><Attributes/><ChildElements><URDFElement z:Id="i231" i:type="Origin"><Attributes><Attribute z:Id="i232"><AttributeType>xyz</AttributeType><IsRequired>true</IsRequired><Value i:type="a:ArrayOfdouble" xmlns:a="http://schemas.microsoft.com/2003/10/Serialization/Arrays"><a:double>0</a:double><a:double>0</a:double><a:double>0</a:double></Value></Attribute><Attribute z:Id="i233"><AttributeType>rpy</AttributeType><IsRequired>true</IsRequired><Value i:type="a:ArrayOfdouble" xmlns:a="http://schemas.microsoft.com/2003/10/Serialization/Arrays"><a:double>0</a:double><a:double>0</a:double><a:double>0</a:double></Value></Attribute></Attributes><ChildElements/><ElementName>origin</ElementName><required>false</required><RPYAttribute z:Ref="i233"/><XYZAttribute z:Ref="i232"/><isCustomized>false</isCustomized></URDFElement><URDFElement z:Id="i234" i:type="Geometry"><Attributes/><ChildElements><URDFElement z:Id="i235" i:type="Mesh"><Attributes><Attribute z:Id="i236"><AttributeType>filename</AttributeType><IsRequired>true</IsRequired><Value i:nil="true"/></Attribute></Attributes><ChildElements/><ElementName>mesh</ElementName><required>false</required><FilenameAttribute z:Ref="i236"/></URDFElement></ChildElements><ElementName>geometry</ElementName><required>true</required><Mesh z:Ref="i235"/></URDFElement></ChildElements><ElementName>collision</ElementName><required>false</required><Geometry z:Ref="i234"/><Origin z:Ref="i231"/></URDFElement><URDFElement z:Id="i237" i:type="Joint"><Attributes><Attribute z:Id="i238"><AttributeType>name</AttributeType><IsRequired>true</IsRequired><Value i:type="a:string" xmlns:a="http://www.w3.org/2001/XMLSchema">FL_calf_joint</Value></Attribute><Attribute z:Id="i239"><AttributeType>type</AttributeType><IsRequired>true</IsRequired><Value i:type="a:string" xmlns:a="http://www.w3.org/2001/XMLSchema">revolute</Value></Attribute></Attributes><ChildElements><URDFElement z:Id="i240" i:type="Origin"><Attributes><Attribute z:Id="i241"><AttributeType>xyz</AttributeType><IsRequired>true</IsRequired><Value i:type="a:ArrayOfdouble" xmlns:a="http://schemas.microsoft.com/2003/10/Serialization/Arrays"><a:double>0</a:double><a:double>0.0572</a:double><a:double>-0.21</a:double></Value></Attribute><Attribute z:Id="i242"><AttributeType>rpy</AttributeType><IsRequired>true</IsRequired><Value i:type="a:ArrayOfdouble" xmlns:a="http://schemas.microsoft.com/2003/10/Serialization/Arrays"><a:double>0</a:double><a:double>0</a:double><a:double>0</a:double></Value></Attribute></Attributes><ChildElements/><ElementName>origin</ElementName><required>false</required><RPYAttribute z:Ref="i242"/><XYZAttribute z:Ref="i241"/><isCustomized>false</isCustomized></URDFElement><URDFElement z:Id="i243" i:type="ParentLink"><Attributes><Attribute z:Id="i244"><AttributeType>link</AttributeType><IsRequired>true</IsRequired><Value i:type="a:string" xmlns:a="http://www.w3.org/2001/XMLSchema">FL_thigh</Value></Attribute></Attributes><ChildElements/><ElementName>parent</ElementName><required>true</required><NameAttribute z:Ref="i244"/></URDFElement><URDFElement z:Id="i245" i:type="ChildLink"><Attributes><Attribute z:Id="i246"><AttributeType>link</AttributeType><IsRequired>true</IsRequired><Value i:type="a:string" xmlns:a="http://www.w3.org/2001/XMLSchema">FL_calf</Value></Attribute></Attributes><ChildElements/><ElementName>child</ElementName><required>true</required><NameAttribute z:Ref="i246"/></URDFElement><URDFElement z:Id="i247" i:type="Axis"><Attributes><Attribute z:Id="i248"><AttributeType>xyz</AttributeType><IsRequired>true</IsRequired><Value i:type="a:ArrayOfdouble" xmlns:a="http://schemas.microsoft.com/2003/10/Serialization/Arrays"><a:double>0</a:double><a:double>1</a:double><a:double>0</a:double></Value></Attribute></Attributes><ChildElements/><ElementName>axis</ElementName><required>false</required><XYZAttribute z:Ref="i248"/></URDFElement><URDFElement z:Id="i249" i:type="Limit"><Attributes><Attribute z:Id="i250"><AttributeType>lower</AttributeType><IsRequired>true</IsRequired><Value i:type="a:double" xmlns:a="http://www.w3.org/2001/XMLSchema">0</Value></Attribute><Attribute z:Id="i251"><AttributeType>upper</AttributeType><IsRequired>true</IsRequired><Value i:type="a:double" xmlns:a="http://www.w3.org/2001/XMLSchema">0</Value></Attribute><Attribute z:Id="i252"><AttributeType>effort</AttributeType><IsRequired>true</IsRequired><Value i:type="a:double" xmlns:a="http://www.w3.org/2001/XMLSchema">0</Value></Attribute><Attribute z:Id="i253"><AttributeType>velocity</AttributeType><IsRequired>true</IsRequired><Value i:type="a:double" xmlns:a="http://www.w3.org/2001/XMLSchema">0</Value></Attribute></Attributes><ChildElements/><ElementName>limit</ElementName><required>true</required><EffortAttribute z:Ref="i252"/><LowerAttribute z:Ref="i250"/><UpperAttribute z:Ref="i251"/><VelocityAttribute z:Ref="i253"/></URDFElement><URDFElement z:Id="i254" i:type="Calibration"><Attributes><Attribute z:Id="i255"><AttributeType>rising</AttributeType><IsRequired>false</IsRequired><Value i:nil="true"/></Attribute><Attribute z:Id="i256"><AttributeType>falling</AttributeType><IsRequired>false</IsRequired><Value i:nil="true"/></Attribute></Attributes><ChildElements/><ElementName>calibration</ElementName><required>false</required><FallingAttribute z:Ref="i256"/><RisingAttribute z:Ref="i255"/></URDFElement><URDFElement z:Id="i257" i:type="Dynamics"><Attributes><Attribute z:Id="i258"><AttributeType>damping</AttributeType><IsRequired>false</IsRequired><Value i:nil="true"/></Attribute><Attribute z:Id="i259"><AttributeType>friction</AttributeType><IsRequired>false</IsRequired><Value i:nil="true"/></Attribute></Attributes><ChildElements/><ElementName>dynamics</ElementName><required>false</required><DampingAttribute z:Ref="i258"/><FrictionAttribute z:Ref="i259"/></URDFElement><URDFElement z:Id="i260" i:type="SafetyController"><Attributes><Attribute z:Id="i261"><AttributeType>soft_upper_limit</AttributeType><IsRequired>false</IsRequired><Value i:nil="true"/></Attribute><Attribute z:Id="i262"><AttributeType>soft_lower_limit</AttributeType><IsRequired>false</IsRequired><Value i:nil="true"/></Attribute><Attribute z:Id="i263"><AttributeType>k_position</AttributeType><IsRequired>false</IsRequired><Value i:nil="true"/></Attribute><Attribute z:Id="i264"><AttributeType>k_velocity</AttributeType><IsRequired>true</IsRequired><Value i:nil="true"/></Attribute></Attributes><ChildElements/><ElementName>safety_controller</ElementName><required>false</required><KPositionAttribute z:Ref="i263"/><KVelocityAttribute z:Ref="i264"/><SoftLowerAttribute z:Ref="i262"/><SoftUpperAttribute z:Ref="i261"/></URDFElement><URDFElement z:Id="i265" i:type="Mimic"><Attributes><Attribute z:Id="i266"><AttributeType>joint</AttributeType><IsRequired>true</IsRequired><Value i:nil="true"/></Attribute><Attribute z:Id="i267"><AttributeType>multiplier</AttributeType><IsRequired>false</IsRequired><Value i:nil="true"/></Attribute><Attribute z:Id="i268"><AttributeType>offset</AttributeType><IsRequired>false</IsRequired><Value i:nil="true"/></Attribute></Attributes><ChildElements/><ElementName>mimic</ElementName><required>false</required><JointNameAttribute z:Ref="i266"/><MultiplierAttribute z:Ref="i267"/><OffsetAttribute z:Ref="i268"/></URDFElement></ChildElements><ElementName>joint</ElementName><required>false</required><Axis z:Ref="i247"/><AxisName>FL_calf_axis</AxisName><Calibration z:Ref="i254"/><Child z:Ref="i245"/><CoordinateSystemName>FL_calf_Coordinate System</CoordinateSystemName><Dynamics z:Ref="i257"/><Limit z:Ref="i249"/><Mimic z:Ref="i265"/><NameAttribute z:Ref="i238"/><Origin z:Ref="i240"/><Parent z:Ref="i243"/><Safety z:Ref="i260"/><TypeAttribute z:Ref="i239"/></URDFElement></ChildElements><ElementName>link</ElementName><required>true</required><Children/><Collision z:Ref="i230"/><Inertial z:Ref="i204"/><Joint z:Ref="i237"/><NameAttribute z:Ref="i203"/><Parent z:Ref="i135"/><STLQualityFine>false</STLQualityFine><SWComponentPIDs xmlns:a="http://schemas.microsoft.com/2003/10/Serialization/Arrays"><a:base64Binary>aEIAAAUAAAD//v8WD1x/gRZZp0/yZr9+LQBclc9QLQA2ADAANgAxAC0ANABAAHRl13LFiE2RU08EAAAAEAAAAAEAAAABAAAANgMAAA==</a:base64Binary><a:base64Binary>aEIAAAUAAAD//v8TD1x/gRZZp0/yZr9+LQA2ADAANgAxAC0ANABAAHRl13LFiE2RU08EAAAAEAAAAAEAAAABAAAANwMAAA==</a:base64Binary><a:base64Binary>aEIAAAUAAAD//v8TD1x/gS1O9JXyZr9+LQA2ADAANgAxAC0ANABAAHRl13LFiE2RU08EAAAAEAAAAAEAAAABAAAANQMAAA==</a:base64Binary><a:base64Binary>aEIAAAUAAAD//v8ND1x/gXCZf2cyAC0AMgBAAHRl13LFiE2RU08EAAAAEAAAAAEAAAABAAAA0QQAAA==</a:base64Binary><a:base64Binary>aEIAAAUAAAD//v8Ns43velNicFP2Ti0ANQBAAHRl13LFiE2RU08EAAAAEAAAAAEAAAABAAAAEQUAAA==</a:base64Binary><a:base64Binary>aEIAAAUAAAD//v8MRXj2gLON73otADQAQAB0ZddyxYhNkVNPBAAAABAAAAABAAAAAQAAAA8FAAA=</a:base64Binary><a:base64Binary>aEIAAAUAAAD//v8ND1x/gXCZf2cxAC0AMgBAAHRl13LFiE2RU08EAAAAEAAAAAEAAAABAAAA0gQAAA==</a:base64Binary></SWComponentPIDs><SWMainComponentPID i:nil="true"/><Visual z:Ref="i217"/><isFixedFrame>false</isFixedFrame><isIncomplete>false</isIncomplete></Link></Children><Collision z:Ref="i163"/><Inertial z:Ref="i137"/><Joint z:Ref="i170"/><NameAttribute z:Ref="i136"/><Parent z:Ref="i68"/><STLQualityFine>false</STLQualityFine><SWComponentPIDs xmlns:a="http://schemas.microsoft.com/2003/10/Serialization/Arrays"><a:base64Binary>aEIAAAUAAAD//v8YRwBPAC0ATQA4ADAAMQAwAC0ANgA1dTpnMwBEACFqi1ctADgAQAB0ZddyxYhNkVNPBAAAABAAAAABAAAAAQAAAOQAAAA=</a:base64Binary><a:base64Binary>aEIAAAUAAAD//v8UJ1l/gYVRp08tADYAMAA2ADEALQDmXadPLQAxAEAAdGXXcsWITZFTTwQAAAAQAAAAAQAAAAEAAAAmAwAA</a:base64Binary><a:base64Binary>aEIAAAUAAAD//v8SJ1l/gVNicFP2Ti0AXJXPUOZdp08tADEAQAB0ZddyxYhNkVNPBAAAABAAAAABAAAAAQAAACoDAAA=</a:base64Binary><a:base64Binary>aEIAAAUAAAD//v8VJ1l/gRZZp08tADYAMAA2ADEALQAzAG0AbQAtADQAQAB0ZddyxYhNkVNPBAAAABAAAAABAAAAAQAAADEDAAA=</a:base64Binary><a:base64Binary>aEIAAAUAAAD//v8YMgAtADMAc1GCgt6PpWP2Ti0ATVLmXS0ANgAwADYAMQAtADEAQAB0ZddyxYhNkVNPBAAAABAAAAABAAAAAQAAAIAEAAA=</a:base64Binary></SWComponentPIDs><SWMainComponentPID i:nil="true"/><Visual z:Ref="i150"/><isFixedFrame>false</isFixedFrame><isIncomplete>false</isIncomplete></Link></Children><Collision z:Ref="i96"/><Inertial z:Ref="i70"/><Joint z:Ref="i103"/><NameAttribute z:Ref="i69"/><Parent z:Ref="i1"/><STLQualityFine>false</STLQualityFine><SWComponentPIDs xmlns:a="http://schemas.microsoft.com/2003/10/Serialization/Arrays"><a:base64Binary>aEIAAAUAAAD//v8YRwBPAC0ATQA4ADAAMQAwAC0ANgA1dTpnMwBEACFqi1ctADkAQAB0ZddyxYhNkVNPBAAAABAAAAABAAAAAQAAAOUAAAA=</a:base64Binary><a:base64Binary>aEIAAAUAAAD//v8Zy5pzUYKC3o+lY/ZOLQBVU2KXLQA2ADAANgAxAC0A5l1NUi0AMQBAAHRl13LFiE2RU08EAAAAEAAAAAEAAAABAAAACgMAAA==</a:base64Binary><a:base64Binary>aEIAAAUAAAD//v8SJ1l/gS0AD1x/gXNRgoJQlk1PV1ctADQAQAB0ZddyxYhNkVNPBAAAABAAAAABAAAAAQAAAJwDAAA=</a:base64Binary></SWComponentPIDs><SWMainComponentPID i:nil="true"/><Visual z:Ref="i83"/><isFixedFrame>false</isFixedFrame><isIncomplete>false</isIncomplete></Link><Link z:Id="i269"><Attributes><Attribute z:Id="i270"><AttributeType>name</AttributeType><IsRequired>true</IsRequired><Value i:type="a:string" xmlns:a="http://www.w3.org/2001/XMLSchema">FR_hip</Value></Attribute></Attributes><ChildElements><URDFElement z:Id="i271" i:type="Inertial"><Attributes/><ChildElements><URDFElement z:Id="i272" i:type="Origin"><Attributes><Attribute z:Id="i273"><AttributeType>xyz</AttributeType><IsRequired>true</IsRequired><Value i:type="a:ArrayOfdouble" xmlns:a="http://schemas.microsoft.com/2003/10/Serialization/Arrays"><a:double>0.04885189479113794</a:double><a:double>-0.0019252547827462579</a:double><a:double>-0.00015510327322228179</a:double></Value></Attribute><Attribute z:Id="i274"><AttributeType>rpy</AttributeType><IsRequired>true</IsRequired><Value i:type="a:ArrayOfdouble" xmlns:a="http://schemas.microsoft.com/2003/10/Serialization/Arrays"><a:double>0</a:double><a:double>0</a:double><a:double>0</a:double></Value></Attribute></Attributes><ChildElements/><ElementName>origin</ElementName><required>false</required><RPYAttribute z:Ref="i274"/><XYZAttribute z:Ref="i273"/><isCustomized>false</isCustomized></URDFElement><URDFElement z:Id="i275" i:type="Mass"><Attributes><Attribute z:Id="i276"><AttributeType>value</AttributeType><IsRequired>true</IsRequired><Value i:type="a:double" xmlns:a="http://www.w3.org/2001/XMLSchema">0.25740792751584635</Value></Attribute></Attributes><ChildElements/><ElementName>mass</ElementName><required>false</required><ValueAttribute z:Ref="i276"/></URDFElement><URDFElement z:Id="i277" i:type="Inertia"><Attributes><Attribute z:Id="i278"><AttributeType>ixx</AttributeType><IsRequired>true</IsRequired><Value i:type="a:double" xmlns:a="http://www.w3.org/2001/XMLSchema">0.00015684681566946061</Value></Attribute><Attribute z:Id="i279"><AttributeType>ixy</AttributeType><IsRequired>true</IsRequired><Value i:type="a:double" xmlns:a="http://www.w3.org/2001/XMLSchema">5.0625823040427207E-06</Value></Attribute><Attribute z:Id="i280"><AttributeType>ixz</AttributeType><IsRequired>true</IsRequired><Value i:type="a:double" xmlns:a="http://www.w3.org/2001/XMLSchema">-1.0604139171245636E-06</Value></Attribute><Attribute z:Id="i281"><AttributeType>iyy</AttributeType><IsRequired>true</IsRequired><Value i:type="a:double" xmlns:a="http://www.w3.org/2001/XMLSchema">0.00027536006261672679</Value></Attribute><Attribute z:Id="i282"><AttributeType>iyz</AttributeType><IsRequired>true</IsRequired><Value i:type="a:double" xmlns:a="http://www.w3.org/2001/XMLSchema">9.3520396944424608E-07</Value></Attribute><Attribute z:Id="i283"><AttributeType>izz</AttributeType><IsRequired>true</IsRequired><Value i:type="a:double" xmlns:a="http://www.w3.org/2001/XMLSchema">0.00014033952573265138</Value></Attribute></Attributes><ChildElements/><ElementName>inertia</ElementName><required>false</required><IxxAttribute z:Ref="i278"/><IxyAttribute z:Ref="i279"/><IxzAttribute z:Ref="i280"/><IyyAttribute z:Ref="i281"/><IyzAttribute z:Ref="i282"/><IzzAttribute z:Ref="i283"/></URDFElement></ChildElements><ElementName>inertial</ElementName><required>false</required><Inertia z:Ref="i277"/><Mass z:Ref="i275"/><Origin z:Ref="i272"/></URDFElement><URDFElement z:Id="i284" i:type="Visual"><Attributes/><ChildElements><URDFElement z:Id="i285" i:type="Origin"><Attributes><Attribute z:Id="i286"><AttributeType>xyz</AttributeType><IsRequired>true</IsRequired><Value i:type="a:ArrayOfdouble" xmlns:a="http://schemas.microsoft.com/2003/10/Serialization/Arrays"><a:double>0</a:double><a:double>0</a:double><a:double>0</a:double></Value></Attribute><Attribute z:Id="i287"><AttributeType>rpy</AttributeType><IsRequired>true</IsRequired><Value i:type="a:ArrayOfdouble" xmlns:a="http://schemas.microsoft.com/2003/10/Serialization/Arrays"><a:double>0</a:double><a:double>0</a:double><a:double>0</a:double></Value></Attribute></Attributes><ChildElements/><ElementName>origin</ElementName><required>false</required><RPYAttribute z:Ref="i287"/><XYZAttribute z:Ref="i286"/><isCustomized>false</isCustomized></URDFElement><URDFElement z:Id="i288" i:type="Geometry"><Attributes/><ChildElements><URDFElement z:Id="i289" i:type="Mesh"><Attributes><Attribute z:Id="i290"><AttributeType>filename</AttributeType><IsRequired>true</IsRequired><Value i:nil="true"/></Attribute></Attributes><ChildElements/><ElementName>mesh</ElementName><required>false</required><FilenameAttribute z:Ref="i290"/></URDFElement></ChildElements><ElementName>geometry</ElementName><required>true</required><Mesh z:Ref="i289"/></URDFElement><URDFElement z:Id="i291" i:type="Material"><Attributes><Attribute z:Id="i292"><AttributeType>name</AttributeType><IsRequired>true</IsRequired><Value i:type="a:string" xmlns:a="http://www.w3.org/2001/XMLSchema"/></Attribute></Attributes><ChildElements><URDFElement z:Id="i293" i:type="Color"><Attributes><Attribute z:Id="i294"><AttributeType>rgba</AttributeType><IsRequired>true</IsRequired><Value i:type="a:ArrayOfdouble" xmlns:a="http://schemas.microsoft.com/2003/10/Serialization/Arrays"><a:double>0.64313725490196072</a:double><a:double>0.615686274509804</a:double><a:double>0.6</a:double><a:double>1</a:double></Value></Attribute></Attributes><ChildElements/><ElementName>color</ElementName><required>false</required><RGBAAttribute z:Ref="i294"/></URDFElement><URDFElement z:Id="i295" i:type="Texture"><Attributes><Attribute z:Id="i296"><AttributeType>filename</AttributeType><IsRequired>true</IsRequired><Value i:nil="true"/></Attribute></Attributes><ChildElements/><ElementName>texture</ElementName><required>false</required><FilenameAttribute z:Ref="i296"/><wFilename/></URDFElement></ChildElements><ElementName>material</ElementName><required>false</required><Color z:Ref="i293"/><NameAttribute z:Ref="i292"/><Texture z:Ref="i295"/></URDFElement></ChildElements><ElementName>visual</ElementName><required>false</required><Geometry z:Ref="i288"/><Material z:Ref="i291"/><Origin z:Ref="i285"/></URDFElement><URDFElement z:Id="i297" i:type="Collision"><Attributes/><ChildElements><URDFElement z:Id="i298" i:type="Origin"><Attributes><Attribute z:Id="i299"><AttributeType>xyz</AttributeType><IsRequired>true</IsRequired><Value i:type="a:ArrayOfdouble" xmlns:a="http://schemas.microsoft.com/2003/10/Serialization/Arrays"><a:double>0</a:double><a:double>0</a:double><a:double>0</a:double></Value></Attribute><Attribute z:Id="i300"><AttributeType>rpy</AttributeType><IsRequired>true</IsRequired><Value i:type="a:ArrayOfdouble" xmlns:a="http://schemas.microsoft.com/2003/10/Serialization/Arrays"><a:double>0</a:double><a:double>0</a:double><a:double>0</a:double></Value></Attribute></Attributes><ChildElements/><ElementName>origin</ElementName><required>false</required><RPYAttribute z:Ref="i300"/><XYZAttribute z:Ref="i299"/><isCustomized>false</isCustomized></URDFElement><URDFElement z:Id="i301" i:type="Geometry"><Attributes/><ChildElements><URDFElement z:Id="i302" i:type="Mesh"><Attributes><Attribute z:Id="i303"><AttributeType>filename</AttributeType><IsRequired>true</IsRequired><Value i:nil="true"/></Attribute></Attributes><ChildElements/><ElementName>mesh</ElementName><required>false</required><FilenameAttribute z:Ref="i303"/></URDFElement></ChildElements><ElementName>geometry</ElementName><required>true</required><Mesh z:Ref="i302"/></URDFElement></ChildElements><ElementName>collision</ElementName><required>false</required><Geometry z:Ref="i301"/><Origin z:Ref="i298"/></URDFElement><URDFElement z:Id="i304" i:type="Joint"><Attributes><Attribute z:Id="i305"><AttributeType>name</AttributeType><IsRequired>true</IsRequired><Value i:type="a:string" xmlns:a="http://www.w3.org/2001/XMLSchema">FR_hip_joint</Value></Attribute><Attribute z:Id="i306"><AttributeType>type</AttributeType><IsRequired>true</IsRequired><Value i:type="a:string" xmlns:a="http://www.w3.org/2001/XMLSchema">revolute</Value></Attribute></Attributes><ChildElements><URDFElement z:Id="i307" i:type="Origin"><Attributes><Attribute z:Id="i308"><AttributeType>xyz</AttributeType><IsRequired>true</IsRequired><Value i:type="a:ArrayOfdouble" xmlns:a="http://schemas.microsoft.com/2003/10/Serialization/Arrays"><a:double>0.1366</a:double><a:double>-0.065</a:double><a:double>0</a:double></Value></Attribute><Attribute z:Id="i309"><AttributeType>rpy</AttributeType><IsRequired>true</IsRequired><Value i:type="a:ArrayOfdouble" xmlns:a="http://schemas.microsoft.com/2003/10/Serialization/Arrays"><a:double>0</a:double><a:double>0</a:double><a:double>0</a:double></Value></Attribute></Attributes><ChildElements/><ElementName>origin</ElementName><required>false</required><RPYAttribute z:Ref="i309"/><XYZAttribute z:Ref="i308"/><isCustomized>false</isCustomized></URDFElement><URDFElement z:Id="i310" i:type="ParentLink"><Attributes><Attribute z:Id="i311"><AttributeType>link</AttributeType><IsRequired>true</IsRequired><Value i:type="a:string" xmlns:a="http://www.w3.org/2001/XMLSchema">base</Value></Attribute></Attributes><ChildElements/><ElementName>parent</ElementName><required>true</required><NameAttribute z:Ref="i311"/></URDFElement><URDFElement z:Id="i312" i:type="ChildLink"><Attributes><Attribute z:Id="i313"><AttributeType>link</AttributeType><IsRequired>true</IsRequired><Value i:type="a:string" xmlns:a="http://www.w3.org/2001/XMLSchema">FR_hip</Value></Attribute></Attributes><ChildElements/><ElementName>child</ElementName><required>true</required><NameAttribute z:Ref="i313"/></URDFElement><URDFElement z:Id="i314" i:type="Axis"><Attributes><Attribute z:Id="i315"><AttributeType>xyz</AttributeType><IsRequired>true</IsRequired><Value i:type="a:ArrayOfdouble" xmlns:a="http://schemas.microsoft.com/2003/10/Serialization/Arrays"><a:double>1</a:double><a:double>0</a:double><a:double>0</a:double></Value></Attribute></Attributes><ChildElements/><ElementName>axis</ElementName><required>false</required><XYZAttribute z:Ref="i315"/></URDFElement><URDFElement z:Id="i316" i:type="Limit"><Attributes><Attribute z:Id="i317"><AttributeType>lower</AttributeType><IsRequired>true</IsRequired><Value i:type="a:double" xmlns:a="http://www.w3.org/2001/XMLSchema">0</Value></Attribute><Attribute z:Id="i318"><AttributeType>upper</AttributeType><IsRequired>true</IsRequired><Value i:type="a:double" xmlns:a="http://www.w3.org/2001/XMLSchema">0</Value></Attribute><Attribute z:Id="i319"><AttributeType>effort</AttributeType><IsRequired>true</IsRequired><Value i:type="a:double" xmlns:a="http://www.w3.org/2001/XMLSchema">0</Value></Attribute><Attribute z:Id="i320"><AttributeType>velocity</AttributeType><IsRequired>true</IsRequired><Value i:type="a:double" xmlns:a="http://www.w3.org/2001/XMLSchema">0</Value></Attribute></Attributes><ChildElements/><ElementName>limit</ElementName><required>true</required><EffortAttribute z:Ref="i319"/><LowerAttribute z:Ref="i317"/><UpperAttribute z:Ref="i318"/><VelocityAttribute z:Ref="i320"/></URDFElement><URDFElement z:Id="i321" i:type="Calibration"><Attributes><Attribute z:Id="i322"><AttributeType>rising</AttributeType><IsRequired>false</IsRequired><Value i:nil="true"/></Attribute><Attribute z:Id="i323"><AttributeType>falling</AttributeType><IsRequired>false</IsRequired><Value i:nil="true"/></Attribute></Attributes><ChildElements/><ElementName>calibration</ElementName><required>false</required><FallingAttribute z:Ref="i323"/><RisingAttribute z:Ref="i322"/></URDFElement><URDFElement z:Id="i324" i:type="Dynamics"><Attributes><Attribute z:Id="i325"><AttributeType>damping</AttributeType><IsRequired>false</IsRequired><Value i:nil="true"/></Attribute><Attribute z:Id="i326"><AttributeType>friction</AttributeType><IsRequired>false</IsRequired><Value i:nil="true"/></Attribute></Attributes><ChildElements/><ElementName>dynamics</ElementName><required>false</required><DampingAttribute z:Ref="i325"/><FrictionAttribute z:Ref="i326"/></URDFElement><URDFElement z:Id="i327" i:type="SafetyController"><Attributes><Attribute z:Id="i328"><AttributeType>soft_upper_limit</AttributeType><IsRequired>false</IsRequired><Value i:nil="true"/></Attribute><Attribute z:Id="i329"><AttributeType>soft_lower_limit</AttributeType><IsRequired>false</IsRequired><Value i:nil="true"/></Attribute><Attribute z:Id="i330"><AttributeType>k_position</AttributeType><IsRequired>false</IsRequired><Value i:nil="true"/></Attribute><Attribute z:Id="i331"><AttributeType>k_velocity</AttributeType><IsRequired>true</IsRequired><Value i:nil="true"/></Attribute></Attributes><ChildElements/><ElementName>safety_controller</ElementName><required>false</required><KPositionAttribute z:Ref="i330"/><KVelocityAttribute z:Ref="i331"/><SoftLowerAttribute z:Ref="i329"/><SoftUpperAttribute z:Ref="i328"/></URDFElement><URDFElement z:Id="i332" i:type="Mimic"><Attributes><Attribute z:Id="i333"><AttributeType>joint</AttributeType><IsRequired>true</IsRequired><Value i:nil="true"/></Attribute><Attribute z:Id="i334"><AttributeType>multiplier</AttributeType><IsRequired>false</IsRequired><Value i:nil="true"/></Attribute><Attribute z:Id="i335"><AttributeType>offset</AttributeType><IsRequired>false</IsRequired><Value i:nil="true"/></Attribute></Attributes><ChildElements/><ElementName>mimic</ElementName><required>false</required><JointNameAttribute z:Ref="i333"/><MultiplierAttribute z:Ref="i334"/><OffsetAttribute z:Ref="i335"/></URDFElement></ChildElements><ElementName>joint</ElementName><required>false</required><Axis z:Ref="i314"/><AxisName>FR_hip_axis</AxisName><Calibration z:Ref="i321"/><Child z:Ref="i312"/><CoordinateSystemName>FR_hip_Coordinate System</CoordinateSystemName><Dynamics z:Ref="i324"/><Limit z:Ref="i316"/><Mimic z:Ref="i332"/><NameAttribute z:Ref="i305"/><Origin z:Ref="i307"/><Parent z:Ref="i310"/><Safety z:Ref="i327"/><TypeAttribute z:Ref="i306"/></URDFElement></ChildElements><ElementName>link</ElementName><required>true</required><Children><Link z:Id="i336"><Attributes><Attribute z:Id="i337"><AttributeType>name</AttributeType><IsRequired>true</IsRequired><Value i:type="a:string" xmlns:a="http://www.w3.org/2001/XMLSchema">FR_thigh</Value></Attribute></Attributes><ChildElements><URDFElement z:Id="i338" i:type="Inertial"><Attributes/><ChildElements><URDFElement z:Id="i339" i:type="Origin"><Attributes><Attribute z:Id="i340"><AttributeType>xyz</AttributeType><IsRequired>true</IsRequired><Value i:type="a:ArrayOfdouble" xmlns:a="http://schemas.microsoft.com/2003/10/Serialization/Arrays"><a:double>-0.0013835671424023976</a:double><a:double>-0.037252129992932453</a:double><a:double>-0.029060060716247657</a:double></Value></Attribute><Attribute z:Id="i341"><AttributeType>rpy</AttributeType><IsRequired>true</IsRequired><Value i:type="a:ArrayOfdouble" xmlns:a="http://schemas.microsoft.com/2003/10/Serialization/Arrays"><a:double>0</a:double><a:double>0</a:double><a:double>0</a:double></Value></Attribute></Attributes><ChildElements/><ElementName>origin</ElementName><required>false</required><RPYAttribute z:Ref="i341"/><XYZAttribute z:Ref="i340"/><isCustomized>false</isCustomized></URDFElement><URDFElement z:Id="i342" i:type="Mass"><Attributes><Attribute z:Id="i343"><AttributeType>value</AttributeType><IsRequired>true</IsRequired><Value i:type="a:double" xmlns:a="http://www.w3.org/2001/XMLSchema">0.58977474117261286</Value></Attribute></Attributes><ChildElements/><ElementName>mass</ElementName><required>false</required><ValueAttribute z:Ref="i343"/></URDFElement><URDFElement z:Id="i344" i:type="Inertia"><Attributes><Attribute z:Id="i345"><AttributeType>ixx</AttributeType><IsRequired>true</IsRequired><Value i:type="a:double" xmlns:a="http://www.w3.org/2001/XMLSchema">0.0017823218490408373</Value></Attribute><Attribute z:Id="i346"><AttributeType>ixy</AttributeType><IsRequired>true</IsRequired><Value i:type="a:double" xmlns:a="http://www.w3.org/2001/XMLSchema">-7.7888573130447688E-07</Value></Attribute><Attribute z:Id="i347"><AttributeType>ixz</AttributeType><IsRequired>true</IsRequired><Value i:type="a:double" xmlns:a="http://www.w3.org/2001/XMLSchema">-2.4331812003817207E-05</Value></Attribute><Attribute z:Id="i348"><AttributeType>iyy</AttributeType><IsRequired>true</IsRequired><Value i:type="a:double" xmlns:a="http://www.w3.org/2001/XMLSchema">0.0021293036457214324</Value></Attribute><Attribute z:Id="i349"><AttributeType>iyz</AttributeType><IsRequired>true</IsRequired><Value i:type="a:double" xmlns:a="http://www.w3.org/2001/XMLSchema">-6.5805218642319405E-07</Value></Attribute><Attribute z:Id="i350"><AttributeType>izz</AttributeType><IsRequired>true</IsRequired><Value i:type="a:double" xmlns:a="http://www.w3.org/2001/XMLSchema">0.00036796146044990638</Value></Attribute></Attributes><ChildElements/><ElementName>inertia</ElementName><required>false</required><IxxAttribute z:Ref="i345"/><IxyAttribute z:Ref="i346"/><IxzAttribute z:Ref="i347"/><IyyAttribute z:Ref="i348"/><IyzAttribute z:Ref="i349"/><IzzAttribute z:Ref="i350"/></URDFElement></ChildElements><ElementName>inertial</ElementName><required>false</required><Inertia z:Ref="i344"/><Mass z:Ref="i342"/><Origin z:Ref="i339"/></URDFElement><URDFElement z:Id="i351" i:type="Visual"><Attributes/><ChildElements><URDFElement z:Id="i352" i:type="Origin"><Attributes><Attribute z:Id="i353"><AttributeType>xyz</AttributeType><IsRequired>true</IsRequired><Value i:type="a:ArrayOfdouble" xmlns:a="http://schemas.microsoft.com/2003/10/Serialization/Arrays"><a:double>0</a:double><a:double>0</a:double><a:double>0</a:double></Value></Attribute><Attribute z:Id="i354"><AttributeType>rpy</AttributeType><IsRequired>true</IsRequired><Value i:type="a:ArrayOfdouble" xmlns:a="http://schemas.microsoft.com/2003/10/Serialization/Arrays"><a:double>0</a:double><a:double>0</a:double><a:double>0</a:double></Value></Attribute></Attributes><ChildElements/><ElementName>origin</ElementName><required>false</required><RPYAttribute z:Ref="i354"/><XYZAttribute z:Ref="i353"/><isCustomized>false</isCustomized></URDFElement><URDFElement z:Id="i355" i:type="Geometry"><Attributes/><ChildElements><URDFElement z:Id="i356" i:type="Mesh"><Attributes><Attribute z:Id="i357"><AttributeType>filename</AttributeType><IsRequired>true</IsRequired><Value i:nil="true"/></Attribute></Attributes><ChildElements/><ElementName>mesh</ElementName><required>false</required><FilenameAttribute z:Ref="i357"/></URDFElement></ChildElements><ElementName>geometry</ElementName><required>true</required><Mesh z:Ref="i356"/></URDFElement><URDFElement z:Id="i358" i:type="Material"><Attributes><Attribute z:Id="i359"><AttributeType>name</AttributeType><IsRequired>true</IsRequired><Value i:type="a:string" xmlns:a="http://www.w3.org/2001/XMLSchema"/></Attribute></Attributes><ChildElements><URDFElement z:Id="i360" i:type="Color"><Attributes><Attribute z:Id="i361"><AttributeType>rgba</AttributeType><IsRequired>true</IsRequired><Value i:type="a:ArrayOfdouble" xmlns:a="http://schemas.microsoft.com/2003/10/Serialization/Arrays"><a:double>0.64313725490196072</a:double><a:double>0.615686274509804</a:double><a:double>0.6</a:double><a:double>1</a:double></Value></Attribute></Attributes><ChildElements/><ElementName>color</ElementName><required>false</required><RGBAAttribute z:Ref="i361"/></URDFElement><URDFElement z:Id="i362" i:type="Texture"><Attributes><Attribute z:Id="i363"><AttributeType>filename</AttributeType><IsRequired>true</IsRequired><Value i:nil="true"/></Attribute></Attributes><ChildElements/><ElementName>texture</ElementName><required>false</required><FilenameAttribute z:Ref="i363"/><wFilename/></URDFElement></ChildElements><ElementName>material</ElementName><required>false</required><Color z:Ref="i360"/><NameAttribute z:Ref="i359"/><Texture z:Ref="i362"/></URDFElement></ChildElements><ElementName>visual</ElementName><required>false</required><Geometry z:Ref="i355"/><Material z:Ref="i358"/><Origin z:Ref="i352"/></URDFElement><URDFElement z:Id="i364" i:type="Collision"><Attributes/><ChildElements><URDFElement z:Id="i365" i:type="Origin"><Attributes><Attribute z:Id="i366"><AttributeType>xyz</AttributeType><IsRequired>true</IsRequired><Value i:type="a:ArrayOfdouble" xmlns:a="http://schemas.microsoft.com/2003/10/Serialization/Arrays"><a:double>0</a:double><a:double>0</a:double><a:double>0</a:double></Value></Attribute><Attribute z:Id="i367"><AttributeType>rpy</AttributeType><IsRequired>true</IsRequired><Value i:type="a:ArrayOfdouble" xmlns:a="http://schemas.microsoft.com/2003/10/Serialization/Arrays"><a:double>0</a:double><a:double>0</a:double><a:double>0</a:double></Value></Attribute></Attributes><ChildElements/><ElementName>origin</ElementName><required>false</required><RPYAttribute z:Ref="i367"/><XYZAttribute z:Ref="i366"/><isCustomized>false</isCustomized></URDFElement><URDFElement z:Id="i368" i:type="Geometry"><Attributes/><ChildElements><URDFElement z:Id="i369" i:type="Mesh"><Attributes><Attribute z:Id="i370"><AttributeType>filename</AttributeType><IsRequired>true</IsRequired><Value i:nil="true"/></Attribute></Attributes><ChildElements/><ElementName>mesh</ElementName><required>false</required><FilenameAttribute z:Ref="i370"/></URDFElement></ChildElements><ElementName>geometry</ElementName><required>true</required><Mesh z:Ref="i369"/></URDFElement></ChildElements><ElementName>collision</ElementName><required>false</required><Geometry z:Ref="i368"/><Origin z:Ref="i365"/></URDFElement><URDFElement z:Id="i371" i:type="Joint"><Attributes><Attribute z:Id="i372"><AttributeType>name</AttributeType><IsRequired>true</IsRequired><Value i:type="a:string" xmlns:a="http://www.w3.org/2001/XMLSchema">FR_thigh_joint</Value></Attribute><Attribute z:Id="i373"><AttributeType>type</AttributeType><IsRequired>true</IsRequired><Value i:type="a:string" xmlns:a="http://www.w3.org/2001/XMLSchema">revolute</Value></Attribute></Attributes><ChildElements><URDFElement z:Id="i374" i:type="Origin"><Attributes><Attribute z:Id="i375"><AttributeType>xyz</AttributeType><IsRequired>true</IsRequired><Value i:type="a:ArrayOfdouble" xmlns:a="http://schemas.microsoft.com/2003/10/Serialization/Arrays"><a:double>0.05825</a:double><a:double>-0.0186</a:double><a:double>0</a:double></Value></Attribute><Attribute z:Id="i376"><AttributeType>rpy</AttributeType><IsRequired>true</IsRequired><Value i:type="a:ArrayOfdouble" xmlns:a="http://schemas.microsoft.com/2003/10/Serialization/Arrays"><a:double>0</a:double><a:double>0</a:double><a:double>0</a:double></Value></Attribute></Attributes><ChildElements/><ElementName>origin</ElementName><required>false</required><RPYAttribute z:Ref="i376"/><XYZAttribute z:Ref="i375"/><isCustomized>false</isCustomized></URDFElement><URDFElement z:Id="i377" i:type="ParentLink"><Attributes><Attribute z:Id="i378"><AttributeType>link</AttributeType><IsRequired>true</IsRequired><Value i:type="a:string" xmlns:a="http://www.w3.org/2001/XMLSchema">FR_hip</Value></Attribute></Attributes><ChildElements/><ElementName>parent</ElementName><required>true</required><NameAttribute z:Ref="i378"/></URDFElement><URDFElement z:Id="i379" i:type="ChildLink"><Attributes><Attribute z:Id="i380"><AttributeType>link</AttributeType><IsRequired>true</IsRequired><Value i:type="a:string" xmlns:a="http://www.w3.org/2001/XMLSchema">FR_thigh</Value></Attribute></Attributes><ChildElements/><ElementName>child</ElementName><required>true</required><NameAttribute z:Ref="i380"/></URDFElement><URDFElement z:Id="i381" i:type="Axis"><Attributes><Attribute z:Id="i382"><AttributeType>xyz</AttributeType><IsRequired>true</IsRequired><Value i:type="a:ArrayOfdouble" xmlns:a="http://schemas.microsoft.com/2003/10/Serialization/Arrays"><a:double>0</a:double><a:double>-1</a:double><a:double>0</a:double></Value></Attribute></Attributes><ChildElements/><ElementName>axis</ElementName><required>false</required><XYZAttribute z:Ref="i382"/></URDFElement><URDFElement z:Id="i383" i:type="Limit"><Attributes><Attribute z:Id="i384"><AttributeType>lower</AttributeType><IsRequired>true</IsRequired><Value i:type="a:double" xmlns:a="http://www.w3.org/2001/XMLSchema">0</Value></Attribute><Attribute z:Id="i385"><AttributeType>upper</AttributeType><IsRequired>true</IsRequired><Value i:type="a:double" xmlns:a="http://www.w3.org/2001/XMLSchema">0</Value></Attribute><Attribute z:Id="i386"><AttributeType>effort</AttributeType><IsRequired>true</IsRequired><Value i:type="a:double" xmlns:a="http://www.w3.org/2001/XMLSchema">0</Value></Attribute><Attribute z:Id="i387"><AttributeType>velocity</AttributeType><IsRequired>true</IsRequired><Value i:type="a:double" xmlns:a="http://www.w3.org/2001/XMLSchema">0</Value></Attribute></Attributes><ChildElements/><ElementName>limit</ElementName><required>true</required><EffortAttribute z:Ref="i386"/><LowerAttribute z:Ref="i384"/><UpperAttribute z:Ref="i385"/><VelocityAttribute z:Ref="i387"/></URDFElement><URDFElement z:Id="i388" i:type="Calibration"><Attributes><Attribute z:Id="i389"><AttributeType>rising</AttributeType><IsRequired>false</IsRequired><Value i:nil="true"/></Attribute><Attribute z:Id="i390"><AttributeType>falling</AttributeType><IsRequired>false</IsRequired><Value i:nil="true"/></Attribute></Attributes><ChildElements/><ElementName>calibration</ElementName><required>false</required><FallingAttribute z:Ref="i390"/><RisingAttribute z:Ref="i389"/></URDFElement><URDFElement z:Id="i391" i:type="Dynamics"><Attributes><Attribute z:Id="i392"><AttributeType>damping</AttributeType><IsRequired>false</IsRequired><Value i:nil="true"/></Attribute><Attribute z:Id="i393"><AttributeType>friction</AttributeType><IsRequired>false</IsRequired><Value i:nil="true"/></Attribute></Attributes><ChildElements/><ElementName>dynamics</ElementName><required>false</required><DampingAttribute z:Ref="i392"/><FrictionAttribute z:Ref="i393"/></URDFElement><URDFElement z:Id="i394" i:type="SafetyController"><Attributes><Attribute z:Id="i395"><AttributeType>soft_upper_limit</AttributeType><IsRequired>false</IsRequired><Value i:nil="true"/></Attribute><Attribute z:Id="i396"><AttributeType>soft_lower_limit</AttributeType><IsRequired>false</IsRequired><Value i:nil="true"/></Attribute><Attribute z:Id="i397"><AttributeType>k_position</AttributeType><IsRequired>false</IsRequired><Value i:nil="true"/></Attribute><Attribute z:Id="i398"><AttributeType>k_velocity</AttributeType><IsRequired>true</IsRequired><Value i:nil="true"/></Attribute></Attributes><ChildElements/><ElementName>safety_controller</ElementName><required>false</required><KPositionAttribute z:Ref="i397"/><KVelocityAttribute z:Ref="i398"/><SoftLowerAttribute z:Ref="i396"/><SoftUpperAttribute z:Ref="i395"/></URDFElement><URDFElement z:Id="i399" i:type="Mimic"><Attributes><Attribute z:Id="i400"><AttributeType>joint</AttributeType><IsRequired>true</IsRequired><Value i:nil="true"/></Attribute><Attribute z:Id="i401"><AttributeType>multiplier</AttributeType><IsRequired>false</IsRequired><Value i:nil="true"/></Attribute><Attribute z:Id="i402"><AttributeType>offset</AttributeType><IsRequired>false</IsRequired><Value i:nil="true"/></Attribute></Attributes><ChildElements/><ElementName>mimic</ElementName><required>false</required><JointNameAttribute z:Ref="i400"/><MultiplierAttribute z:Ref="i401"/><OffsetAttribute z:Ref="i402"/></URDFElement></ChildElements><ElementName>joint</ElementName><required>false</required><Axis z:Ref="i381"/><AxisName>FR_thigh_axis</AxisName><Calibration z:Ref="i388"/><Child z:Ref="i379"/><CoordinateSystemName>FR_thigh_Coordinate System</CoordinateSystemName><Dynamics z:Ref="i391"/><Limit z:Ref="i383"/><Mimic z:Ref="i399"/><NameAttribute z:Ref="i372"/><Origin z:Ref="i374"/><Parent z:Ref="i377"/><Safety z:Ref="i394"/><TypeAttribute z:Ref="i373"/></URDFElement></ChildElements><ElementName>link</ElementName><required>true</required><Children><Link z:Id="i403"><Attributes><Attribute z:Id="i404"><AttributeType>name</AttributeType><IsRequired>true</IsRequired><Value i:type="a:string" xmlns:a="http://www.w3.org/2001/XMLSchema">FR_calf</Value></Attribute></Attributes><ChildElements><URDFElement z:Id="i405" i:type="Inertial"><Attributes/><ChildElements><URDFElement z:Id="i406" i:type="Origin"><Attributes><Attribute z:Id="i407"><AttributeType>xyz</AttributeType><IsRequired>true</IsRequired><Value i:type="a:ArrayOfdouble" xmlns:a="http://schemas.microsoft.com/2003/10/Serialization/Arrays"><a:double>0.0063129932843737635</a:double><a:double>-2.8262452081928569E-05</a:double><a:double>-0.091768654493874224</a:double></Value></Attribute><Attribute z:Id="i408"><AttributeType>rpy</AttributeType><IsRequired>true</IsRequired><Value i:type="a:ArrayOfdouble" xmlns:a="http://schemas.microsoft.com/2003/10/Serialization/Arrays"><a:double>0</a:double><a:double>0</a:double><a:double>0</a:double></Value></Attribute></Attributes><ChildElements/><ElementName>origin</ElementName><required>false</required><RPYAttribute z:Ref="i408"/><XYZAttribute z:Ref="i407"/><isCustomized>false</isCustomized></URDFElement><URDFElement z:Id="i409" i:type="Mass"><Attributes><Attribute z:Id="i410"><AttributeType>value</AttributeType><IsRequired>true</IsRequired><Value i:type="a:double" xmlns:a="http://www.w3.org/2001/XMLSchema">0.24779927634993068</Value></Attribute></Attributes><ChildElements/><ElementName>mass</ElementName><required>false</required><ValueAttribute z:Ref="i410"/></URDFElement><URDFElement z:Id="i411" i:type="Inertia"><Attributes><Attribute z:Id="i412"><AttributeType>ixx</AttributeType><IsRequired>true</IsRequired><Value i:type="a:double" xmlns:a="http://www.w3.org/2001/XMLSchema">0.00055936945050888409</Value></Attribute><Attribute z:Id="i413"><AttributeType>ixy</AttributeType><IsRequired>true</IsRequired><Value i:type="a:double" xmlns:a="http://www.w3.org/2001/XMLSchema">7.2776729077197142E-09</Value></Attribute><Attribute z:Id="i414"><AttributeType>ixz</AttributeType><IsRequired>true</IsRequired><Value i:type="a:double" xmlns:a="http://www.w3.org/2001/XMLSchema">3.1927590651445608E-05</Value></Attribute><Attribute z:Id="i415"><AttributeType>iyy</AttributeType><IsRequired>true</IsRequired><Value i:type="a:double" xmlns:a="http://www.w3.org/2001/XMLSchema">0.000579943419434487</Value></Attribute><Attribute z:Id="i416"><AttributeType>iyz</AttributeType><IsRequired>true</IsRequired><Value i:type="a:double" xmlns:a="http://www.w3.org/2001/XMLSchema">5.9037738840195351E-08</Value></Attribute><Attribute z:Id="i417"><AttributeType>izz</AttributeType><IsRequired>true</IsRequired><Value i:type="a:double" xmlns:a="http://www.w3.org/2001/XMLSchema">2.493361246386682E-05</Value></Attribute></Attributes><ChildElements/><ElementName>inertia</ElementName><required>false</required><IxxAttribute z:Ref="i412"/><IxyAttribute z:Ref="i413"/><IxzAttribute z:Ref="i414"/><IyyAttribute z:Ref="i415"/><IyzAttribute z:Ref="i416"/><IzzAttribute z:Ref="i417"/></URDFElement></ChildElements><ElementName>inertial</ElementName><required>false</required><Inertia z:Ref="i411"/><Mass z:Ref="i409"/><Origin z:Ref="i406"/></URDFElement><URDFElement z:Id="i418" i:type="Visual"><Attributes/><ChildElements><URDFElement z:Id="i419" i:type="Origin"><Attributes><Attribute z:Id="i420"><AttributeType>xyz</AttributeType><IsRequired>true</IsRequired><Value i:type="a:ArrayOfdouble" xmlns:a="http://schemas.microsoft.com/2003/10/Serialization/Arrays"><a:double>0</a:double><a:double>0</a:double><a:double>0</a:double></Value></Attribute><Attribute z:Id="i421"><AttributeType>rpy</AttributeType><IsRequired>true</IsRequired><Value i:type="a:ArrayOfdouble" xmlns:a="http://schemas.microsoft.com/2003/10/Serialization/Arrays"><a:double>0</a:double><a:double>0</a:double><a:double>0</a:double></Value></Attribute></Attributes><ChildElements/><ElementName>origin</ElementName><required>false</required><RPYAttribute z:Ref="i421"/><XYZAttribute z:Ref="i420"/><isCustomized>false</isCustomized></URDFElement><URDFElement z:Id="i422" i:type="Geometry"><Attributes/><ChildElements><URDFElement z:Id="i423" i:type="Mesh"><Attributes><Attribute z:Id="i424"><AttributeType>filename</AttributeType><IsRequired>true</IsRequired><Value i:nil="true"/></Attribute></Attributes><ChildElements/><ElementName>mesh</ElementName><required>false</required><FilenameAttribute z:Ref="i424"/></URDFElement></ChildElements><ElementName>geometry</ElementName><required>true</required><Mesh z:Ref="i423"/></URDFElement><URDFElement z:Id="i425" i:type="Material"><Attributes><Attribute z:Id="i426"><AttributeType>name</AttributeType><IsRequired>true</IsRequired><Value i:type="a:string" xmlns:a="http://www.w3.org/2001/XMLSchema"/></Attribute></Attributes><ChildElements><URDFElement z:Id="i427" i:type="Color"><Attributes><Attribute z:Id="i428"><AttributeType>rgba</AttributeType><IsRequired>true</IsRequired><Value i:type="a:ArrayOfdouble" xmlns:a="http://schemas.microsoft.com/2003/10/Serialization/Arrays"><a:double>0.89803921568627454</a:double><a:double>0.91764705882352937</a:double><a:double>0.92941176470588238</a:double><a:double>1</a:double></Value></Attribute></Attributes><ChildElements/><ElementName>color</ElementName><required>false</required><RGBAAttribute z:Ref="i428"/></URDFElement><URDFElement z:Id="i429" i:type="Texture"><Attributes><Attribute z:Id="i430"><AttributeType>filename</AttributeType><IsRequired>true</IsRequired><Value i:nil="true"/></Attribute></Attributes><ChildElements/><ElementName>texture</ElementName><required>false</required><FilenameAttribute z:Ref="i430"/><wFilename/></URDFElement></ChildElements><ElementName>material</ElementName><required>false</required><Color z:Ref="i427"/><NameAttribute z:Ref="i426"/><Texture z:Ref="i429"/></URDFElement></ChildElements><ElementName>visual</ElementName><required>false</required><Geometry z:Ref="i422"/><Material z:Ref="i425"/><Origin z:Ref="i419"/></URDFElement><URDFElement z:Id="i431" i:type="Collision"><Attributes/><ChildElements><URDFElement z:Id="i432" i:type="Origin"><Attributes><Attribute z:Id="i433"><AttributeType>xyz</AttributeType><IsRequired>true</IsRequired><Value i:type="a:ArrayOfdouble" xmlns:a="http://schemas.microsoft.com/2003/10/Serialization/Arrays"><a:double>0</a:double><a:double>0</a:double><a:double>0</a:double></Value></Attribute><Attribute z:Id="i434"><AttributeType>rpy</AttributeType><IsRequired>true</IsRequired><Value i:type="a:ArrayOfdouble" xmlns:a="http://schemas.microsoft.com/2003/10/Serialization/Arrays"><a:double>0</a:double><a:double>0</a:double><a:double>0</a:double></Value></Attribute></Attributes><ChildElements/><ElementName>origin</ElementName><required>false</required><RPYAttribute z:Ref="i434"/><XYZAttribute z:Ref="i433"/><isCustomized>false</isCustomized></URDFElement><URDFElement z:Id="i435" i:type="Geometry"><Attributes/><ChildElements><URDFElement z:Id="i436" i:type="Mesh"><Attributes><Attribute z:Id="i437"><AttributeType>filename</AttributeType><IsRequired>true</IsRequired><Value i:nil="true"/></Attribute></Attributes><ChildElements/><ElementName>mesh</ElementName><required>false</required><FilenameAttribute z:Ref="i437"/></URDFElement></ChildElements><ElementName>geometry</ElementName><required>true</required><Mesh z:Ref="i436"/></URDFElement></ChildElements><ElementName>collision</ElementName><required>false</required><Geometry z:Ref="i435"/><Origin z:Ref="i432"/></URDFElement><URDFElement z:Id="i438" i:type="Joint"><Attributes><Attribute z:Id="i439"><AttributeType>name</AttributeType><IsRequired>true</IsRequired><Value i:type="a:string" xmlns:a="http://www.w3.org/2001/XMLSchema">FR_calf_joint</Value></Attribute><Attribute z:Id="i440"><AttributeType>type</AttributeType><IsRequired>true</IsRequired><Value i:type="a:string" xmlns:a="http://www.w3.org/2001/XMLSchema">revolute</Value></Attribute></Attributes><ChildElements><URDFElement z:Id="i441" i:type="Origin"><Attributes><Attribute z:Id="i442"><AttributeType>xyz</AttributeType><IsRequired>true</IsRequired><Value i:type="a:ArrayOfdouble" xmlns:a="http://schemas.microsoft.com/2003/10/Serialization/Arrays"><a:double>0</a:double><a:double>-0.0572</a:double><a:double>-0.21</a:double></Value></Attribute><Attribute z:Id="i443"><AttributeType>rpy</AttributeType><IsRequired>true</IsRequired><Value i:type="a:ArrayOfdouble" xmlns:a="http://schemas.microsoft.com/2003/10/Serialization/Arrays"><a:double>0</a:double><a:double>0</a:double><a:double>0</a:double></Value></Attribute></Attributes><ChildElements/><ElementName>origin</ElementName><required>false</required><RPYAttribute z:Ref="i443"/><XYZAttribute z:Ref="i442"/><isCustomized>false</isCustomized></URDFElement><URDFElement z:Id="i444" i:type="ParentLink"><Attributes><Attribute z:Id="i445"><AttributeType>link</AttributeType><IsRequired>true</IsRequired><Value i:type="a:string" xmlns:a="http://www.w3.org/2001/XMLSchema">FR_thigh</Value></Attribute></Attributes><ChildElements/><ElementName>parent</ElementName><required>true</required><NameAttribute z:Ref="i445"/></URDFElement><URDFElement z:Id="i446" i:type="ChildLink"><Attributes><Attribute z:Id="i447"><AttributeType>link</AttributeType><IsRequired>true</IsRequired><Value i:type="a:string" xmlns:a="http://www.w3.org/2001/XMLSchema">FR_calf</Value></Attribute></Attributes><ChildElements/><ElementName>child</ElementName><required>true</required><NameAttribute z:Ref="i447"/></URDFElement><URDFElement z:Id="i448" i:type="Axis"><Attributes><Attribute z:Id="i449"><AttributeType>xyz</AttributeType><IsRequired>true</IsRequired><Value i:type="a:ArrayOfdouble" xmlns:a="http://schemas.microsoft.com/2003/10/Serialization/Arrays"><a:double>0</a:double><a:double>1</a:double><a:double>0</a:double></Value></Attribute></Attributes><ChildElements/><ElementName>axis</ElementName><required>false</required><XYZAttribute z:Ref="i449"/></URDFElement><URDFElement z:Id="i450" i:type="Limit"><Attributes><Attribute z:Id="i451"><AttributeType>lower</AttributeType><IsRequired>true</IsRequired><Value i:type="a:double" xmlns:a="http://www.w3.org/2001/XMLSchema">0</Value></Attribute><Attribute z:Id="i452"><AttributeType>upper</AttributeType><IsRequired>true</IsRequired><Value i:type="a:double" xmlns:a="http://www.w3.org/2001/XMLSchema">0</Value></Attribute><Attribute z:Id="i453"><AttributeType>effort</AttributeType><IsRequired>true</IsRequired><Value i:type="a:double" xmlns:a="http://www.w3.org/2001/XMLSchema">0</Value></Attribute><Attribute z:Id="i454"><AttributeType>velocity</AttributeType><IsRequired>true</IsRequired><Value i:type="a:double" xmlns:a="http://www.w3.org/2001/XMLSchema">0</Value></Attribute></Attributes><ChildElements/><ElementName>limit</ElementName><required>true</required><EffortAttribute z:Ref="i453"/><LowerAttribute z:Ref="i451"/><UpperAttribute z:Ref="i452"/><VelocityAttribute z:Ref="i454"/></URDFElement><URDFElement z:Id="i455" i:type="Calibration"><Attributes><Attribute z:Id="i456"><AttributeType>rising</AttributeType><IsRequired>false</IsRequired><Value i:nil="true"/></Attribute><Attribute z:Id="i457"><AttributeType>falling</AttributeType><IsRequired>false</IsRequired><Value i:nil="true"/></Attribute></Attributes><ChildElements/><ElementName>calibration</ElementName><required>false</required><FallingAttribute z:Ref="i457"/><RisingAttribute z:Ref="i456"/></URDFElement><URDFElement z:Id="i458" i:type="Dynamics"><Attributes><Attribute z:Id="i459"><AttributeType>damping</AttributeType><IsRequired>false</IsRequired><Value i:nil="true"/></Attribute><Attribute z:Id="i460"><AttributeType>friction</AttributeType><IsRequired>false</IsRequired><Value i:nil="true"/></Attribute></Attributes><ChildElements/><ElementName>dynamics</ElementName><required>false</required><DampingAttribute z:Ref="i459"/><FrictionAttribute z:Ref="i460"/></URDFElement><URDFElement z:Id="i461" i:type="SafetyController"><Attributes><Attribute z:Id="i462"><AttributeType>soft_upper_limit</AttributeType><IsRequired>false</IsRequired><Value i:nil="true"/></Attribute><Attribute z:Id="i463"><AttributeType>soft_lower_limit</AttributeType><IsRequired>false</IsRequired><Value i:nil="true"/></Attribute><Attribute z:Id="i464"><AttributeType>k_position</AttributeType><IsRequired>false</IsRequired><Value i:nil="true"/></Attribute><Attribute z:Id="i465"><AttributeType>k_velocity</AttributeType><IsRequired>true</IsRequired><Value i:nil="true"/></Attribute></Attributes><ChildElements/><ElementName>safety_controller</ElementName><required>false</required><KPositionAttribute z:Ref="i464"/><KVelocityAttribute z:Ref="i465"/><SoftLowerAttribute z:Ref="i463"/><SoftUpperAttribute z:Ref="i462"/></URDFElement><URDFElement z:Id="i466" i:type="Mimic"><Attributes><Attribute z:Id="i467"><AttributeType>joint</AttributeType><IsRequired>true</IsRequired><Value i:nil="true"/></Attribute><Attribute z:Id="i468"><AttributeType>multiplier</AttributeType><IsRequired>false</IsRequired><Value i:nil="true"/></Attribute><Attribute z:Id="i469"><AttributeType>offset</AttributeType><IsRequired>false</IsRequired><Value i:nil="true"/></Attribute></Attributes><ChildElements/><ElementName>mimic</ElementName><required>false</required><JointNameAttribute z:Ref="i467"/><MultiplierAttribute z:Ref="i468"/><OffsetAttribute z:Ref="i469"/></URDFElement></ChildElements><ElementName>joint</ElementName><required>false</required><Axis z:Ref="i448"/><AxisName>FR_calf_axis</AxisName><Calibration z:Ref="i455"/><Child z:Ref="i446"/><CoordinateSystemName>FR_calf_Coordinate System</CoordinateSystemName><Dynamics z:Ref="i458"/><Limit z:Ref="i450"/><Mimic z:Ref="i466"/><NameAttribute z:Ref="i439"/><Origin z:Ref="i441"/><Parent z:Ref="i444"/><Safety z:Ref="i461"/><TypeAttribute z:Ref="i440"/></URDFElement></ChildElements><ElementName>link</ElementName><required>true</required><Children/><Collision z:Ref="i431"/><Inertial z:Ref="i405"/><Joint z:Ref="i438"/><NameAttribute z:Ref="i404"/><Parent z:Ref="i336"/><STLQualityFine>false</STLQualityFine><SWComponentPIDs xmlns:a="http://schemas.microsoft.com/2003/10/Serialization/Arrays"><a:base64Binary>aEIAAAUAAAD//v8TD1x/gS1O9JXyZr9+LQA2ADAANgAxAC0AMQBAAHRl13LFiE2RU08EAAAAEAAAAAEAAAABAAAAdwIAAA==</a:base64Binary><a:base64Binary>aEIAAAUAAAD//v8WD1x/gRZZp0/yZr9+LQBclc9QLQA2ADAANgAxAC0AMQBAAHRl13LFiE2RU08EAAAAEAAAAAEAAAABAAAAdgIAAA==</a:base64Binary><a:base64Binary>aEIAAAUAAAD//v8TD1x/gRZZp0/yZr9+LQA2ADAANgAxAC0AMQBAAHRl13LFiE2RU08EAAAAEAAAAAEAAAABAAAAdQIAAA==</a:base64Binary><a:base64Binary>aEIAAAUAAAD//v8ND1x/gXCZf2cyAC0ANABAAHRl13LFiE2RU08EAAAAEAAAAAEAAAABAAAA1QQAAA==</a:base64Binary><a:base64Binary>aEIAAAUAAAD//v8Ns43velNicFP2Ti0ANgBAAHRl13LFiE2RU08EAAAAEAAAAAEAAAABAAAAGgUAAA==</a:base64Binary><a:base64Binary>aEIAAAUAAAD//v8MRXj2gLON73otADUAQAB0ZddyxYhNkVNPBAAAABAAAAABAAAAAQAAABgFAAA=</a:base64Binary><a:base64Binary>aEIAAAUAAAD//v8ND1x/gXCZf2cxAC0ANABAAHRl13LFiE2RU08EAAAAEAAAAAEAAAABAAAA1gQAAA==</a:base64Binary></SWComponentPIDs><SWMainComponentPID i:nil="true"/><Visual z:Ref="i418"/><isFixedFrame>false</isFixedFrame><isIncomplete>false</isIncomplete></Link></Children><Collision z:Ref="i364"/><Inertial z:Ref="i338"/><Joint z:Ref="i371"/><NameAttribute z:Ref="i337"/><Parent z:Ref="i269"/><STLQualityFine>false</STLQualityFine><SWComponentPIDs xmlns:a="http://schemas.microsoft.com/2003/10/Serialization/Arrays"><a:base64Binary>aEIAAAUAAAD//v8YRwBPAC0ATQA4ADAAMQAwAC0ANgA1dTpnMwBEACFqi1ctADIAQAB0ZddyxYhNkVNPBAAAABAAAAABAAAAAQAAAHYAAAA=</a:base64Binary><a:base64Binary>aEIAAAUAAAD//v8RJ1l/gYVRp08tADYAMAA2ADEALQAxAEAAdGXXcsWITZFTTwQAAAAQAAAAAQAAAAEAAABnAgAA</a:base64Binary><a:base64Binary>aEIAAAUAAAD//v8NJ1l/gVNicFP2Ti0AMQBAAHRl13LFiE2RU08EAAAAEAAAAAEAAAABAAAAZgIAAA==</a:base64Binary><a:base64Binary>aEIAAAUAAAD//v8VJ1l/gRZZp08tADYAMAA2ADEALQAzAG0AbQAtADEAQAB0ZddyxYhNkVNPBAAAABAAAAABAAAAAQAAAGgCAAA=</a:base64Binary><a:base64Binary>aEIAAAUAAAD//v8YMgAtADMAc1GCgt6PpWP2Ti0ATVLzUy0ANgAwADYAMQAtADIAQAB0ZddyxYhNkVNPBAAAABAAAAABAAAAAQAAAI0EAAA=</a:base64Binary></SWComponentPIDs><SWMainComponentPID i:nil="true"/><Visual z:Ref="i351"/><isFixedFrame>false</isFixedFrame><isIncomplete>false</isIncomplete></Link></Children><Collision z:Ref="i297"/><Inertial z:Ref="i271"/><Joint z:Ref="i304"/><NameAttribute z:Ref="i270"/><Parent z:Ref="i1"/><STLQualityFine>false</STLQualityFine><SWComponentPIDs xmlns:a="http://schemas.microsoft.com/2003/10/Serialization/Arrays"><a:base64Binary>aEIAAAUAAAD//v8YRwBPAC0ATQA4ADAAMQAwAC0ANgA1dTpnMwBEACFqi1ctADMAQAB0ZddyxYhNkVNPBAAAABAAAAABAAAAAQAAAHcAAAA=</a:base64Binary><a:base64Binary>aEIAAAUAAAD//v8Wy5pzUYKC3o+lY/ZOLQBNUn+BLQA2ADAANgAxAC0AMQBAAHRl13LFiE2RU08EAAAAEAAAAAEAAAABAAAAWQIAAA==</a:base64Binary><a:base64Binary>aEIAAAUAAAD//v8SJ1l/gS0AD1x/gXNRgoJQlk1PV1ctADIAQAB0ZddyxYhNkVNPBAAAABAAAAABAAAAAQAAAIwCAAA=</a:base64Binary></SWComponentPIDs><SWMainComponentPID i:nil="true"/><Visual z:Ref="i284"/><isFixedFrame>false</isFixedFrame><isIncomplete>false</isIncomplete></Link><Link z:Id="i470"><Attributes><Attribute z:Id="i471"><AttributeType>name</AttributeType><IsRequired>true</IsRequired><Value i:type="a:string" xmlns:a="http://www.w3.org/2001/XMLSchema">RL_hip</Value></Attribute></Attributes><ChildElements><URDFElement z:Id="i472" i:type="Inertial"><Attributes/><ChildElements><URDFElement z:Id="i473" i:type="Origin"><Attributes><Attribute z:Id="i474"><AttributeType>xyz</AttributeType><IsRequired>true</IsRequired><Value i:type="a:ArrayOfdouble" xmlns:a="http://schemas.microsoft.com/2003/10/Serialization/Arrays"><a:double>-0.039336140959549265</a:double><a:double>-0.022640063071283259</a:double><a:double>-0.0010391385342445741</a:double></Value></Attribute><Attribute z:Id="i475"><AttributeType>rpy</AttributeType><IsRequired>true</IsRequired><Value i:type="a:ArrayOfdouble" xmlns:a="http://schemas.microsoft.com/2003/10/Serialization/Arrays"><a:double>0</a:double><a:double>0</a:double><a:double>0</a:double></Value></Attribute></Attributes><ChildElements/><ElementName>origin</ElementName><required>false</required><RPYAttribute z:Ref="i475"/><XYZAttribute z:Ref="i474"/><isCustomized>false</isCustomized></URDFElement><URDFElement z:Id="i476" i:type="Mass"><Attributes><Attribute z:Id="i477"><AttributeType>value</AttributeType><IsRequired>true</IsRequired><Value i:type="a:double" xmlns:a="http://www.w3.org/2001/XMLSchema">0.3831054586044253</Value></Attribute></Attributes><ChildElements/><ElementName>mass</ElementName><required>false</required><ValueAttribute z:Ref="i477"/></URDFElement><URDFElement z:Id="i478" i:type="Inertia"><Attributes><Attribute z:Id="i479"><AttributeType>ixx</AttributeType><IsRequired>true</IsRequired><Value i:type="a:double" xmlns:a="http://www.w3.org/2001/XMLSchema">0.00024827015908543046</Value></Attribute><Attribute z:Id="i480"><AttributeType>ixy</AttributeType><IsRequired>true</IsRequired><Value i:type="a:double" xmlns:a="http://www.w3.org/2001/XMLSchema">5.062582303695987E-06</Value></Attribute><Attribute z:Id="i481"><AttributeType>ixz</AttributeType><IsRequired>true</IsRequired><Value i:type="a:double" xmlns:a="http://www.w3.org/2001/XMLSchema">-1.7804153524945725E-06</Value></Attribute><Attribute z:Id="i482"><AttributeType>iyy</AttributeType><IsRequired>true</IsRequired><Value i:type="a:double" xmlns:a="http://www.w3.org/2001/XMLSchema">0.00040166364060331071</Value></Attribute><Attribute z:Id="i483"><AttributeType>iyz</AttributeType><IsRequired>true</IsRequired><Value i:type="a:double" xmlns:a="http://www.w3.org/2001/XMLSchema">-9.3520396937172047E-07</Value></Attribute><Attribute z:Id="i484"><AttributeType>izz</AttributeType><IsRequired>true</IsRequired><Value i:type="a:double" xmlns:a="http://www.w3.org/2001/XMLSchema">0.000191129161344077</Value></Attribute></Attributes><ChildElements/><ElementName>inertia</ElementName><required>false</required><IxxAttribute z:Ref="i479"/><IxyAttribute z:Ref="i480"/><IxzAttribute z:Ref="i481"/><IyyAttribute z:Ref="i482"/><IyzAttribute z:Ref="i483"/><IzzAttribute z:Ref="i484"/></URDFElement></ChildElements><ElementName>inertial</ElementName><required>false</required><Inertia z:Ref="i478"/><Mass z:Ref="i476"/><Origin z:Ref="i473"/></URDFElement><URDFElement z:Id="i485" i:type="Visual"><Attributes/><ChildElements><URDFElement z:Id="i486" i:type="Origin"><Attributes><Attribute z:Id="i487"><AttributeType>xyz</AttributeType><IsRequired>true</IsRequired><Value i:type="a:ArrayOfdouble" xmlns:a="http://schemas.microsoft.com/2003/10/Serialization/Arrays"><a:double>0</a:double><a:double>0</a:double><a:double>0</a:double></Value></Attribute><Attribute z:Id="i488"><AttributeType>rpy</AttributeType><IsRequired>true</IsRequired><Value i:type="a:ArrayOfdouble" xmlns:a="http://schemas.microsoft.com/2003/10/Serialization/Arrays"><a:double>0</a:double><a:double>0</a:double><a:double>0</a:double></Value></Attribute></Attributes><ChildElements/><ElementName>origin</ElementName><required>false</required><RPYAttribute z:Ref="i488"/><XYZAttribute z:Ref="i487"/><isCustomized>false</isCustomized></URDFElement><URDFElement z:Id="i489" i:type="Geometry"><Attributes/><ChildElements><URDFElement z:Id="i490" i:type="Mesh"><Attributes><Attribute z:Id="i491"><AttributeType>filename</AttributeType><IsRequired>true</IsRequired><Value i:nil="true"/></Attribute></Attributes><ChildElements/><ElementName>mesh</ElementName><required>false</required><FilenameAttribute z:Ref="i491"/></URDFElement></ChildElements><ElementName>geometry</ElementName><required>true</required><Mesh z:Ref="i490"/></URDFElement><URDFElement z:Id="i492" i:type="Material"><Attributes><Attribute z:Id="i493"><AttributeType>name</AttributeType><IsRequired>true</IsRequired><Value i:type="a:string" xmlns:a="http://www.w3.org/2001/XMLSchema"/></Attribute></Attributes><ChildElements><URDFElement z:Id="i494" i:type="Color"><Attributes><Attribute z:Id="i495"><AttributeType>rgba</AttributeType><IsRequired>true</IsRequired><Value i:type="a:ArrayOfdouble" xmlns:a="http://schemas.microsoft.com/2003/10/Serialization/Arrays"><a:double>0.64313725490196072</a:double><a:double>0.615686274509804</a:double><a:double>0.6</a:double><a:double>1</a:double></Value></Attribute></Attributes><ChildElements/><ElementName>color</ElementName><required>false</required><RGBAAttribute z:Ref="i495"/></URDFElement><URDFElement z:Id="i496" i:type="Texture"><Attributes><Attribute z:Id="i497"><AttributeType>filename</AttributeType><IsRequired>true</IsRequired><Value i:nil="true"/></Attribute></Attributes><ChildElements/><ElementName>texture</ElementName><required>false</required><FilenameAttribute z:Ref="i497"/><wFilename/></URDFElement></ChildElements><ElementName>material</ElementName><required>false</required><Color z:Ref="i494"/><NameAttribute z:Ref="i493"/><Texture z:Ref="i496"/></URDFElement></ChildElements><ElementName>visual</ElementName><required>false</required><Geometry z:Ref="i489"/><Material z:Ref="i492"/><Origin z:Ref="i486"/></URDFElement><URDFElement z:Id="i498" i:type="Collision"><Attributes/><ChildElements><URDFElement z:Id="i499" i:type="Origin"><Attributes><Attribute z:Id="i500"><AttributeType>xyz</AttributeType><IsRequired>true</IsRequired><Value i:type="a:ArrayOfdouble" xmlns:a="http://schemas.microsoft.com/2003/10/Serialization/Arrays"><a:double>0</a:double><a:double>0</a:double><a:double>0</a:double></Value></Attribute><Attribute z:Id="i501"><AttributeType>rpy</AttributeType><IsRequired>true</IsRequired><Value i:type="a:ArrayOfdouble" xmlns:a="http://schemas.microsoft.com/2003/10/Serialization/Arrays"><a:double>0</a:double><a:double>0</a:double><a:double>0</a:double></Value></Attribute></Attributes><ChildElements/><ElementName>origin</ElementName><required>false</required><RPYAttribute z:Ref="i501"/><XYZAttribute z:Ref="i500"/><isCustomized>false</isCustomized></URDFElement><URDFElement z:Id="i502" i:type="Geometry"><Attributes/><ChildElements><URDFElement z:Id="i503" i:type="Mesh"><Attributes><Attribute z:Id="i504"><AttributeType>filename</AttributeType><IsRequired>true</IsRequired><Value i:nil="true"/></Attribute></Attributes><ChildElements/><ElementName>mesh</ElementName><required>false</required><FilenameAttribute z:Ref="i504"/></URDFElement></ChildElements><ElementName>geometry</ElementName><required>true</required><Mesh z:Ref="i503"/></URDFElement></ChildElements><ElementName>collision</ElementName><required>false</required><Geometry z:Ref="i502"/><Origin z:Ref="i499"/></URDFElement><URDFElement z:Id="i505" i:type="Joint"><Attributes><Attribute z:Id="i506"><AttributeType>name</AttributeType><IsRequired>true</IsRequired><Value i:type="a:string" xmlns:a="http://www.w3.org/2001/XMLSchema">RL_hip_joint</Value></Attribute><Attribute z:Id="i507"><AttributeType>type</AttributeType><IsRequired>true</IsRequired><Value i:type="a:string" xmlns:a="http://www.w3.org/2001/XMLSchema">revolute</Value></Attribute></Attributes><ChildElements><URDFElement z:Id="i508" i:type="Origin"><Attributes><Attribute z:Id="i509"><AttributeType>xyz</AttributeType><IsRequired>true</IsRequired><Value i:type="a:ArrayOfdouble" xmlns:a="http://schemas.microsoft.com/2003/10/Serialization/Arrays"><a:double>-0.1366</a:double><a:double>0.065</a:double><a:double>0</a:double></Value></Attribute><Attribute z:Id="i510"><AttributeType>rpy</AttributeType><IsRequired>true</IsRequired><Value i:type="a:ArrayOfdouble" xmlns:a="http://schemas.microsoft.com/2003/10/Serialization/Arrays"><a:double>0</a:double><a:double>0</a:double><a:double>0</a:double></Value></Attribute></Attributes><ChildElements/><ElementName>origin</ElementName><required>false</required><RPYAttribute z:Ref="i510"/><XYZAttribute z:Ref="i509"/><isCustomized>false</isCustomized></URDFElement><URDFElement z:Id="i511" i:type="ParentLink"><Attributes><Attribute z:Id="i512"><AttributeType>link</AttributeType><IsRequired>true</IsRequired><Value i:type="a:string" xmlns:a="http://www.w3.org/2001/XMLSchema">base</Value></Attribute></Attributes><ChildElements/><ElementName>parent</ElementName><required>true</required><NameAttribute z:Ref="i512"/></URDFElement><URDFElement z:Id="i513" i:type="ChildLink"><Attributes><Attribute z:Id="i514"><AttributeType>link</AttributeType><IsRequired>true</IsRequired><Value i:type="a:string" xmlns:a="http://www.w3.org/2001/XMLSchema">RL_hip</Value></Attribute></Attributes><ChildElements/><ElementName>child</ElementName><required>true</required><NameAttribute z:Ref="i514"/></URDFElement><URDFElement z:Id="i515" i:type="Axis"><Attributes><Attribute z:Id="i516"><AttributeType>xyz</AttributeType><IsRequired>true</IsRequired><Value i:type="a:ArrayOfdouble" xmlns:a="http://schemas.microsoft.com/2003/10/Serialization/Arrays"><a:double>-1</a:double><a:double>0</a:double><a:double>0</a:double></Value></Attribute></Attributes><ChildElements/><ElementName>axis</ElementName><required>false</required><XYZAttribute z:Ref="i516"/></URDFElement><URDFElement z:Id="i517" i:type="Limit"><Attributes><Attribute z:Id="i518"><AttributeType>lower</AttributeType><IsRequired>true</IsRequired><Value i:type="a:double" xmlns:a="http://www.w3.org/2001/XMLSchema">0</Value></Attribute><Attribute z:Id="i519"><AttributeType>upper</AttributeType><IsRequired>true</IsRequired><Value i:type="a:double" xmlns:a="http://www.w3.org/2001/XMLSchema">0</Value></Attribute><Attribute z:Id="i520"><AttributeType>effort</AttributeType><IsRequired>true</IsRequired><Value i:type="a:double" xmlns:a="http://www.w3.org/2001/XMLSchema">0</Value></Attribute><Attribute z:Id="i521"><AttributeType>velocity</AttributeType><IsRequired>true</IsRequired><Value i:type="a:double" xmlns:a="http://www.w3.org/2001/XMLSchema">0</Value></Attribute></Attributes><ChildElements/><ElementName>limit</ElementName><required>true</required><EffortAttribute z:Ref="i520"/><LowerAttribute z:Ref="i518"/><UpperAttribute z:Ref="i519"/><VelocityAttribute z:Ref="i521"/></URDFElement><URDFElement z:Id="i522" i:type="Calibration"><Attributes><Attribute z:Id="i523"><AttributeType>rising</AttributeType><IsRequired>false</IsRequired><Value i:nil="true"/></Attribute><Attribute z:Id="i524"><AttributeType>falling</AttributeType><IsRequired>false</IsRequired><Value i:nil="true"/></Attribute></Attributes><ChildElements/><ElementName>calibration</ElementName><required>false</required><FallingAttribute z:Ref="i524"/><RisingAttribute z:Ref="i523"/></URDFElement><URDFElement z:Id="i525" i:type="Dynamics"><Attributes><Attribute z:Id="i526"><AttributeType>damping</AttributeType><IsRequired>false</IsRequired><Value i:nil="true"/></Attribute><Attribute z:Id="i527"><AttributeType>friction</AttributeType><IsRequired>false</IsRequired><Value i:nil="true"/></Attribute></Attributes><ChildElements/><ElementName>dynamics</ElementName><required>false</required><DampingAttribute z:Ref="i526"/><FrictionAttribute z:Ref="i527"/></URDFElement><URDFElement z:Id="i528" i:type="SafetyController"><Attributes><Attribute z:Id="i529"><AttributeType>soft_upper_limit</AttributeType><IsRequired>false</IsRequired><Value i:nil="true"/></Attribute><Attribute z:Id="i530"><AttributeType>soft_lower_limit</AttributeType><IsRequired>false</IsRequired><Value i:nil="true"/></Attribute><Attribute z:Id="i531"><AttributeType>k_position</AttributeType><IsRequired>false</IsRequired><Value i:nil="true"/></Attribute><Attribute z:Id="i532"><AttributeType>k_velocity</AttributeType><IsRequired>true</IsRequired><Value i:nil="true"/></Attribute></Attributes><ChildElements/><ElementName>safety_controller</ElementName><required>false</required><KPositionAttribute z:Ref="i531"/><KVelocityAttribute z:Ref="i532"/><SoftLowerAttribute z:Ref="i530"/><SoftUpperAttribute z:Ref="i529"/></URDFElement><URDFElement z:Id="i533" i:type="Mimic"><Attributes><Attribute z:Id="i534"><AttributeType>joint</AttributeType><IsRequired>true</IsRequired><Value i:nil="true"/></Attribute><Attribute z:Id="i535"><AttributeType>multiplier</AttributeType><IsRequired>false</IsRequired><Value i:nil="true"/></Attribute><Attribute z:Id="i536"><AttributeType>offset</AttributeType><IsRequired>false</IsRequired><Value i:nil="true"/></Attribute></Attributes><ChildElements/><ElementName>mimic</ElementName><required>false</required><JointNameAttribute z:Ref="i534"/><MultiplierAttribute z:Ref="i535"/><OffsetAttribute z:Ref="i536"/></URDFElement></ChildElements><ElementName>joint</ElementName><required>false</required><Axis z:Ref="i515"/><AxisName>RL_hip_axis</AxisName><Calibration z:Ref="i522"/><Child z:Ref="i513"/><CoordinateSystemName>RL_hip_Coordinate System</CoordinateSystemName><Dynamics z:Ref="i525"/><Limit z:Ref="i517"/><Mimic z:Ref="i533"/><NameAttribute z:Ref="i506"/><Origin z:Ref="i508"/><Parent z:Ref="i511"/><Safety z:Ref="i528"/><TypeAttribute z:Ref="i507"/></URDFElement></ChildElements><ElementName>link</ElementName><required>true</required><Children><Link z:Id="i537"><Attributes><Attribute z:Id="i538"><AttributeType>name</AttributeType><IsRequired>true</IsRequired><Value i:type="a:string" xmlns:a="http://www.w3.org/2001/XMLSchema">RL_thigh</Value></Attribute></Attributes><ChildElements><URDFElement z:Id="i539" i:type="Inertial"><Attributes/><ChildElements><URDFElement z:Id="i540" i:type="Origin"><Attributes><Attribute z:Id="i541"><AttributeType>xyz</AttributeType><IsRequired>true</IsRequired><Value i:type="a:ArrayOfdouble" xmlns:a="http://schemas.microsoft.com/2003/10/Serialization/Arrays"><a:double>-0.00060561656977695111</a:double><a:double>0.033789057814668427</a:double><a:double>-0.03464165520142426</a:double></Value></Attribute><Attribute z:Id="i542"><AttributeType>rpy</AttributeType><IsRequired>true</IsRequired><Value i:type="a:ArrayOfdouble" xmlns:a="http://schemas.microsoft.com/2003/10/Serialization/Arrays"><a:double>0</a:double><a:double>0</a:double><a:double>0</a:double></Value></Attribute></Attributes><ChildElements/><ElementName>origin</ElementName><required>false</required><RPYAttribute z:Ref="i542"/><XYZAttribute z:Ref="i541"/><isCustomized>false</isCustomized></URDFElement><URDFElement z:Id="i543" i:type="Mass"><Attributes><Attribute z:Id="i544"><AttributeType>value</AttributeType><IsRequired>true</IsRequired><Value i:type="a:double" xmlns:a="http://www.w3.org/2001/XMLSchema">0.767995666672362</Value></Attribute></Attributes><ChildElements/><ElementName>mass</ElementName><required>false</required><ValueAttribute z:Ref="i544"/></URDFElement><URDFElement z:Id="i545" i:type="Inertia"><Attributes><Attribute z:Id="i546"><AttributeType>ixx</AttributeType><IsRequired>true</IsRequired><Value i:type="a:double" xmlns:a="http://www.w3.org/2001/XMLSchema">0.0027035101011315542</Value></Attribute><Attribute z:Id="i547"><AttributeType>ixy</AttributeType><IsRequired>true</IsRequired><Value i:type="a:double" xmlns:a="http://www.w3.org/2001/XMLSchema">-6.1942485330895431E-07</Value></Attribute><Attribute z:Id="i548"><AttributeType>ixz</AttributeType><IsRequired>true</IsRequired><Value i:type="a:double" xmlns:a="http://www.w3.org/2001/XMLSchema">-5.5615916709620819E-05</Value></Attribute><Attribute z:Id="i549"><AttributeType>iyy</AttributeType><IsRequired>true</IsRequired><Value i:type="a:double" xmlns:a="http://www.w3.org/2001/XMLSchema">0.003166530980392069</Value></Attribute><Attribute z:Id="i550"><AttributeType>iyz</AttributeType><IsRequired>true</IsRequired><Value i:type="a:double" xmlns:a="http://www.w3.org/2001/XMLSchema">7.276259413903382E-07</Value></Attribute><Attribute z:Id="i551"><AttributeType>izz</AttributeType><IsRequired>true</IsRequired><Value i:type="a:double" xmlns:a="http://www.w3.org/2001/XMLSchema">0.00048678603228100226</Value></Attribute></Attributes><ChildElements/><ElementName>inertia</ElementName><required>false</required><IxxAttribute z:Ref="i546"/><IxyAttribute z:Ref="i547"/><IxzAttribute z:Ref="i548"/><IyyAttribute z:Ref="i549"/><IyzAttribute z:Ref="i550"/><IzzAttribute z:Ref="i551"/></URDFElement></ChildElements><ElementName>inertial</ElementName><required>false</required><Inertia z:Ref="i545"/><Mass z:Ref="i543"/><Origin z:Ref="i540"/></URDFElement><URDFElement z:Id="i552" i:type="Visual"><Attributes/><ChildElements><URDFElement z:Id="i553" i:type="Origin"><Attributes><Attribute z:Id="i554"><AttributeType>xyz</AttributeType><IsRequired>true</IsRequired><Value i:type="a:ArrayOfdouble" xmlns:a="http://schemas.microsoft.com/2003/10/Serialization/Arrays"><a:double>0</a:double><a:double>0</a:double><a:double>0</a:double></Value></Attribute><Attribute z:Id="i555"><AttributeType>rpy</AttributeType><IsRequired>true</IsRequired><Value i:type="a:ArrayOfdouble" xmlns:a="http://schemas.microsoft.com/2003/10/Serialization/Arrays"><a:double>0</a:double><a:double>0</a:double><a:double>0</a:double></Value></Attribute></Attributes><ChildElements/><ElementName>origin</ElementName><required>false</required><RPYAttribute z:Ref="i555"/><XYZAttribute z:Ref="i554"/><isCustomized>false</isCustomized></URDFElement><URDFElement z:Id="i556" i:type="Geometry"><Attributes/><ChildElements><URDFElement z:Id="i557" i:type="Mesh"><Attributes><Attribute z:Id="i558"><AttributeType>filename</AttributeType><IsRequired>true</IsRequired><Value i:nil="true"/></Attribute></Attributes><ChildElements/><ElementName>mesh</ElementName><required>false</required><FilenameAttribute z:Ref="i558"/></URDFElement></ChildElements><ElementName>geometry</ElementName><required>true</required><Mesh z:Ref="i557"/></URDFElement><URDFElement z:Id="i559" i:type="Material"><Attributes><Attribute z:Id="i560"><AttributeType>name</AttributeType><IsRequired>true</IsRequired><Value i:type="a:string" xmlns:a="http://www.w3.org/2001/XMLSchema"/></Attribute></Attributes><ChildElements><URDFElement z:Id="i561" i:type="Color"><Attributes><Attribute z:Id="i562"><AttributeType>rgba</AttributeType><IsRequired>true</IsRequired><Value i:type="a:ArrayOfdouble" xmlns:a="http://schemas.microsoft.com/2003/10/Serialization/Arrays"><a:double>0.64313725490196072</a:double><a:double>0.615686274509804</a:double><a:double>0.6</a:double><a:double>1</a:double></Value></Attribute></Attributes><ChildElements/><ElementName>color</ElementName><required>false</required><RGBAAttribute z:Ref="i562"/></URDFElement><URDFElement z:Id="i563" i:type="Texture"><Attributes><Attribute z:Id="i564"><AttributeType>filename</AttributeType><IsRequired>true</IsRequired><Value i:nil="true"/></Attribute></Attributes><ChildElements/><ElementName>texture</ElementName><required>false</required><FilenameAttribute z:Ref="i564"/><wFilename/></URDFElement></ChildElements><ElementName>material</ElementName><required>false</required><Color z:Ref="i561"/><NameAttribute z:Ref="i560"/><Texture z:Ref="i563"/></URDFElement></ChildElements><ElementName>visual</ElementName><required>false</required><Geometry z:Ref="i556"/><Material z:Ref="i559"/><Origin z:Ref="i553"/></URDFElement><URDFElement z:Id="i565" i:type="Collision"><Attributes/><ChildElements><URDFElement z:Id="i566" i:type="Origin"><Attributes><Attribute z:Id="i567"><AttributeType>xyz</AttributeType><IsRequired>true</IsRequired><Value i:type="a:ArrayOfdouble" xmlns:a="http://schemas.microsoft.com/2003/10/Serialization/Arrays"><a:double>0</a:double><a:double>0</a:double><a:double>0</a:double></Value></Attribute><Attribute z:Id="i568"><AttributeType>rpy</AttributeType><IsRequired>true</IsRequired><Value i:type="a:ArrayOfdouble" xmlns:a="http://schemas.microsoft.com/2003/10/Serialization/Arrays"><a:double>0</a:double><a:double>0</a:double><a:double>0</a:double></Value></Attribute></Attributes><ChildElements/><ElementName>origin</ElementName><required>false</required><RPYAttribute z:Ref="i568"/><XYZAttribute z:Ref="i567"/><isCustomized>false</isCustomized></URDFElement><URDFElement z:Id="i569" i:type="Geometry"><Attributes/><ChildElements><URDFElement z:Id="i570" i:type="Mesh"><Attributes><Attribute z:Id="i571"><AttributeType>filename</AttributeType><IsRequired>true</IsRequired><Value i:nil="true"/></Attribute></Attributes><ChildElements/><ElementName>mesh</ElementName><required>false</required><FilenameAttribute z:Ref="i571"/></URDFElement></ChildElements><ElementName>geometry</ElementName><required>true</required><Mesh z:Ref="i570"/></URDFElement></ChildElements><ElementName>collision</ElementName><required>false</required><Geometry z:Ref="i569"/><Origin z:Ref="i566"/></URDFElement><URDFElement z:Id="i572" i:type="Joint"><Attributes><Attribute z:Id="i573"><AttributeType>name</AttributeType><IsRequired>true</IsRequired><Value i:type="a:string" xmlns:a="http://www.w3.org/2001/XMLSchema">RL_thigh_joint</Value></Attribute><Attribute z:Id="i574"><AttributeType>type</AttributeType><IsRequired>true</IsRequired><Value i:type="a:string" xmlns:a="http://www.w3.org/2001/XMLSchema">revolute</Value></Attribute></Attributes><ChildElements><URDFElement z:Id="i575" i:type="Origin"><Attributes><Attribute z:Id="i576"><AttributeType>xyz</AttributeType><IsRequired>true</IsRequired><Value i:type="a:ArrayOfdouble" xmlns:a="http://schemas.microsoft.com/2003/10/Serialization/Arrays"><a:double>-0.05825</a:double><a:double>0.0186</a:double><a:double>0</a:double></Value></Attribute><Attribute z:Id="i577"><AttributeType>rpy</AttributeType><IsRequired>true</IsRequired><Value i:type="a:ArrayOfdouble" xmlns:a="http://schemas.microsoft.com/2003/10/Serialization/Arrays"><a:double>0</a:double><a:double>0</a:double><a:double>0</a:double></Value></Attribute></Attributes><ChildElements/><ElementName>origin</ElementName><required>false</required><RPYAttribute z:Ref="i577"/><XYZAttribute z:Ref="i576"/><isCustomized>false</isCustomized></URDFElement><URDFElement z:Id="i578" i:type="ParentLink"><Attributes><Attribute z:Id="i579"><AttributeType>link</AttributeType><IsRequired>true</IsRequired><Value i:type="a:string" xmlns:a="http://www.w3.org/2001/XMLSchema">RL_hip</Value></Attribute></Attributes><ChildElements/><ElementName>parent</ElementName><required>true</required><NameAttribute z:Ref="i579"/></URDFElement><URDFElement z:Id="i580" i:type="ChildLink"><Attributes><Attribute z:Id="i581"><AttributeType>link</AttributeType><IsRequired>true</IsRequired><Value i:type="a:string" xmlns:a="http://www.w3.org/2001/XMLSchema">RL_thigh</Value></Attribute></Attributes><ChildElements/><ElementName>child</ElementName><required>true</required><NameAttribute z:Ref="i581"/></URDFElement><URDFElement z:Id="i582" i:type="Axis"><Attributes><Attribute z:Id="i583"><AttributeType>xyz</AttributeType><IsRequired>true</IsRequired><Value i:type="a:ArrayOfdouble" xmlns:a="http://schemas.microsoft.com/2003/10/Serialization/Arrays"><a:double>0</a:double><a:double>1</a:double><a:double>0</a:double></Value></Attribute></Attributes><ChildElements/><ElementName>axis</ElementName><required>false</required><XYZAttribute z:Ref="i583"/></URDFElement><URDFElement z:Id="i584" i:type="Limit"><Attributes><Attribute z:Id="i585"><AttributeType>lower</AttributeType><IsRequired>true</IsRequired><Value i:type="a:double" xmlns:a="http://www.w3.org/2001/XMLSchema">0</Value></Attribute><Attribute z:Id="i586"><AttributeType>upper</AttributeType><IsRequired>true</IsRequired><Value i:type="a:double" xmlns:a="http://www.w3.org/2001/XMLSchema">0</Value></Attribute><Attribute z:Id="i587"><AttributeType>effort</AttributeType><IsRequired>true</IsRequired><Value i:type="a:double" xmlns:a="http://www.w3.org/2001/XMLSchema">0</Value></Attribute><Attribute z:Id="i588"><AttributeType>velocity</AttributeType><IsRequired>true</IsRequired><Value i:type="a:double" xmlns:a="http://www.w3.org/2001/XMLSchema">0</Value></Attribute></Attributes><ChildElements/><ElementName>limit</ElementName><required>true</required><EffortAttribute z:Ref="i587"/><LowerAttribute z:Ref="i585"/><UpperAttribute z:Ref="i586"/><VelocityAttribute z:Ref="i588"/></URDFElement><URDFElement z:Id="i589" i:type="Calibration"><Attributes><Attribute z:Id="i590"><AttributeType>rising</AttributeType><IsRequired>false</IsRequired><Value i:nil="true"/></Attribute><Attribute z:Id="i591"><AttributeType>falling</AttributeType><IsRequired>false</IsRequired><Value i:nil="true"/></Attribute></Attributes><ChildElements/><ElementName>calibration</ElementName><required>false</required><FallingAttribute z:Ref="i591"/><RisingAttribute z:Ref="i590"/></URDFElement><URDFElement z:Id="i592" i:type="Dynamics"><Attributes><Attribute z:Id="i593"><AttributeType>damping</AttributeType><IsRequired>false</IsRequired><Value i:nil="true"/></Attribute><Attribute z:Id="i594"><AttributeType>friction</AttributeType><IsRequired>false</IsRequired><Value i:nil="true"/></Attribute></Attributes><ChildElements/><ElementName>dynamics</ElementName><required>false</required><DampingAttribute z:Ref="i593"/><FrictionAttribute z:Ref="i594"/></URDFElement><URDFElement z:Id="i595" i:type="SafetyController"><Attributes><Attribute z:Id="i596"><AttributeType>soft_upper_limit</AttributeType><IsRequired>false</IsRequired><Value i:nil="true"/></Attribute><Attribute z:Id="i597"><AttributeType>soft_lower_limit</AttributeType><IsRequired>false</IsRequired><Value i:nil="true"/></Attribute><Attribute z:Id="i598"><AttributeType>k_position</AttributeType><IsRequired>false</IsRequired><Value i:nil="true"/></Attribute><Attribute z:Id="i599"><AttributeType>k_velocity</AttributeType><IsRequired>true</IsRequired><Value i:nil="true"/></Attribute></Attributes><ChildElements/><ElementName>safety_controller</ElementName><required>false</required><KPositionAttribute z:Ref="i598"/><KVelocityAttribute z:Ref="i599"/><SoftLowerAttribute z:Ref="i597"/><SoftUpperAttribute z:Ref="i596"/></URDFElement><URDFElement z:Id="i600" i:type="Mimic"><Attributes><Attribute z:Id="i601"><AttributeType>joint</AttributeType><IsRequired>true</IsRequired><Value i:nil="true"/></Attribute><Attribute z:Id="i602"><AttributeType>multiplier</AttributeType><IsRequired>false</IsRequired><Value i:nil="true"/></Attribute><Attribute z:Id="i603"><AttributeType>offset</AttributeType><IsRequired>false</IsRequired><Value i:nil="true"/></Attribute></Attributes><ChildElements/><ElementName>mimic</ElementName><required>false</required><JointNameAttribute z:Ref="i601"/><MultiplierAttribute z:Ref="i602"/><OffsetAttribute z:Ref="i603"/></URDFElement></ChildElements><ElementName>joint</ElementName><required>false</required><Axis z:Ref="i582"/><AxisName>RL_thigh_axis</AxisName><Calibration z:Ref="i589"/><Child z:Ref="i580"/><CoordinateSystemName>RL_thigh_Coordinate System</CoordinateSystemName><Dynamics z:Ref="i592"/><Limit z:Ref="i584"/><Mimic z:Ref="i600"/><NameAttribute z:Ref="i573"/><Origin z:Ref="i575"/><Parent z:Ref="i578"/><Safety z:Ref="i595"/><TypeAttribute z:Ref="i574"/></URDFElement></ChildElements><ElementName>link</ElementName><required>true</required><Children><Link z:Id="i604"><Attributes><Attribute z:Id="i605"><AttributeType>name</AttributeType><IsRequired>true</IsRequired><Value i:type="a:string" xmlns:a="http://www.w3.org/2001/XMLSchema">RL_calf</Value></Attribute></Attributes><ChildElements><URDFElement z:Id="i606" i:type="Inertial"><Attributes/><ChildElements><URDFElement z:Id="i607" i:type="Origin"><Attributes><Attribute z:Id="i608"><AttributeType>xyz</AttributeType><IsRequired>true</IsRequired><Value i:type="a:ArrayOfdouble" xmlns:a="http://schemas.microsoft.com/2003/10/Serialization/Arrays"><a:double>0.0063129932843730974</a:double><a:double>-2.4496200635326648E-05</a:double><a:double>-0.091768654493874169</a:double></Value></Attribute><Attribute z:Id="i609"><AttributeType>rpy</AttributeType><IsRequired>true</IsRequired><Value i:type="a:ArrayOfdouble" xmlns:a="http://schemas.microsoft.com/2003/10/Serialization/Arrays"><a:double>0</a:double><a:double>0</a:double><a:double>0</a:double></Value></Attribute></Attributes><ChildElements/><ElementName>origin</ElementName><required>false</required><RPYAttribute z:Ref="i609"/><XYZAttribute z:Ref="i608"/><isCustomized>false</isCustomized></URDFElement><URDFElement z:Id="i610" i:type="Mass"><Attributes><Attribute z:Id="i611"><AttributeType>value</AttributeType><IsRequired>true</IsRequired><Value i:type="a:double" xmlns:a="http://www.w3.org/2001/XMLSchema">0.2477992763499306</Value></Attribute></Attributes><ChildElements/><ElementName>mass</ElementName><required>false</required><ValueAttribute z:Ref="i611"/></URDFElement><URDFElement z:Id="i612" i:type="Inertia"><Attributes><Attribute z:Id="i613"><AttributeType>ixx</AttributeType><IsRequired>true</IsRequired><Value i:type="a:double" xmlns:a="http://www.w3.org/2001/XMLSchema">0.000559369450508884</Value></Attribute><Attribute z:Id="i614"><AttributeType>ixy</AttributeType><IsRequired>true</IsRequired><Value i:type="a:double" xmlns:a="http://www.w3.org/2001/XMLSchema">7.2776729077305536E-09</Value></Attribute><Attribute z:Id="i615"><AttributeType>ixz</AttributeType><IsRequired>true</IsRequired><Value i:type="a:double" xmlns:a="http://www.w3.org/2001/XMLSchema">3.1927590651445635E-05</Value></Attribute><Attribute z:Id="i616"><AttributeType>iyy</AttributeType><IsRequired>true</IsRequired><Value i:type="a:double" xmlns:a="http://www.w3.org/2001/XMLSchema">0.00057994341943448462</Value></Attribute><Attribute z:Id="i617"><AttributeType>iyz</AttributeType><IsRequired>true</IsRequired><Value i:type="a:double" xmlns:a="http://www.w3.org/2001/XMLSchema">5.9037738839712238E-08</Value></Attribute><Attribute z:Id="i618"><AttributeType>izz</AttributeType><IsRequired>true</IsRequired><Value i:type="a:double" xmlns:a="http://www.w3.org/2001/XMLSchema">2.4933612463864574E-05</Value></Attribute></Attributes><ChildElements/><ElementName>inertia</ElementName><required>false</required><IxxAttribute z:Ref="i613"/><IxyAttribute z:Ref="i614"/><IxzAttribute z:Ref="i615"/><IyyAttribute z:Ref="i616"/><IyzAttribute z:Ref="i617"/><IzzAttribute z:Ref="i618"/></URDFElement></ChildElements><ElementName>inertial</ElementName><required>false</required><Inertia z:Ref="i612"/><Mass z:Ref="i610"/><Origin z:Ref="i607"/></URDFElement><URDFElement z:Id="i619" i:type="Visual"><Attributes/><ChildElements><URDFElement z:Id="i620" i:type="Origin"><Attributes><Attribute z:Id="i621"><AttributeType>xyz</AttributeType><IsRequired>true</IsRequired><Value i:type="a:ArrayOfdouble" xmlns:a="http://schemas.microsoft.com/2003/10/Serialization/Arrays"><a:double>0</a:double><a:double>0</a:double><a:double>0</a:double></Value></Attribute><Attribute z:Id="i622"><AttributeType>rpy</AttributeType><IsRequired>true</IsRequired><Value i:type="a:ArrayOfdouble" xmlns:a="http://schemas.microsoft.com/2003/10/Serialization/Arrays"><a:double>0</a:double><a:double>0</a:double><a:double>0</a:double></Value></Attribute></Attributes><ChildElements/><ElementName>origin</ElementName><required>false</required><RPYAttribute z:Ref="i622"/><XYZAttribute z:Ref="i621"/><isCustomized>false</isCustomized></URDFElement><URDFElement z:Id="i623" i:type="Geometry"><Attributes/><ChildElements><URDFElement z:Id="i624" i:type="Mesh"><Attributes><Attribute z:Id="i625"><AttributeType>filename</AttributeType><IsRequired>true</IsRequired><Value i:nil="true"/></Attribute></Attributes><ChildElements/><ElementName>mesh</ElementName><required>false</required><FilenameAttribute z:Ref="i625"/></URDFElement></ChildElements><ElementName>geometry</ElementName><required>true</required><Mesh z:Ref="i624"/></URDFElement><URDFElement z:Id="i626" i:type="Material"><Attributes><Attribute z:Id="i627"><AttributeType>name</AttributeType><IsRequired>true</IsRequired><Value i:type="a:string" xmlns:a="http://www.w3.org/2001/XMLSchema"/></Attribute></Attributes><ChildElements><URDFElement z:Id="i628" i:type="Color"><Attributes><Attribute z:Id="i629"><AttributeType>rgba</AttributeType><IsRequired>true</IsRequired><Value i:type="a:ArrayOfdouble" xmlns:a="http://schemas.microsoft.com/2003/10/Serialization/Arrays"><a:double>0.89803921568627454</a:double><a:double>0.91764705882352937</a:double><a:double>0.92941176470588238</a:double><a:double>1</a:double></Value></Attribute></Attributes><ChildElements/><ElementName>color</ElementName><required>false</required><RGBAAttribute z:Ref="i629"/></URDFElement><URDFElement z:Id="i630" i:type="Texture"><Attributes><Attribute z:Id="i631"><AttributeType>filename</AttributeType><IsRequired>true</IsRequired><Value i:nil="true"/></Attribute></Attributes><ChildElements/><ElementName>texture</ElementName><required>false</required><FilenameAttribute z:Ref="i631"/><wFilename/></URDFElement></ChildElements><ElementName>material</ElementName><required>false</required><Color z:Ref="i628"/><NameAttribute z:Ref="i627"/><Texture z:Ref="i630"/></URDFElement></ChildElements><ElementName>visual</ElementName><required>false</required><Geometry z:Ref="i623"/><Material z:Ref="i626"/><Origin z:Ref="i620"/></URDFElement><URDFElement z:Id="i632" i:type="Collision"><Attributes/><ChildElements><URDFElement z:Id="i633" i:type="Origin"><Attributes><Attribute z:Id="i634"><AttributeType>xyz</AttributeType><IsRequired>true</IsRequired><Value i:type="a:ArrayOfdouble" xmlns:a="http://schemas.microsoft.com/2003/10/Serialization/Arrays"><a:double>0</a:double><a:double>0</a:double><a:double>0</a:double></Value></Attribute><Attribute z:Id="i635"><AttributeType>rpy</AttributeType><IsRequired>true</IsRequired><Value i:type="a:ArrayOfdouble" xmlns:a="http://schemas.microsoft.com/2003/10/Serialization/Arrays"><a:double>0</a:double><a:double>0</a:double><a:double>0</a:double></Value></Attribute></Attributes><ChildElements/><ElementName>origin</ElementName><required>false</required><RPYAttribute z:Ref="i635"/><XYZAttribute z:Ref="i634"/><isCustomized>false</isCustomized></URDFElement><URDFElement z:Id="i636" i:type="Geometry"><Attributes/><ChildElements><URDFElement z:Id="i637" i:type="Mesh"><Attributes><Attribute z:Id="i638"><AttributeType>filename</AttributeType><IsRequired>true</IsRequired><Value i:nil="true"/></Attribute></Attributes><ChildElements/><ElementName>mesh</ElementName><required>false</required><FilenameAttribute z:Ref="i638"/></URDFElement></ChildElements><ElementName>geometry</ElementName><required>true</required><Mesh z:Ref="i637"/></URDFElement></ChildElements><ElementName>collision</ElementName><required>false</required><Geometry z:Ref="i636"/><Origin z:Ref="i633"/></URDFElement><URDFElement z:Id="i639" i:type="Joint"><Attributes><Attribute z:Id="i640"><AttributeType>name</AttributeType><IsRequired>true</IsRequired><Value i:type="a:string" xmlns:a="http://www.w3.org/2001/XMLSchema">RL_calf_joint</Value></Attribute><Attribute z:Id="i641"><AttributeType>type</AttributeType><IsRequired>true</IsRequired><Value i:type="a:string" xmlns:a="http://www.w3.org/2001/XMLSchema">revolute</Value></Attribute></Attributes><ChildElements><URDFElement z:Id="i642" i:type="Origin"><Attributes><Attribute z:Id="i643"><AttributeType>xyz</AttributeType><IsRequired>true</IsRequired><Value i:type="a:ArrayOfdouble" xmlns:a="http://schemas.microsoft.com/2003/10/Serialization/Arrays"><a:double>0</a:double><a:double>0.0572</a:double><a:double>-0.21</a:double></Value></Attribute><Attribute z:Id="i644"><AttributeType>rpy</AttributeType><IsRequired>true</IsRequired><Value i:type="a:ArrayOfdouble" xmlns:a="http://schemas.microsoft.com/2003/10/Serialization/Arrays"><a:double>0</a:double><a:double>0</a:double><a:double>0</a:double></Value></Attribute></Attributes><ChildElements/><ElementName>origin</ElementName><required>false</required><RPYAttribute z:Ref="i644"/><XYZAttribute z:Ref="i643"/><isCustomized>false</isCustomized></URDFElement><URDFElement z:Id="i645" i:type="ParentLink"><Attributes><Attribute z:Id="i646"><AttributeType>link</AttributeType><IsRequired>true</IsRequired><Value i:type="a:string" xmlns:a="http://www.w3.org/2001/XMLSchema">RL_thigh</Value></Attribute></Attributes><ChildElements/><ElementName>parent</ElementName><required>true</required><NameAttribute z:Ref="i646"/></URDFElement><URDFElement z:Id="i647" i:type="ChildLink"><Attributes><Attribute z:Id="i648"><AttributeType>link</AttributeType><IsRequired>true</IsRequired><Value i:type="a:string" xmlns:a="http://www.w3.org/2001/XMLSchema">RL_calf</Value></Attribute></Attributes><ChildElements/><ElementName>child</ElementName><required>true</required><NameAttribute z:Ref="i648"/></URDFElement><URDFElement z:Id="i649" i:type="Axis"><Attributes><Attribute z:Id="i650"><AttributeType>xyz</AttributeType><IsRequired>true</IsRequired><Value i:type="a:ArrayOfdouble" xmlns:a="http://schemas.microsoft.com/2003/10/Serialization/Arrays"><a:double>0</a:double><a:double>1</a:double><a:double>0</a:double></Value></Attribute></Attributes><ChildElements/><ElementName>axis</ElementName><required>false</required><XYZAttribute z:Ref="i650"/></URDFElement><URDFElement z:Id="i651" i:type="Limit"><Attributes><Attribute z:Id="i652"><AttributeType>lower</AttributeType><IsRequired>true</IsRequired><Value i:type="a:double" xmlns:a="http://www.w3.org/2001/XMLSchema">0</Value></Attribute><Attribute z:Id="i653"><AttributeType>upper</AttributeType><IsRequired>true</IsRequired><Value i:type="a:double" xmlns:a="http://www.w3.org/2001/XMLSchema">0</Value></Attribute><Attribute z:Id="i654"><AttributeType>effort</AttributeType><IsRequired>true</IsRequired><Value i:type="a:double" xmlns:a="http://www.w3.org/2001/XMLSchema">0</Value></Attribute><Attribute z:Id="i655"><AttributeType>velocity</AttributeType><IsRequired>true</IsRequired><Value i:type="a:double" xmlns:a="http://www.w3.org/2001/XMLSchema">0</Value></Attribute></Attributes><ChildElements/><ElementName>limit</ElementName><required>true</required><EffortAttribute z:Ref="i654"/><LowerAttribute z:Ref="i652"/><UpperAttribute z:Ref="i653"/><VelocityAttribute z:Ref="i655"/></URDFElement><URDFElement z:Id="i656" i:type="Calibration"><Attributes><Attribute z:Id="i657"><AttributeType>rising</AttributeType><IsRequired>false</IsRequired><Value i:nil="true"/></Attribute><Attribute z:Id="i658"><AttributeType>falling</AttributeType><IsRequired>false</IsRequired><Value i:nil="true"/></Attribute></Attributes><ChildElements/><ElementName>calibration</ElementName><required>false</required><FallingAttribute z:Ref="i658"/><RisingAttribute z:Ref="i657"/></URDFElement><URDFElement z:Id="i659" i:type="Dynamics"><Attributes><Attribute z:Id="i660"><AttributeType>damping</AttributeType><IsRequired>false</IsRequired><Value i:nil="true"/></Attribute><Attribute z:Id="i661"><AttributeType>friction</AttributeType><IsRequired>false</IsRequired><Value i:nil="true"/></Attribute></Attributes><ChildElements/><ElementName>dynamics</ElementName><required>false</required><DampingAttribute z:Ref="i660"/><FrictionAttribute z:Ref="i661"/></URDFElement><URDFElement z:Id="i662" i:type="SafetyController"><Attributes><Attribute z:Id="i663"><AttributeType>soft_upper_limit</AttributeType><IsRequired>false</IsRequired><Value i:nil="true"/></Attribute><Attribute z:Id="i664"><AttributeType>soft_lower_limit</AttributeType><IsRequired>false</IsRequired><Value i:nil="true"/></Attribute><Attribute z:Id="i665"><AttributeType>k_position</AttributeType><IsRequired>false</IsRequired><Value i:nil="true"/></Attribute><Attribute z:Id="i666"><AttributeType>k_velocity</AttributeType><IsRequired>true</IsRequired><Value i:nil="true"/></Attribute></Attributes><ChildElements/><ElementName>safety_controller</ElementName><required>false</required><KPositionAttribute z:Ref="i665"/><KVelocityAttribute z:Ref="i666"/><SoftLowerAttribute z:Ref="i664"/><SoftUpperAttribute z:Ref="i663"/></URDFElement><URDFElement z:Id="i667" i:type="Mimic"><Attributes><Attribute z:Id="i668"><AttributeType>joint</AttributeType><IsRequired>true</IsRequired><Value i:nil="true"/></Attribute><Attribute z:Id="i669"><AttributeType>multiplier</AttributeType><IsRequired>false</IsRequired><Value i:nil="true"/></Attribute><Attribute z:Id="i670"><AttributeType>offset</AttributeType><IsRequired>false</IsRequired><Value i:nil="true"/></Attribute></Attributes><ChildElements/><ElementName>mimic</ElementName><required>false</required><JointNameAttribute z:Ref="i668"/><MultiplierAttribute z:Ref="i669"/><OffsetAttribute z:Ref="i670"/></URDFElement></ChildElements><ElementName>joint</ElementName><required>false</required><Axis z:Ref="i649"/><AxisName>RL_calf_axis</AxisName><Calibration z:Ref="i656"/><Child z:Ref="i647"/><CoordinateSystemName>RL_calf_Coordinate System</CoordinateSystemName><Dynamics z:Ref="i659"/><Limit z:Ref="i651"/><Mimic z:Ref="i667"/><NameAttribute z:Ref="i640"/><Origin z:Ref="i642"/><Parent z:Ref="i645"/><Safety z:Ref="i662"/><TypeAttribute z:Ref="i641"/></URDFElement></ChildElements><ElementName>link</ElementName><required>true</required><Children/><Collision z:Ref="i632"/><Inertial z:Ref="i606"/><Joint z:Ref="i639"/><NameAttribute z:Ref="i605"/><Parent z:Ref="i537"/><STLQualityFine>false</STLQualityFine><SWComponentPIDs xmlns:a="http://schemas.microsoft.com/2003/10/Serialization/Arrays"><a:base64Binary>aEIAAAUAAAD//v8TD1x/gS1O9JXyZr9+LQA2ADAANgAxAC0ANQBAAHRl13LFiE2RU08EAAAAEAAAAAEAAAABAAAAWQMAAA==</a:base64Binary><a:base64Binary>aEIAAAUAAAD//v8WD1x/gRZZp0/yZr9+LQBclc9QLQA2ADAANgAxAC0ANQBAAHRl13LFiE2RU08EAAAAEAAAAAEAAAABAAAAWgMAAA==</a:base64Binary><a:base64Binary>aEIAAAUAAAD//v8TD1x/gRZZp0/yZr9+LQA2ADAANgAxAC0ANQBAAHRl13LFiE2RU08EAAAAEAAAAAEAAAABAAAAWwMAAA==</a:base64Binary><a:base64Binary>aEIAAAUAAAD//v8ND1x/gXCZf2cyAC0AMQBAAHRl13LFiE2RU08EAAAAEAAAAAEAAAABAAAAzQQAAA==</a:base64Binary><a:base64Binary>aEIAAAUAAAD//v8Ns43velNicFP2Ti0AMQBAAHRl13LFiE2RU08EAAAAEAAAAAEAAAABAAAAvAQAAA==</a:base64Binary><a:base64Binary>aEIAAAUAAAD//v8MRXj2gLON73otADIAQAB0ZddyxYhNkVNPBAAAABAAAAABAAAAAQAAAPgEAAA=</a:base64Binary><a:base64Binary>aEIAAAUAAAD//v8ND1x/gXCZf2cxAC0AMQBAAHRl13LFiE2RU08EAAAAEAAAAAEAAAABAAAAxwQAAA==</a:base64Binary></SWComponentPIDs><SWMainComponentPID i:nil="true"/><Visual z:Ref="i619"/><isFixedFrame>false</isFixedFrame><isIncomplete>false</isIncomplete></Link></Children><Collision z:Ref="i565"/><Inertial z:Ref="i539"/><Joint z:Ref="i572"/><NameAttribute z:Ref="i538"/><Parent z:Ref="i470"/><STLQualityFine>false</STLQualityFine><SWComponentPIDs xmlns:a="http://schemas.microsoft.com/2003/10/Serialization/Arrays"><a:base64Binary>aEIAAAUAAAD//v8ZRwBPAC0ATQA4ADAAMQAwAC0ANgA1dTpnMwBEACFqi1ctADEAMQBAAHRl13LFiE2RU08EAAAAEAAAAAEAAAABAAAAGAEAAA==</a:base64Binary><a:base64Binary>aEIAAAUAAAD//v8UJ1l/gYVRp08tADYAMAA2ADEALQDmXadPLQAyAEAAdGXXcsWITZFTTwQAAAAQAAAAAQAAAAEAAABWAwAA</a:base64Binary><a:base64Binary>aEIAAAUAAAD//v8SJ1l/gVNicFP2Ti0AXJXPUOZdp08tADIAQAB0ZddyxYhNkVNPBAAAABAAAAABAAAAAQAAAFcDAAA=</a:base64Binary><a:base64Binary>aEIAAAUAAAD//v8VJ1l/gRZZp08tADYAMAA2ADEALQAzAG0AbQAtADUAQAB0ZddyxYhNkVNPBAAAABAAAAABAAAAAQAAAFgDAAA=</a:base64Binary><a:base64Binary>aEIAAAUAAAD//v8YMgAtADMAc1GCgt6PpWP2Ti0A5l0OVC0ANgAwADYAMQAtADIAQAB0ZddyxYhNkVNPBAAAABAAAAABAAAAAQAAAKgEAAA=</a:base64Binary></SWComponentPIDs><SWMainComponentPID i:nil="true"/><Visual z:Ref="i552"/><isFixedFrame>false</isFixedFrame><isIncomplete>false</isIncomplete></Link></Children><Collision z:Ref="i498"/><Inertial z:Ref="i472"/><Joint z:Ref="i505"/><NameAttribute z:Ref="i471"/><Parent z:Ref="i1"/><STLQualityFine>false</STLQualityFine><SWComponentPIDs xmlns:a="http://schemas.microsoft.com/2003/10/Serialization/Arrays"><a:base64Binary>aEIAAAUAAAD//v8ZRwBPAC0ATQA4ADAAMQAwAC0ANgA1dTpnMwBEACFqi1ctADEAMgBAAHRl13LFiE2RU08EAAAAEAAAAAEAAAABAAAAGQEAAA==</a:base64Binary><a:base64Binary>aEIAAAUAAAD//v8Zy5pzUYKC3o+lY/ZOLQBVU2KXLQA2ADAANgAxAC0A5l0OVC0AMQBAAHRl13LFiE2RU08EAAAAEAAAAAEAAAABAAAADwMAAA==</a:base64Binary><a:base64Binary>aEIAAAUAAAD//v8SJ1l/gS0AD1x/gXNRgoJQlk1PV1ctADUAQAB0ZddyxYhNkVNPBAAAABAAAAABAAAAAQAAALIDAAA=</a:base64Binary></SWComponentPIDs><SWMainComponentPID i:nil="true"/><Visual z:Ref="i485"/><isFixedFrame>false</isFixedFrame><isIncomplete>false</isIncomplete></Link><Link z:Id="i671"><Attributes><Attribute z:Id="i672"><AttributeType>name</AttributeType><IsRequired>true</IsRequired><Value i:type="a:string" xmlns:a="http://www.w3.org/2001/XMLSchema">RR_hip</Value></Attribute></Attributes><ChildElements><URDFElement z:Id="i673" i:type="Inertial"><Attributes/><ChildElements><URDFElement z:Id="i674" i:type="Origin"><Attributes><Attribute z:Id="i675"><AttributeType>xyz</AttributeType><IsRequired>true</IsRequired><Value i:type="a:ArrayOfdouble" xmlns:a="http://schemas.microsoft.com/2003/10/Serialization/Arrays"><a:double>-0.058314157257065208</a:double><a:double>0.00085523239828218245</a:double><a:double>-9.8232643282777921E-05</a:double></Value></Attribute><Attribute z:Id="i676"><AttributeType>rpy</AttributeType><IsRequired>true</IsRequired><Value i:type="a:ArrayOfdouble" xmlns:a="http://schemas.microsoft.com/2003/10/Serialization/Arrays"><a:double>0</a:double><a:double>0</a:double><a:double>0</a:double></Value></Attribute></Attributes><ChildElements/><ElementName>origin</ElementName><required>false</required><RPYAttribute z:Ref="i676"/><XYZAttribute z:Ref="i675"/><isCustomized>false</isCustomized></URDFElement><URDFElement z:Id="i677" i:type="Mass"><Attributes><Attribute z:Id="i678"><AttributeType>value</AttributeType><IsRequired>true</IsRequired><Value i:type="a:double" xmlns:a="http://www.w3.org/2001/XMLSchema">0.19355153966926017</Value></Attribute></Attributes><ChildElements/><ElementName>mass</ElementName><required>false</required><ValueAttribute z:Ref="i678"/></URDFElement><URDFElement z:Id="i679" i:type="Inertia"><Attributes><Attribute z:Id="i680"><AttributeType>ixx</AttributeType><IsRequired>true</IsRequired><Value i:type="a:double" xmlns:a="http://www.w3.org/2001/XMLSchema">0.00011111842152959225</Value></Attribute><Attribute z:Id="i681"><AttributeType>ixy</AttributeType><IsRequired>true</IsRequired><Value i:type="a:double" xmlns:a="http://www.w3.org/2001/XMLSchema">-2.5287516299098222E-08</Value></Attribute><Attribute z:Id="i682"><AttributeType>ixz</AttributeType><IsRequired>true</IsRequired><Value i:type="a:double" xmlns:a="http://www.w3.org/2001/XMLSchema">3.6294121855137336E-07</Value></Attribute><Attribute z:Id="i683"><AttributeType>iyy</AttributeType><IsRequired>true</IsRequired><Value i:type="a:double" xmlns:a="http://www.w3.org/2001/XMLSchema">0.00021217812294279173</Value></Attribute><Attribute z:Id="i684"><AttributeType>iyz</AttributeType><IsRequired>true</IsRequired><Value i:type="a:double" xmlns:a="http://www.w3.org/2001/XMLSchema">-3.0639885334031071E-08</Value></Attribute><Attribute z:Id="i685"><AttributeType>izz</AttributeType><IsRequired>true</IsRequired><Value i:type="a:double" xmlns:a="http://www.w3.org/2001/XMLSchema">0.00011492305076321836</Value></Attribute></Attributes><ChildElements/><ElementName>inertia</ElementName><required>false</required><IxxAttribute z:Ref="i680"/><IxyAttribute z:Ref="i681"/><IxzAttribute z:Ref="i682"/><IyyAttribute z:Ref="i683"/><IyzAttribute z:Ref="i684"/><IzzAttribute z:Ref="i685"/></URDFElement></ChildElements><ElementName>inertial</ElementName><required>false</required><Inertia z:Ref="i679"/><Mass z:Ref="i677"/><Origin z:Ref="i674"/></URDFElement><URDFElement z:Id="i686" i:type="Visual"><Attributes/><ChildElements><URDFElement z:Id="i687" i:type="Origin"><Attributes><Attribute z:Id="i688"><AttributeType>xyz</AttributeType><IsRequired>true</IsRequired><Value i:type="a:ArrayOfdouble" xmlns:a="http://schemas.microsoft.com/2003/10/Serialization/Arrays"><a:double>0</a:double><a:double>0</a:double><a:double>0</a:double></Value></Attribute><Attribute z:Id="i689"><AttributeType>rpy</AttributeType><IsRequired>true</IsRequired><Value i:type="a:ArrayOfdouble" xmlns:a="http://schemas.microsoft.com/2003/10/Serialization/Arrays"><a:double>0</a:double><a:double>0</a:double><a:double>0</a:double></Value></Attribute></Attributes><ChildElements/><ElementName>origin</ElementName><required>false</required><RPYAttribute z:Ref="i689"/><XYZAttribute z:Ref="i688"/><isCustomized>false</isCustomized></URDFElement><URDFElement z:Id="i690" i:type="Geometry"><Attributes/><ChildElements><URDFElement z:Id="i691" i:type="Mesh"><Attributes><Attribute z:Id="i692"><AttributeType>filename</AttributeType><IsRequired>true</IsRequired><Value i:nil="true"/></Attribute></Attributes><ChildElements/><ElementName>mesh</ElementName><required>false</required><FilenameAttribute z:Ref="i692"/></URDFElement></ChildElements><ElementName>geometry</ElementName><required>true</required><Mesh z:Ref="i691"/></URDFElement><URDFElement z:Id="i693" i:type="Material"><Attributes><Attribute z:Id="i694"><AttributeType>name</AttributeType><IsRequired>true</IsRequired><Value i:type="a:string" xmlns:a="http://www.w3.org/2001/XMLSchema"/></Attribute></Attributes><ChildElements><URDFElement z:Id="i695" i:type="Color"><Attributes><Attribute z:Id="i696"><AttributeType>rgba</AttributeType><IsRequired>true</IsRequired><Value i:type="a:ArrayOfdouble" xmlns:a="http://schemas.microsoft.com/2003/10/Serialization/Arrays"><a:double>0.64313725490196072</a:double><a:double>0.615686274509804</a:double><a:double>0.6</a:double><a:double>1</a:double></Value></Attribute></Attributes><ChildElements/><ElementName>color</ElementName><required>false</required><RGBAAttribute z:Ref="i696"/></URDFElement><URDFElement z:Id="i697" i:type="Texture"><Attributes><Attribute z:Id="i698"><AttributeType>filename</AttributeType><IsRequired>true</IsRequired><Value i:nil="true"/></Attribute></Attributes><ChildElements/><ElementName>texture</ElementName><required>false</required><FilenameAttribute z:Ref="i698"/><wFilename/></URDFElement></ChildElements><ElementName>material</ElementName><required>false</required><Color z:Ref="i695"/><NameAttribute z:Ref="i694"/><Texture z:Ref="i697"/></URDFElement></ChildElements><ElementName>visual</ElementName><required>false</required><Geometry z:Ref="i690"/><Material z:Ref="i693"/><Origin z:Ref="i687"/></URDFElement><URDFElement z:Id="i699" i:type="Collision"><Attributes/><ChildElements><URDFElement z:Id="i700" i:type="Origin"><Attributes><Attribute z:Id="i701"><AttributeType>xyz</AttributeType><IsRequired>true</IsRequired><Value i:type="a:ArrayOfdouble" xmlns:a="http://schemas.microsoft.com/2003/10/Serialization/Arrays"><a:double>0</a:double><a:double>0</a:double><a:double>0</a:double></Value></Attribute><Attribute z:Id="i702"><AttributeType>rpy</AttributeType><IsRequired>true</IsRequired><Value i:type="a:ArrayOfdouble" xmlns:a="http://schemas.microsoft.com/2003/10/Serialization/Arrays"><a:double>0</a:double><a:double>0</a:double><a:double>0</a:double></Value></Attribute></Attributes><ChildElements/><ElementName>origin</ElementName><required>false</required><RPYAttribute z:Ref="i702"/><XYZAttribute z:Ref="i701"/><isCustomized>false</isCustomized></URDFElement><URDFElement z:Id="i703" i:type="Geometry"><Attributes/><ChildElements><URDFElement z:Id="i704" i:type="Mesh"><Attributes><Attribute z:Id="i705"><AttributeType>filename</AttributeType><IsRequired>true</IsRequired><Value i:nil="true"/></Attribute></Attributes><ChildElements/><ElementName>mesh</ElementName><required>false</required><FilenameAttribute z:Ref="i705"/></URDFElement></ChildElements><ElementName>geometry</ElementName><required>true</required><Mesh z:Ref="i704"/></URDFElement></ChildElements><ElementName>collision</ElementName><required>false</required><Geometry z:Ref="i703"/><Origin z:Ref="i700"/></URDFElement><URDFElement z:Id="i706" i:type="Joint"><Attributes><Attribute z:Id="i707"><AttributeType>name</AttributeType><IsRequired>true</IsRequired><Value i:type="a:string" xmlns:a="http://www.w3.org/2001/XMLSchema">RR_hip_joint</Value></Attribute><Attribute z:Id="i708"><AttributeType>type</AttributeType><IsRequired>true</IsRequired><Value i:type="a:string" xmlns:a="http://www.w3.org/2001/XMLSchema">revolute</Value></Attribute></Attributes><ChildElements><URDFElement z:Id="i709" i:type="Origin"><Attributes><Attribute z:Id="i710"><AttributeType>xyz</AttributeType><IsRequired>true</IsRequired><Value i:type="a:ArrayOfdouble" xmlns:a="http://schemas.microsoft.com/2003/10/Serialization/Arrays"><a:double>-0.1366</a:double><a:double>-0.065</a:double><a:double>0</a:double></Value></Attribute><Attribute z:Id="i711"><AttributeType>rpy</AttributeType><IsRequired>true</IsRequired><Value i:type="a:ArrayOfdouble" xmlns:a="http://schemas.microsoft.com/2003/10/Serialization/Arrays"><a:double>0</a:double><a:double>0</a:double><a:double>0</a:double></Value></Attribute></Attributes><ChildElements/><ElementName>origin</ElementName><required>false</required><RPYAttribute z:Ref="i711"/><XYZAttribute z:Ref="i710"/><isCustomized>false</isCustomized></URDFElement><URDFElement z:Id="i712" i:type="ParentLink"><Attributes><Attribute z:Id="i713"><AttributeType>link</AttributeType><IsRequired>true</IsRequired><Value i:type="a:string" xmlns:a="http://www.w3.org/2001/XMLSchema">base</Value></Attribute></Attributes><ChildElements/><ElementName>parent</ElementName><required>true</required><NameAttribute z:Ref="i713"/></URDFElement><URDFElement z:Id="i714" i:type="ChildLink"><Attributes><Attribute z:Id="i715"><AttributeType>link</AttributeType><IsRequired>true</IsRequired><Value i:type="a:string" xmlns:a="http://www.w3.org/2001/XMLSchema">RR_hip</Value></Attribute></Attributes><ChildElements/><ElementName>child</ElementName><required>true</required><NameAttribute z:Ref="i715"/></URDFElement><URDFElement z:Id="i716" i:type="Axis"><Attributes><Attribute z:Id="i717"><AttributeType>xyz</AttributeType><IsRequired>true</IsRequired><Value i:type="a:ArrayOfdouble" xmlns:a="http://schemas.microsoft.com/2003/10/Serialization/Arrays"><a:double>-1</a:double><a:double>0</a:double><a:double>0</a:double></Value></Attribute></Attributes><ChildElements/><ElementName>axis</ElementName><required>false</required><XYZAttribute z:Ref="i717"/></URDFElement><URDFElement z:Id="i718" i:type="Limit"><Attributes><Attribute z:Id="i719"><AttributeType>lower</AttributeType><IsRequired>true</IsRequired><Value i:type="a:double" xmlns:a="http://www.w3.org/2001/XMLSchema">0</Value></Attribute><Attribute z:Id="i720"><AttributeType>upper</AttributeType><IsRequired>true</IsRequired><Value i:type="a:double" xmlns:a="http://www.w3.org/2001/XMLSchema">0</Value></Attribute><Attribute z:Id="i721"><AttributeType>effort</AttributeType><IsRequired>true</IsRequired><Value i:type="a:double" xmlns:a="http://www.w3.org/2001/XMLSchema">0</Value></Attribute><Attribute z:Id="i722"><AttributeType>velocity</AttributeType><IsRequired>true</IsRequired><Value i:type="a:double" xmlns:a="http://www.w3.org/2001/XMLSchema">0</Value></Attribute></Attributes><ChildElements/><ElementName>limit</ElementName><required>true</required><EffortAttribute z:Ref="i721"/><LowerAttribute z:Ref="i719"/><UpperAttribute z:Ref="i720"/><VelocityAttribute z:Ref="i722"/></URDFElement><URDFElement z:Id="i723" i:type="Calibration"><Attributes><Attribute z:Id="i724"><AttributeType>rising</AttributeType><IsRequired>false</IsRequired><Value i:nil="true"/></Attribute><Attribute z:Id="i725"><AttributeType>falling</AttributeType><IsRequired>false</IsRequired><Value i:nil="true"/></Attribute></Attributes><ChildElements/><ElementName>calibration</ElementName><required>false</required><FallingAttribute z:Ref="i725"/><RisingAttribute z:Ref="i724"/></URDFElement><URDFElement z:Id="i726" i:type="Dynamics"><Attributes><Attribute z:Id="i727"><AttributeType>damping</AttributeType><IsRequired>false</IsRequired><Value i:nil="true"/></Attribute><Attribute z:Id="i728"><AttributeType>friction</AttributeType><IsRequired>false</IsRequired><Value i:nil="true"/></Attribute></Attributes><ChildElements/><ElementName>dynamics</ElementName><required>false</required><DampingAttribute z:Ref="i727"/><FrictionAttribute z:Ref="i728"/></URDFElement><URDFElement z:Id="i729" i:type="SafetyController"><Attributes><Attribute z:Id="i730"><AttributeType>soft_upper_limit</AttributeType><IsRequired>false</IsRequired><Value i:nil="true"/></Attribute><Attribute z:Id="i731"><AttributeType>soft_lower_limit</AttributeType><IsRequired>false</IsRequired><Value i:nil="true"/></Attribute><Attribute z:Id="i732"><AttributeType>k_position</AttributeType><IsRequired>false</IsRequired><Value i:nil="true"/></Attribute><Attribute z:Id="i733"><AttributeType>k_velocity</AttributeType><IsRequired>true</IsRequired><Value i:nil="true"/></Attribute></Attributes><ChildElements/><ElementName>safety_controller</ElementName><required>false</required><KPositionAttribute z:Ref="i732"/><KVelocityAttribute z:Ref="i733"/><SoftLowerAttribute z:Ref="i731"/><SoftUpperAttribute z:Ref="i730"/></URDFElement><URDFElement z:Id="i734" i:type="Mimic"><Attributes><Attribute z:Id="i735"><AttributeType>joint</AttributeType><IsRequired>true</IsRequired><Value i:nil="true"/></Attribute><Attribute z:Id="i736"><AttributeType>multiplier</AttributeType><IsRequired>false</IsRequired><Value i:nil="true"/></Attribute><Attribute z:Id="i737"><AttributeType>offset</AttributeType><IsRequired>false</IsRequired><Value i:nil="true"/></Attribute></Attributes><ChildElements/><ElementName>mimic</ElementName><required>false</required><JointNameAttribute z:Ref="i735"/><MultiplierAttribute z:Ref="i736"/><OffsetAttribute z:Ref="i737"/></URDFElement></ChildElements><ElementName>joint</ElementName><required>false</required><Axis z:Ref="i716"/><AxisName>RR_hip_axis</AxisName><Calibration z:Ref="i723"/><Child z:Ref="i714"/><CoordinateSystemName>RR_hip_Coordinate System</CoordinateSystemName><Dynamics z:Ref="i726"/><Limit z:Ref="i718"/><Mimic z:Ref="i734"/><NameAttribute z:Ref="i707"/><Origin z:Ref="i709"/><Parent z:Ref="i712"/><Safety z:Ref="i729"/><TypeAttribute z:Ref="i708"/></URDFElement></ChildElements><ElementName>link</ElementName><required>true</required><Children><Link z:Id="i738"><Attributes><Attribute z:Id="i739"><AttributeType>name</AttributeType><IsRequired>true</IsRequired><Value i:type="a:string" xmlns:a="http://www.w3.org/2001/XMLSchema">RR_thigh</Value></Attribute></Attributes><ChildElements><URDFElement z:Id="i740" i:type="Inertial"><Attributes/><ChildElements><URDFElement z:Id="i741" i:type="Origin"><Attributes><Attribute z:Id="i742"><AttributeType>xyz</AttributeType><IsRequired>true</IsRequired><Value i:type="a:ArrayOfdouble" xmlns:a="http://schemas.microsoft.com/2003/10/Serialization/Arrays"><a:double>-0.0012194206917331696</a:double><a:double>-0.037132292322959518</a:double><a:double>-0.028843759914765468</a:double></Value></Attribute><Attribute z:Id="i743"><AttributeType>rpy</AttributeType><IsRequired>true</IsRequired><Value i:type="a:ArrayOfdouble" xmlns:a="http://schemas.microsoft.com/2003/10/Serialization/Arrays"><a:double>0</a:double><a:double>0</a:double><a:double>0</a:double></Value></Attribute></Attributes><ChildElements/><ElementName>origin</ElementName><required>false</required><RPYAttribute z:Ref="i743"/><XYZAttribute z:Ref="i742"/><isCustomized>false</isCustomized></URDFElement><URDFElement z:Id="i744" i:type="Mass"><Attributes><Attribute z:Id="i745"><AttributeType>value</AttributeType><IsRequired>true</IsRequired><Value i:type="a:double" xmlns:a="http://www.w3.org/2001/XMLSchema">0.59238128132792545</Value></Attribute></Attributes><ChildElements/><ElementName>mass</ElementName><required>false</required><ValueAttribute z:Ref="i745"/></URDFElement><URDFElement z:Id="i746" i:type="Inertia"><Attributes><Attribute z:Id="i747"><AttributeType>ixx</AttributeType><IsRequired>true</IsRequired><Value i:type="a:double" xmlns:a="http://www.w3.org/2001/XMLSchema">0.0017829983095806713</Value></Attribute><Attribute z:Id="i748"><AttributeType>ixy</AttributeType><IsRequired>true</IsRequired><Value i:type="a:double" xmlns:a="http://www.w3.org/2001/XMLSchema">-4.3130834451568519E-07</Value></Attribute><Attribute z:Id="i749"><AttributeType>ixz</AttributeType><IsRequired>true</IsRequired><Value i:type="a:double" xmlns:a="http://www.w3.org/2001/XMLSchema">-2.6476601642654478E-05</Value></Attribute><Attribute z:Id="i750"><AttributeType>iyy</AttributeType><IsRequired>true</IsRequired><Value i:type="a:double" xmlns:a="http://www.w3.org/2001/XMLSchema">0.0021336659205672707</Value></Attribute><Attribute z:Id="i751"><AttributeType>iyz</AttributeType><IsRequired>true</IsRequired><Value i:type="a:double" xmlns:a="http://www.w3.org/2001/XMLSchema">-5.4586672169388475E-07</Value></Attribute><Attribute z:Id="i752"><AttributeType>izz</AttributeType><IsRequired>true</IsRequired><Value i:type="a:double" xmlns:a="http://www.w3.org/2001/XMLSchema">0.00037178452713302143</Value></Attribute></Attributes><ChildElements/><ElementName>inertia</ElementName><required>false</required><IxxAttribute z:Ref="i747"/><IxyAttribute z:Ref="i748"/><IxzAttribute z:Ref="i749"/><IyyAttribute z:Ref="i750"/><IyzAttribute z:Ref="i751"/><IzzAttribute z:Ref="i752"/></URDFElement></ChildElements><ElementName>inertial</ElementName><required>false</required><Inertia z:Ref="i746"/><Mass z:Ref="i744"/><Origin z:Ref="i741"/></URDFElement><URDFElement z:Id="i753" i:type="Visual"><Attributes/><ChildElements><URDFElement z:Id="i754" i:type="Origin"><Attributes><Attribute z:Id="i755"><AttributeType>xyz</AttributeType><IsRequired>true</IsRequired><Value i:type="a:ArrayOfdouble" xmlns:a="http://schemas.microsoft.com/2003/10/Serialization/Arrays"><a:double>0</a:double><a:double>0</a:double><a:double>0</a:double></Value></Attribute><Attribute z:Id="i756"><AttributeType>rpy</AttributeType><IsRequired>true</IsRequired><Value i:type="a:ArrayOfdouble" xmlns:a="http://schemas.microsoft.com/2003/10/Serialization/Arrays"><a:double>0</a:double><a:double>0</a:double><a:double>0</a:double></Value></Attribute></Attributes><ChildElements/><ElementName>origin</ElementName><required>false</required><RPYAttribute z:Ref="i756"/><XYZAttribute z:Ref="i755"/><isCustomized>false</isCustomized></URDFElement><URDFElement z:Id="i757" i:type="Geometry"><Attributes/><ChildElements><URDFElement z:Id="i758" i:type="Mesh"><Attributes><Attribute z:Id="i759"><AttributeType>filename</AttributeType><IsRequired>true</IsRequired><Value i:nil="true"/></Attribute></Attributes><ChildElements/><ElementName>mesh</ElementName><required>false</required><FilenameAttribute z:Ref="i759"/></URDFElement></ChildElements><ElementName>geometry</ElementName><required>true</required><Mesh z:Ref="i758"/></URDFElement><URDFElement z:Id="i760" i:type="Material"><Attributes><Attribute z:Id="i761"><AttributeType>name</AttributeType><IsRequired>true</IsRequired><Value i:type="a:string" xmlns:a="http://www.w3.org/2001/XMLSchema"/></Attribute></Attributes><ChildElements><URDFElement z:Id="i762" i:type="Color"><Attributes><Attribute z:Id="i763"><AttributeType>rgba</AttributeType><IsRequired>true</IsRequired><Value i:type="a:ArrayOfdouble" xmlns:a="http://schemas.microsoft.com/2003/10/Serialization/Arrays"><a:double>0.64313725490196072</a:double><a:double>0.615686274509804</a:double><a:double>0.6</a:double><a:double>1</a:double></Value></Attribute></Attributes><ChildElements/><ElementName>color</ElementName><required>false</required><RGBAAttribute z:Ref="i763"/></URDFElement><URDFElement z:Id="i764" i:type="Texture"><Attributes><Attribute z:Id="i765"><AttributeType>filename</AttributeType><IsRequired>true</IsRequired><Value i:nil="true"/></Attribute></Attributes><ChildElements/><ElementName>texture</ElementName><required>false</required><FilenameAttribute z:Ref="i765"/><wFilename/></URDFElement></ChildElements><ElementName>material</ElementName><required>false</required><Color z:Ref="i762"/><NameAttribute z:Ref="i761"/><Texture z:Ref="i764"/></URDFElement></ChildElements><ElementName>visual</ElementName><required>false</required><Geometry z:Ref="i757"/><Material z:Ref="i760"/><Origin z:Ref="i754"/></URDFElement><URDFElement z:Id="i766" i:type="Collision"><Attributes/><ChildElements><URDFElement z:Id="i767" i:type="Origin"><Attributes><Attribute z:Id="i768"><AttributeType>xyz</AttributeType><IsRequired>true</IsRequired><Value i:type="a:ArrayOfdouble" xmlns:a="http://schemas.microsoft.com/2003/10/Serialization/Arrays"><a:double>0</a:double><a:double>0</a:double><a:double>0</a:double></Value></Attribute><Attribute z:Id="i769"><AttributeType>rpy</AttributeType><IsRequired>true</IsRequired><Value i:type="a:ArrayOfdouble" xmlns:a="http://schemas.microsoft.com/2003/10/Serialization/Arrays"><a:double>0</a:double><a:double>0</a:double><a:double>0</a:double></Value></Attribute></Attributes><ChildElements/><ElementName>origin</ElementName><required>false</required><RPYAttribute z:Ref="i769"/><XYZAttribute z:Ref="i768"/><isCustomized>false</isCustomized></URDFElement><URDFElement z:Id="i770" i:type="Geometry"><Attributes/><ChildElements><URDFElement z:Id="i771" i:type="Mesh"><Attributes><Attribute z:Id="i772"><AttributeType>filename</AttributeType><IsRequired>true</IsRequired><Value i:nil="true"/></Attribute></Attributes><ChildElements/><ElementName>mesh</ElementName><required>false</required><FilenameAttribute z:Ref="i772"/></URDFElement></ChildElements><ElementName>geometry</ElementName><required>true</required><Mesh z:Ref="i771"/></URDFElement></ChildElements><ElementName>collision</ElementName><required>false</required><Geometry z:Ref="i770"/><Origin z:Ref="i767"/></URDFElement><URDFElement z:Id="i773" i:type="Joint"><Attributes><Attribute z:Id="i774"><AttributeType>name</AttributeType><IsRequired>true</IsRequired><Value i:type="a:string" xmlns:a="http://www.w3.org/2001/XMLSchema">RR_thigh_joint</Value></Attribute><Attribute z:Id="i775"><AttributeType>type</AttributeType><IsRequired>true</IsRequired><Value i:type="a:string" xmlns:a="http://www.w3.org/2001/XMLSchema">revolute</Value></Attribute></Attributes><ChildElements><URDFElement z:Id="i776" i:type="Origin"><Attributes><Attribute z:Id="i777"><AttributeType>xyz</AttributeType><IsRequired>true</IsRequired><Value i:type="a:ArrayOfdouble" xmlns:a="http://schemas.microsoft.com/2003/10/Serialization/Arrays"><a:double>-0.05825</a:double><a:double>-0.0186</a:double><a:double>0</a:double></Value></Attribute><Attribute z:Id="i778"><AttributeType>rpy</AttributeType><IsRequired>true</IsRequired><Value i:type="a:ArrayOfdouble" xmlns:a="http://schemas.microsoft.com/2003/10/Serialization/Arrays"><a:double>0</a:double><a:double>0</a:double><a:double>0</a:double></Value></Attribute></Attributes><ChildElements/><ElementName>origin</ElementName><required>false</required><RPYAttribute z:Ref="i778"/><XYZAttribute z:Ref="i777"/><isCustomized>false</isCustomized></URDFElement><URDFElement z:Id="i779" i:type="ParentLink"><Attributes><Attribute z:Id="i780"><AttributeType>link</AttributeType><IsRequired>true</IsRequired><Value i:type="a:string" xmlns:a="http://www.w3.org/2001/XMLSchema">RR_hip</Value></Attribute></Attributes><ChildElements/><ElementName>parent</ElementName><required>true</required><NameAttribute z:Ref="i780"/></URDFElement><URDFElement z:Id="i781" i:type="ChildLink"><Attributes><Attribute z:Id="i782"><AttributeType>link</AttributeType><IsRequired>true</IsRequired><Value i:type="a:string" xmlns:a="http://www.w3.org/2001/XMLSchema">RR_thigh</Value></Attribute></Attributes><ChildElements/><ElementName>child</ElementName><required>true</required><NameAttribute z:Ref="i782"/></URDFElement><URDFElement z:Id="i783" i:type="Axis"><Attributes><Attribute z:Id="i784"><AttributeType>xyz</AttributeType><IsRequired>true</IsRequired><Value i:type="a:ArrayOfdouble" xmlns:a="http://schemas.microsoft.com/2003/10/Serialization/Arrays"><a:double>0</a:double><a:double>-1</a:double><a:double>0</a:double></Value></Attribute></Attributes><ChildElements/><ElementName>axis</ElementName><required>false</required><XYZAttribute z:Ref="i784"/></URDFElement><URDFElement z:Id="i785" i:type="Limit"><Attributes><Attribute z:Id="i786"><AttributeType>lower</AttributeType><IsRequired>true</IsRequired><Value i:type="a:double" xmlns:a="http://www.w3.org/2001/XMLSchema">0</Value></Attribute><Attribute z:Id="i787"><AttributeType>upper</AttributeType><IsRequired>true</IsRequired><Value i:type="a:double" xmlns:a="http://www.w3.org/2001/XMLSchema">0</Value></Attribute><Attribute z:Id="i788"><AttributeType>effort</AttributeType><IsRequired>true</IsRequired><Value i:type="a:double" xmlns:a="http://www.w3.org/2001/XMLSchema">0</Value></Attribute><Attribute z:Id="i789"><AttributeType>velocity</AttributeType><IsRequired>true</IsRequired><Value i:type="a:double" xmlns:a="http://www.w3.org/2001/XMLSchema">0</Value></Attribute></Attributes><ChildElements/><ElementName>limit</ElementName><required>true</required><EffortAttribute z:Ref="i788"/><LowerAttribute z:Ref="i786"/><UpperAttribute z:Ref="i787"/><VelocityAttribute z:Ref="i789"/></URDFElement><URDFElement z:Id="i790" i:type="Calibration"><Attributes><Attribute z:Id="i791"><AttributeType>rising</AttributeType><IsRequired>false</IsRequired><Value i:nil="true"/></Attribute><Attribute z:Id="i792"><AttributeType>falling</AttributeType><IsRequired>false</IsRequired><Value i:nil="true"/></Attribute></Attributes><ChildElements/><ElementName>calibration</ElementName><required>false</required><FallingAttribute z:Ref="i792"/><RisingAttribute z:Ref="i791"/></URDFElement><URDFElement z:Id="i793" i:type="Dynamics"><Attributes><Attribute z:Id="i794"><AttributeType>damping</AttributeType><IsRequired>false</IsRequired><Value i:nil="true"/></Attribute><Attribute z:Id="i795"><AttributeType>friction</AttributeType><IsRequired>false</IsRequired><Value i:nil="true"/></Attribute></Attributes><ChildElements/><ElementName>dynamics</ElementName><required>false</required><DampingAttribute z:Ref="i794"/><FrictionAttribute z:Ref="i795"/></URDFElement><URDFElement z:Id="i796" i:type="SafetyController"><Attributes><Attribute z:Id="i797"><AttributeType>soft_upper_limit</AttributeType><IsRequired>false</IsRequired><Value i:nil="true"/></Attribute><Attribute z:Id="i798"><AttributeType>soft_lower_limit</AttributeType><IsRequired>false</IsRequired><Value i:nil="true"/></Attribute><Attribute z:Id="i799"><AttributeType>k_position</AttributeType><IsRequired>false</IsRequired><Value i:nil="true"/></Attribute><Attribute z:Id="i800"><AttributeType>k_velocity</AttributeType><IsRequired>true</IsRequired><Value i:nil="true"/></Attribute></Attributes><ChildElements/><ElementName>safety_controller</ElementName><required>false</required><KPositionAttribute z:Ref="i799"/><KVelocityAttribute z:Ref="i800"/><SoftLowerAttribute z:Ref="i798"/><SoftUpperAttribute z:Ref="i797"/></URDFElement><URDFElement z:Id="i801" i:type="Mimic"><Attributes><Attribute z:Id="i802"><AttributeType>joint</AttributeType><IsRequired>true</IsRequired><Value i:nil="true"/></Attribute><Attribute z:Id="i803"><AttributeType>multiplier</AttributeType><IsRequired>false</IsRequired><Value i:nil="true"/></Attribute><Attribute z:Id="i804"><AttributeType>offset</AttributeType><IsRequired>false</IsRequired><Value i:nil="true"/></Attribute></Attributes><ChildElements/><ElementName>mimic</ElementName><required>false</required><JointNameAttribute z:Ref="i802"/><MultiplierAttribute z:Ref="i803"/><OffsetAttribute z:Ref="i804"/></URDFElement></ChildElements><ElementName>joint</ElementName><required>false</required><Axis z:Ref="i783"/><AxisName>RR_thigh_axis</AxisName><Calibration z:Ref="i790"/><Child z:Ref="i781"/><CoordinateSystemName>RR_thigh_Coordinate System</CoordinateSystemName><Dynamics z:Ref="i793"/><Limit z:Ref="i785"/><Mimic z:Ref="i801"/><NameAttribute z:Ref="i774"/><Origin z:Ref="i776"/><Parent z:Ref="i779"/><Safety z:Ref="i796"/><TypeAttribute z:Ref="i775"/></URDFElement></ChildElements><ElementName>link</ElementName><required>true</required><Children><Link z:Id="i805"><Attributes><Attribute z:Id="i806"><AttributeType>name</AttributeType><IsRequired>true</IsRequired><Value i:type="a:string" xmlns:a="http://www.w3.org/2001/XMLSchema">RR_calf</Value></Attribute></Attributes><ChildElements><URDFElement z:Id="i807" i:type="Inertial"><Attributes/><ChildElements><URDFElement z:Id="i808" i:type="Origin"><Attributes><Attribute z:Id="i809"><AttributeType>xyz</AttributeType><IsRequired>true</IsRequired><Value i:type="a:ArrayOfdouble" xmlns:a="http://schemas.microsoft.com/2003/10/Serialization/Arrays"><a:double>0.0063129932843737635</a:double><a:double>-2.4496200632107E-05</a:double><a:double>-0.091768654493873947</a:double></Value></Attribute><Attribute z:Id="i810"><AttributeType>rpy</AttributeType><IsRequired>true</IsRequired><Value i:type="a:ArrayOfdouble" xmlns:a="http://schemas.microsoft.com/2003/10/Serialization/Arrays"><a:double>0</a:double><a:double>0</a:double><a:double>0</a:double></Value></Attribute></Attributes><ChildElements/><ElementName>origin</ElementName><required>false</required><RPYAttribute z:Ref="i810"/><XYZAttribute z:Ref="i809"/><isCustomized>false</isCustomized></URDFElement><URDFElement z:Id="i811" i:type="Mass"><Attributes><Attribute z:Id="i812"><AttributeType>value</AttributeType><IsRequired>true</IsRequired><Value i:type="a:double" xmlns:a="http://www.w3.org/2001/XMLSchema">0.24779927634993029</Value></Attribute></Attributes><ChildElements/><ElementName>mass</ElementName><required>false</required><ValueAttribute z:Ref="i812"/></URDFElement><URDFElement z:Id="i813" i:type="Inertia"><Attributes><Attribute z:Id="i814"><AttributeType>ixx</AttributeType><IsRequired>true</IsRequired><Value i:type="a:double" xmlns:a="http://www.w3.org/2001/XMLSchema">0.000559369450508883</Value></Attribute><Attribute z:Id="i815"><AttributeType>ixy</AttributeType><IsRequired>true</IsRequired><Value i:type="a:double" xmlns:a="http://www.w3.org/2001/XMLSchema">7.2776729077003822E-09</Value></Attribute><Attribute z:Id="i816"><AttributeType>ixz</AttributeType><IsRequired>true</IsRequired><Value i:type="a:double" xmlns:a="http://www.w3.org/2001/XMLSchema">3.1927590651445235E-05</Value></Attribute><Attribute z:Id="i817"><AttributeType>iyy</AttributeType><IsRequired>true</IsRequired><Value i:type="a:double" xmlns:a="http://www.w3.org/2001/XMLSchema">0.00057994341943448592</Value></Attribute><Attribute z:Id="i818"><AttributeType>iyz</AttributeType><IsRequired>true</IsRequired><Value i:type="a:double" xmlns:a="http://www.w3.org/2001/XMLSchema">5.9037738840050912E-08</Value></Attribute><Attribute z:Id="i819"><AttributeType>izz</AttributeType><IsRequired>true</IsRequired><Value i:type="a:double" xmlns:a="http://www.w3.org/2001/XMLSchema">2.4933612463866874E-05</Value></Attribute></Attributes><ChildElements/><ElementName>inertia</ElementName><required>false</required><IxxAttribute z:Ref="i814"/><IxyAttribute z:Ref="i815"/><IxzAttribute z:Ref="i816"/><IyyAttribute z:Ref="i817"/><IyzAttribute z:Ref="i818"/><IzzAttribute z:Ref="i819"/></URDFElement></ChildElements><ElementName>inertial</ElementName><required>false</required><Inertia z:Ref="i813"/><Mass z:Ref="i811"/><Origin z:Ref="i808"/></URDFElement><URDFElement z:Id="i820" i:type="Visual"><Attributes/><ChildElements><URDFElement z:Id="i821" i:type="Origin"><Attributes><Attribute z:Id="i822"><AttributeType>xyz</AttributeType><IsRequired>true</IsRequired><Value i:type="a:ArrayOfdouble" xmlns:a="http://schemas.microsoft.com/2003/10/Serialization/Arrays"><a:double>0</a:double><a:double>0</a:double><a:double>0</a:double></Value></Attribute><Attribute z:Id="i823"><AttributeType>rpy</AttributeType><IsRequired>true</IsRequired><Value i:type="a:ArrayOfdouble" xmlns:a="http://schemas.microsoft.com/2003/10/Serialization/Arrays"><a:double>0</a:double><a:double>0</a:double><a:double>0</a:double></Value></Attribute></Attributes><ChildElements/><ElementName>origin</ElementName><required>false</required><RPYAttribute z:Ref="i823"/><XYZAttribute z:Ref="i822"/><isCustomized>false</isCustomized></URDFElement><URDFElement z:Id="i824" i:type="Geometry"><Attributes/><ChildElements><URDFElement z:Id="i825" i:type="Mesh"><Attributes><Attribute z:Id="i826"><AttributeType>filename</AttributeType><IsRequired>true</IsRequired><Value i:nil="true"/></Attribute></Attributes><ChildElements/><ElementName>mesh</ElementName><required>false</required><FilenameAttribute z:Ref="i826"/></URDFElement></ChildElements><ElementName>geometry</ElementName><required>true</required><Mesh z:Ref="i825"/></URDFElement><URDFElement z:Id="i827" i:type="Material"><Attributes><Attribute z:Id="i828"><AttributeType>name</AttributeType><IsRequired>true</IsRequired><Value i:type="a:string" xmlns:a="http://www.w3.org/2001/XMLSchema"/></Attribute></Attributes><ChildElements><URDFElement z:Id="i829" i:type="Color"><Attributes><Attribute z:Id="i830"><AttributeType>rgba</AttributeType><IsRequired>true</IsRequired><Value i:type="a:ArrayOfdouble" xmlns:a="http://schemas.microsoft.com/2003/10/Serialization/Arrays"><a:double>0.89803921568627454</a:double><a:double>0.91764705882352937</a:double><a:double>0.92941176470588238</a:double><a:double>1</a:double></Value></Attribute></Attributes><ChildElements/><ElementName>color</ElementName><required>false</required><RGBAAttribute z:Ref="i830"/></URDFElement><URDFElement z:Id="i831" i:type="Texture"><Attributes><Attribute z:Id="i832"><AttributeType>filename</AttributeType><IsRequired>true</IsRequired><Value i:nil="true"/></Attribute></Attributes><ChildElements/><ElementName>texture</ElementName><required>false</required><FilenameAttribute z:Ref="i832"/><wFilename/></URDFElement></ChildElements><ElementName>material</ElementName><required>false</required><Color z:Ref="i829"/><NameAttribute z:Ref="i828"/><Texture z:Ref="i831"/></URDFElement></ChildElements><ElementName>visual</ElementName><required>false</required><Geometry z:Ref="i824"/><Material z:Ref="i827"/><Origin z:Ref="i821"/></URDFElement><URDFElement z:Id="i833" i:type="Collision"><Attributes/><ChildElements><URDFElement z:Id="i834" i:type="Origin"><Attributes><Attribute z:Id="i835"><AttributeType>xyz</AttributeType><IsRequired>true</IsRequired><Value i:type="a:ArrayOfdouble" xmlns:a="http://schemas.microsoft.com/2003/10/Serialization/Arrays"><a:double>0</a:double><a:double>0</a:double><a:double>0</a:double></Value></Attribute><Attribute z:Id="i836"><AttributeType>rpy</AttributeType><IsRequired>true</IsRequired><Value i:type="a:ArrayOfdouble" xmlns:a="http://schemas.microsoft.com/2003/10/Serialization/Arrays"><a:double>0</a:double><a:double>0</a:double><a:double>0</a:double></Value></Attribute></Attributes><ChildElements/><ElementName>origin</ElementName><required>false</required><RPYAttribute z:Ref="i836"/><XYZAttribute z:Ref="i835"/><isCustomized>false</isCustomized></URDFElement><URDFElement z:Id="i837" i:type="Geometry"><Attributes/><ChildElements><URDFElement z:Id="i838" i:type="Mesh"><Attributes><Attribute z:Id="i839"><AttributeType>filename</AttributeType><IsRequired>true</IsRequired><Value i:nil="true"/></Attribute></Attributes><ChildElements/><ElementName>mesh</ElementName><required>false</required><FilenameAttribute z:Ref="i839"/></URDFElement></ChildElements><ElementName>geometry</ElementName><required>true</required><Mesh z:Ref="i838"/></URDFElement></ChildElements><ElementName>collision</ElementName><required>false</required><Geometry z:Ref="i837"/><Origin z:Ref="i834"/></URDFElement><URDFElement z:Id="i840" i:type="Joint"><Attributes><Attribute z:Id="i841"><AttributeType>name</AttributeType><IsRequired>true</IsRequired><Value i:type="a:string" xmlns:a="http://www.w3.org/2001/XMLSchema">RR_calf_joint</Value></Attribute><Attribute z:Id="i842"><AttributeType>type</AttributeType><IsRequired>true</IsRequired><Value i:type="a:string" xmlns:a="http://www.w3.org/2001/XMLSchema">revolute</Value></Attribute></Attributes><ChildElements><URDFElement z:Id="i843" i:type="Origin"><Attributes><Attribute z:Id="i844"><AttributeType>xyz</AttributeType><IsRequired>true</IsRequired><Value i:type="a:ArrayOfdouble" xmlns:a="http://schemas.microsoft.com/2003/10/Serialization/Arrays"><a:double>0</a:double><a:double>-0.0572</a:double><a:double>-0.21</a:double></Value></Attribute><Attribute z:Id="i845"><AttributeType>rpy</AttributeType><IsRequired>true</IsRequired><Value i:type="a:ArrayOfdouble" xmlns:a="http://schemas.microsoft.com/2003/10/Serialization/Arrays"><a:double>0</a:double><a:double>0</a:double><a:double>0</a:double></Value></Attribute></Attributes><ChildElements/><ElementName>origin</ElementName><required>false</required><RPYAttribute z:Ref="i845"/><XYZAttribute z:Ref="i844"/><isCustomized>false</isCustomized></URDFElement><URDFElement z:Id="i846" i:type="ParentLink"><Attributes><Attribute z:Id="i847"><AttributeType>link</AttributeType><IsRequired>true</IsRequired><Value i:type="a:string" xmlns:a="http://www.w3.org/2001/XMLSchema">RR_thigh</Value></Attribute></Attributes><ChildElements/><ElementName>parent</ElementName><required>true</required><NameAttribute z:Ref="i847"/></URDFElement><URDFElement z:Id="i848" i:type="ChildLink"><Attributes><Attribute z:Id="i849"><AttributeType>link</AttributeType><IsRequired>true</IsRequired><Value i:type="a:string" xmlns:a="http://www.w3.org/2001/XMLSchema">RR_calf</Value></Attribute></Attributes><ChildElements/><ElementName>child</ElementName><required>true</required><NameAttribute z:Ref="i849"/></URDFElement><URDFElement z:Id="i850" i:type="Axis"><Attributes><Attribute z:Id="i851"><AttributeType>xyz</AttributeType><IsRequired>true</IsRequired><Value i:type="a:ArrayOfdouble" xmlns:a="http://schemas.microsoft.com/2003/10/Serialization/Arrays"><a:double>0</a:double><a:double>1</a:double><a:double>0</a:double></Value></Attribute></Attributes><ChildElements/><ElementName>axis</ElementName><required>false</required><XYZAttribute z:Ref="i851"/></URDFElement><URDFElement z:Id="i852" i:type="Limit"><Attributes><Attribute z:Id="i853"><AttributeType>lower</AttributeType><IsRequired>true</IsRequired><Value i:type="a:double" xmlns:a="http://www.w3.org/2001/XMLSchema">0</Value></Attribute><Attribute z:Id="i854"><AttributeType>upper</AttributeType><IsRequired>true</IsRequired><Value i:type="a:double" xmlns:a="http://www.w3.org/2001/XMLSchema">0</Value></Attribute><Attribute z:Id="i855"><AttributeType>effort</AttributeType><IsRequired>true</IsRequired><Value i:type="a:double" xmlns:a="http://www.w3.org/2001/XMLSchema">0</Value></Attribute><Attribute z:Id="i856"><AttributeType>velocity</AttributeType><IsRequired>true</IsRequired><Value i:type="a:double" xmlns:a="http://www.w3.org/2001/XMLSchema">0</Value></Attribute></Attributes><ChildElements/><ElementName>limit</ElementName><required>true</required><EffortAttribute z:Ref="i855"/><LowerAttribute z:Ref="i853"/><UpperAttribute z:Ref="i854"/><VelocityAttribute z:Ref="i856"/></URDFElement><URDFElement z:Id="i857" i:type="Calibration"><Attributes><Attribute z:Id="i858"><AttributeType>rising</AttributeType><IsRequired>false</IsRequired><Value i:nil="true"/></Attribute><Attribute z:Id="i859"><AttributeType>falling</AttributeType><IsRequired>false</IsRequired><Value i:nil="true"/></Attribute></Attributes><ChildElements/><ElementName>calibration</ElementName><required>false</required><FallingAttribute z:Ref="i859"/><RisingAttribute z:Ref="i858"/></URDFElement><URDFElement z:Id="i860" i:type="Dynamics"><Attributes><Attribute z:Id="i861"><AttributeType>damping</AttributeType><IsRequired>false</IsRequired><Value i:nil="true"/></Attribute><Attribute z:Id="i862"><AttributeType>friction</AttributeType><IsRequired>false</IsRequired><Value i:nil="true"/></Attribute></Attributes><ChildElements/><ElementName>dynamics</ElementName><required>false</required><DampingAttribute z:Ref="i861"/><FrictionAttribute z:Ref="i862"/></URDFElement><URDFElement z:Id="i863" i:type="SafetyController"><Attributes><Attribute z:Id="i864"><AttributeType>soft_upper_limit</AttributeType><IsRequired>false</IsRequired><Value i:nil="true"/></Attribute><Attribute z:Id="i865"><AttributeType>soft_lower_limit</AttributeType><IsRequired>false</IsRequired><Value i:nil="true"/></Attribute><Attribute z:Id="i866"><AttributeType>k_position</AttributeType><IsRequired>false</IsRequired><Value i:nil="true"/></Attribute><Attribute z:Id="i867"><AttributeType>k_velocity</AttributeType><IsRequired>true</IsRequired><Value i:nil="true"/></Attribute></Attributes><ChildElements/><ElementName>safety_controller</ElementName><required>false</required><KPositionAttribute z:Ref="i866"/><KVelocityAttribute z:Ref="i867"/><SoftLowerAttribute z:Ref="i865"/><SoftUpperAttribute z:Ref="i864"/></URDFElement><URDFElement z:Id="i868" i:type="Mimic"><Attributes><Attribute z:Id="i869"><AttributeType>joint</AttributeType><IsRequired>true</IsRequired><Value i:nil="true"/></Attribute><Attribute z:Id="i870"><AttributeType>multiplier</AttributeType><IsRequired>false</IsRequired><Value i:nil="true"/></Attribute><Attribute z:Id="i871"><AttributeType>offset</AttributeType><IsRequired>false</IsRequired><Value i:nil="true"/></Attribute></Attributes><ChildElements/><ElementName>mimic</ElementName><required>false</required><JointNameAttribute z:Ref="i869"/><MultiplierAttribute z:Ref="i870"/><OffsetAttribute z:Ref="i871"/></URDFElement></ChildElements><ElementName>joint</ElementName><required>false</required><Axis z:Ref="i850"/><AxisName>RR_calf_axis</AxisName><Calibration z:Ref="i857"/><Child z:Ref="i848"/><CoordinateSystemName>RR_calf_Coordinate System</CoordinateSystemName><Dynamics z:Ref="i860"/><Limit z:Ref="i852"/><Mimic z:Ref="i868"/><NameAttribute z:Ref="i841"/><Origin z:Ref="i843"/><Parent z:Ref="i846"/><Safety z:Ref="i863"/><TypeAttribute z:Ref="i842"/></URDFElement></ChildElements><ElementName>link</ElementName><required>true</required><Children/><Collision z:Ref="i833"/><Inertial z:Ref="i807"/><Joint z:Ref="i840"/><NameAttribute z:Ref="i806"/><Parent z:Ref="i738"/><STLQualityFine>false</STLQualityFine><SWComponentPIDs xmlns:a="http://schemas.microsoft.com/2003/10/Serialization/Arrays"><a:base64Binary>aEIAAAUAAAD//v8TD1x/gRZZp0/yZr9+LQA2ADAANgAxAC0AMwBAAHRl13LFiE2RU08EAAAAEAAAAAEAAAABAAAA5QIAAA==</a:base64Binary><a:base64Binary>aEIAAAUAAAD//v8WD1x/gRZZp0/yZr9+LQBclc9QLQA2ADAANgAxAC0AMwBAAHRl13LFiE2RU08EAAAAEAAAAAEAAAABAAAA5AIAAA==</a:base64Binary><a:base64Binary>aEIAAAUAAAD//v8TD1x/gS1O9JXyZr9+LQA2ADAANgAxAC0AMwBAAHRl13LFiE2RU08EAAAAEAAAAAEAAAABAAAA4wIAAA==</a:base64Binary><a:base64Binary>aEIAAAUAAAD//v8ND1x/gXCZf2cyAC0AMwBAAHRl13LFiE2RU08EAAAAEAAAAAEAAAABAAAA0wQAAA==</a:base64Binary><a:base64Binary>aEIAAAUAAAD//v8Ns43velNicFP2Ti0ANABAAHRl13LFiE2RU08EAAAAEAAAAAEAAAABAAAACAUAAA==</a:base64Binary><a:base64Binary>aEIAAAUAAAD//v8MRXj2gLON73otADMAQAB0ZddyxYhNkVNPBAAAABAAAAABAAAAAQAAAAYFAAA=</a:base64Binary><a:base64Binary>aEIAAAUAAAD//v8ND1x/gXCZf2cxAC0AMwBAAHRl13LFiE2RU08EAAAAEAAAAAEAAAABAAAA1AQAAA==</a:base64Binary></SWComponentPIDs><SWMainComponentPID i:nil="true"/><Visual z:Ref="i820"/><isFixedFrame>false</isFixedFrame><isIncomplete>false</isIncomplete></Link></Children><Collision z:Ref="i766"/><Inertial z:Ref="i740"/><Joint z:Ref="i773"/><NameAttribute z:Ref="i739"/><Parent z:Ref="i671"/><STLQualityFine>false</STLQualityFine><SWComponentPIDs xmlns:a="http://schemas.microsoft.com/2003/10/Serialization/Arrays"><a:base64Binary>aEIAAAUAAAD//v8YRwBPAC0ATQA4ADAAMQAwAC0ANgA1dTpnMwBEACFqi1ctADUAQAB0ZddyxYhNkVNPBAAAABAAAAABAAAAAQAAAK0AAAA=</a:base64Binary><a:base64Binary>aEIAAAUAAAD//v8RJ1l/gYVRp08tADYAMAA2ADEALQAzAEAAdGXXcsWITZFTTwQAAAAQAAAAAQAAAAEAAADnAgAA</a:base64Binary><a:base64Binary>aEIAAAUAAAD//v8NJ1l/gVNicFP2Ti0AMwBAAHRl13LFiE2RU08EAAAAEAAAAAEAAAABAAAA6AIAAA==</a:base64Binary><a:base64Binary>aEIAAAUAAAD//v8VJ1l/gRZZp08tADYAMAA2ADEALQAzAG0AbQAtADMAQAB0ZddyxYhNkVNPBAAAABAAAAABAAAAAQAAAOYCAAA=</a:base64Binary><a:base64Binary>aEIAAAUAAAD//v8YMgAtADMAc1GCgt6PpWP2Ti0A81MOVC0ANgAwADYAMQAtADIAQAB0ZddyxYhNkVNPBAAAABAAAAABAAAAAQAAAFAEAAA=</a:base64Binary></SWComponentPIDs><SWMainComponentPID i:nil="true"/><Visual z:Ref="i753"/><isFixedFrame>false</isFixedFrame><isIncomplete>false</isIncomplete></Link></Children><Collision z:Ref="i699"/><Inertial z:Ref="i673"/><Joint z:Ref="i706"/><NameAttribute z:Ref="i672"/><Parent z:Ref="i1"/><STLQualityFine>false</STLQualityFine><SWComponentPIDs xmlns:a="http://schemas.microsoft.com/2003/10/Serialization/Arrays"><a:base64Binary>aEIAAAUAAAD//v8YRwBPAC0ATQA4ADAAMQAwAC0ANgA1dTpnMwBEACFqi1ctADYAQAB0ZddyxYhNkVNPBAAAABAAAAABAAAAAQAAAK4AAAA=</a:base64Binary><a:base64Binary>aEIAAAUAAAD//v8Zy5pzUYKC3o+lY/ZOLQBVU2KXLQA2ADAANgAxAC0A81MOVC0AMgBAAHRl13LFiE2RU08EAAAAEAAAAAEAAAABAAAALgQAAA==</a:base64Binary><a:base64Binary>aEIAAAUAAAD//v8SJ1l/gS0AD1x/gXNRgoJQlk1PV1ctADYAQAB0ZddyxYhNkVNPBAAAABAAAAABAAAAAQAAAG0EAAA=</a:base64Binary></SWComponentPIDs><SWMainComponentPID i:nil="true"/><Visual z:Ref="i686"/><isFixedFrame>false</isFixedFrame><isIncomplete>false</isIncomplete></Link></Children><Collision z:Ref="i29"/><Inertial z:Ref="i3"/><Joint z:Ref="i36"/><NameAttribute z:Ref="i2"/><Parent i:nil="true"/><STLQualityFine>false</STLQualityFine><SWComponentPIDs xmlns:a="http://schemas.microsoft.com/2003/10/Serialization/Arrays"><a:base64Binary>aEIAAAUAAAD//v8STVLokN6PpWP2Ti0ANgAwADYAMQAtADEAQAB0ZddyxYhNkVNPBAAAABAAAAABAAAAAQAAADkAAAA=</a:base64Binary><a:base64Binary>aEIAAAUAAAD//v8YRwBPAC0ATQA4ADAAMQAwAC0ANgA1dTpnMwBEACFqi1ctADcAQAB0ZddyxYhNkVNPBAAAABAAAAABAAAAAQAAAOEAAAA=</a:base64Binary><a:base64Binary>aEIAAAUAAAD//v8RMgA2ADAAbQBtADIAMAAyADAALQA0AEAAdGXXcsWITZFTTwQAAAAQAAAAAQAAAAEAAABLAAAA</a:base64Binary><a:base64Binary>aEIAAAUAAAD//v8RMgA2ADAAbQBtADIAMAAyADAALQAzAEAAdGXXcsWITZFTTwQAAAAQAAAAAQAAAAEAAABKAAAA</a:base64Binary><a:base64Binary>aEIAAAUAAAD//v8YRwBPAC0ATQA4ADAAMQAwAC0ANgA1dTpnMwBEACFqi1ctADEAQAB0ZddyxYhNkVNPBAAAABAAAAABAAAAAQAAAHMAAAA=</a:base64Binary><a:base64Binary>aEIAAAUAAAD//v8RMgA2ADAAbQBtADIAMAAyADAALQAyAEAAdGXXcsWITZFTTwQAAAAQAAAAAQAAAAEAAABJAAAA</a:base64Binary><a:base64Binary>aEIAAAUAAAD//v8ZRwBPAC0ATQA4ADAAMQAwAC0ANgA1dTpnMwBEACFqi1ctADEAMABAAHRl13LFiE2RU08EAAAAEAAAAAEAAAABAAAAFQEAAA==</a:base64Binary><a:base64Binary>aEIAAAUAAAD//v8NDlTokN6PpWP2Ti0AMQBAAHRl13LFiE2RU08EAAAAEAAAAAEAAAABAAAAPgAAAA==</a:base64Binary><a:base64Binary>aEIAAAUAAAD//v8YRwBPAC0ATQA4ADAAMQAwAC0ANgA1dTpnMwBEACFqi1ctADQAQAB0ZddyxYhNkVNPBAAAABAAAAABAAAAAQAAAKoAAAA=</a:base64Binary><a:base64Binary>aEIAAAUAAAD//v8RMgA2ADAAbQBtADIAMAAyADAALQAxAEAAdGXXcsWITZFTTwQAAAAQAAAAAQAAAAEAAABIAAAA</a:base64Binary><a:base64Binary>aEIAAAUAAAD//v8RTVJil39ny5pzUYKCUJZNT1dXLQAzAEAAdGXXcsWITZFTTwQAAAAQAAAAAQAAAAEAAAB8AwAA</a:base64Binary><a:base64Binary>aEIAAAUAAAD//v8RTVJil39ny5pzUYKCUJZNT1dXLQA0AEAAdGXXcsWITZFTTwQAAAAQAAAAAQAAAAEAAAB/AwAA</a:base64Binary><a:base64Binary>aEIAAAUAAAD//v8RTVJil39ny5pzUYKCUJZNT1dXLQA4AEAAdGXXcsWITZFTTwQAAAAQAAAAAQAAAAEAAAC0AwAA</a:base64Binary><a:base64Binary>aEIAAAUAAAD//v8RTVJil39ny5pzUYKCUJZNT1dXLQA3AEAAdGXXcsWITZFTTwQAAAAQAAAAAQAAAAEAAACxAwAA</a:base64Binary><a:base64Binary>aEIAAAUAAAD//v8RTVJil39ny5pzUYKCUJZNT1dXLQA1AEAAdGXXcsWITZFTTwQAAAAQAAAAAQAAAAEAAACbAwAA</a:base64Binary><a:base64Binary>aEIAAAUAAAD//v8RTVJil39ny5pzUYKCUJZNT1dXLQA2AEAAdGXXcsWITZFTTwQAAAAQAAAAAQAAAAEAAACeAwAA</a:base64Binary><a:base64Binary>aEIAAAUAAAD//v8RTVJil39ny5pzUYKCUJZNT1dXLQAyAEAAdGXXcsWITZFTTwQAAAAQAAAAAQAAAAEAAACYAgAA</a:base64Binary><a:base64Binary>aEIAAAUAAAD//v8RTVJil39ny5pzUYKCUJZNT1dXLQAxAEAAdGXXcsWITZFTTwQAAAAQAAAAAQAAAAEAAACLAgAA</a:base64Binary><a:base64Binary>aEIAAAUAAAD//v8NTVLokDKWpGL2Ti0AMQBAAHRl13LFiE2RU08EAAAAEAAAAAEAAAABAAAA1AMAAA==</a:base64Binary><a:base64Binary>aEIAAAUAAAD//v8MOmerjjtOU08tADEAQAB0ZddyxYhNkVNPBAAAABAAAAABAAAAAQAAAPMDAAA=</a:base64Binary></SWComponentPIDs><SWMainComponentPID i:nil="true"/><Visual z:Ref="i16"/><isFixedFrame>false</isFixedFrame><isIncomplete>false</isIncomplete></Link>
2026-07-14 15:41:53,056 INFO  ExportHelperExtension.cs: 347 - Creating joint FL_hip
2026-07-14 15:41:53,208 WARN  ExportHelperExtension.cs: 351 - Creating joint from parent base to child FL_hip failed
2026-07-14 15:41:54,819 INFO  ExportHelperExtension.cs: 347 - Creating joint FL_thigh
2026-07-14 15:41:54,872 WARN  ExportHelperExtension.cs: 351 - Creating joint from parent FL_hip to child FL_thigh failed
2026-07-14 15:41:56,532 INFO  ExportHelperExtension.cs: 347 - Creating joint FL_calf
2026-07-14 15:41:56,582 WARN  ExportHelperExtension.cs: 351 - Creating joint from parent FL_thigh to child FL_calf failed
2026-07-14 15:41:56,610 INFO  ExportHelperExtension.cs: 347 - Creating joint FR_hip
2026-07-14 15:41:56,660 WARN  ExportHelperExtension.cs: 351 - Creating joint from parent base to child FR_hip failed
2026-07-14 15:41:58,256 INFO  ExportHelperExtension.cs: 347 - Creating joint FR_thigh
2026-07-14 15:41:58,300 WARN  ExportHelperExtension.cs: 351 - Creating joint from parent FR_hip to child FR_thigh failed
2026-07-14 15:41:59,944 INFO  ExportHelperExtension.cs: 347 - Creating joint FR_calf
2026-07-14 15:41:59,985 WARN  ExportHelperExtension.cs: 351 - Creating joint from parent FR_thigh to child FR_calf failed
2026-07-14 15:42:00,020 INFO  ExportHelperExtension.cs: 347 - Creating joint RL_hip
2026-07-14 15:42:00,064 WARN  ExportHelperExtension.cs: 351 - Creating joint from parent base to child RL_hip failed
2026-07-14 15:42:01,654 INFO  ExportHelperExtension.cs: 347 - Creating joint RL_thigh
2026-07-14 15:42:01,698 WARN  ExportHelperExtension.cs: 351 - Creating joint from parent RL_hip to child RL_thigh failed
2026-07-14 15:42:03,308 INFO  ExportHelperExtension.cs: 347 - Creating joint RL_calf
2026-07-14 15:42:03,352 WARN  ExportHelperExtension.cs: 351 - Creating joint from parent RL_thigh to child RL_calf failed
2026-07-14 15:42:03,379 INFO  ExportHelperExtension.cs: 347 - Creating joint RR_hip
2026-07-14 15:42:03,421 WARN  ExportHelperExtension.cs: 351 - Creating joint from parent base to child RR_hip failed
2026-07-14 15:42:05,068 INFO  ExportHelperExtension.cs: 347 - Creating joint RR_thigh
2026-07-14 15:42:05,113 WARN  ExportHelperExtension.cs: 351 - Creating joint from parent RR_hip to child RR_thigh failed
2026-07-14 15:42:06,766 INFO  ExportHelperExtension.cs: 347 - Creating joint RR_calf
2026-07-14 15:42:06,811 WARN  ExportHelperExtension.cs: 351 - Creating joint from parent RR_thigh to child RR_calf failed
2026-07-14 15:42:07,009 INFO  ExportHelperExtension.cs: 1125 - Retrieving features of type [CoordSys] from 整狗装配体.SLDASM
2026-07-14 15:42:07,011 INFO  ExportHelperExtension.cs: 1136 - Found 538 in 整狗装配体.SLDASM
2026-07-14 15:42:07,013 INFO  ExportHelperExtension.cs: 1145 - Found 13 features of type [CoordSys] in 整狗装配体.SLDASM
2026-07-14 15:42:07,013 INFO  ExportHelperExtension.cs: 1148 - Proceeding through assembly components
2026-07-14 15:42:07,014 INFO  ExportHelperExtension.cs: 1160 - 100 components to check
2026-07-14 15:42:07,014 INFO  ExportHelperExtension.cs: 1125 - Retrieving features of type [CoordSys] from 小腿中间曲线-6061-1
2026-07-14 15:42:07,015 INFO  ExportHelperExtension.cs: 1136 - Found 35 in 小腿中间曲线-6061-1
2026-07-14 15:42:07,015 INFO  ExportHelperExtension.cs: 1145 - Found 0 features of type [CoordSys] in 小腿中间曲线-6061-1
2026-07-14 15:42:07,015 INFO  ExportHelperExtension.cs: 1125 - Retrieving features of type [CoordSys] from 2-3关节连接件-前右-6061-2
2026-07-14 15:42:07,016 INFO  ExportHelperExtension.cs: 1136 - Found 36 in 2-3关节连接件-前右-6061-2
2026-07-14 15:42:07,016 INFO  ExportHelperExtension.cs: 1145 - Found 0 features of type [CoordSys] in 2-3关节连接件-前右-6061-2
2026-07-14 15:42:07,017 INFO  ExportHelperExtension.cs: 1125 - Retrieving features of type [CoordSys] from 小腿饰板1-4
2026-07-14 15:42:07,017 INFO  ExportHelperExtension.cs: 1136 - Found 28 in 小腿饰板1-4
2026-07-14 15:42:07,017 INFO  ExportHelperExtension.cs: 1145 - Found 0 features of type [CoordSys] in 小腿饰板1-4
2026-07-14 15:42:07,018 INFO  ExportHelperExtension.cs: 1125 - Retrieving features of type [CoordSys] from GO-M8010-6电机3D模型-3
2026-07-14 15:42:07,018 INFO  ExportHelperExtension.cs: 1136 - Found 42 in GO-M8010-6电机3D模型-3
2026-07-14 15:42:07,019 INFO  ExportHelperExtension.cs: 1145 - Found 0 features of type [CoordSys] in GO-M8010-6电机3D模型-3
2026-07-14 15:42:07,019 INFO  ExportHelperExtension.cs: 1125 - Retrieving features of type [CoordSys] from 髋关节连接件-前腿-6061-1
2026-07-14 15:42:07,019 INFO  ExportHelperExtension.cs: 1136 - Found 41 in 髋关节连接件-前腿-6061-1
2026-07-14 15:42:07,020 INFO  ExportHelperExtension.cs: 1145 - Found 0 features of type [CoordSys] in 髋关节连接件-前腿-6061-1
2026-07-14 15:42:07,020 INFO  ExportHelperExtension.cs: 1125 - Retrieving features of type [CoordSys] from 硅胶足端-5
2026-07-14 15:42:07,021 INFO  ExportHelperExtension.cs: 1136 - Found 28 in 硅胶足端-5
2026-07-14 15:42:07,021 INFO  ExportHelperExtension.cs: 1145 - Found 0 features of type [CoordSys] in 硅胶足端-5
2026-07-14 15:42:07,022 INFO  ExportHelperExtension.cs: 1125 - Retrieving features of type [CoordSys] from 小腿外侧曲线-镜像-6061-1
2026-07-14 15:42:07,022 INFO  ExportHelperExtension.cs: 1136 - Found 36 in 小腿外侧曲线-镜像-6061-1
2026-07-14 15:42:07,022 INFO  ExportHelperExtension.cs: 1145 - Found 0 features of type [CoordSys] in 小腿外侧曲线-镜像-6061-1
2026-07-14 15:42:07,023 INFO  ExportHelperExtension.cs: 1125 - Retrieving features of type [CoordSys] from 小腿齿轮-1
2026-07-14 15:42:07,023 INFO  ExportHelperExtension.cs: 1136 - Found 29 in 小腿齿轮-1
2026-07-14 15:42:07,023 INFO  ExportHelperExtension.cs: 1145 - Found 0 features of type [CoordSys] in 小腿齿轮-1
2026-07-14 15:42:07,024 INFO  ExportHelperExtension.cs: 1125 - Retrieving features of type [CoordSys] from 小腿外侧曲线-6061-1
2026-07-14 15:42:07,024 INFO  ExportHelperExtension.cs: 1136 - Found 38 in 小腿外侧曲线-6061-1
2026-07-14 15:42:07,024 INFO  ExportHelperExtension.cs: 1145 - Found 0 features of type [CoordSys] in 小腿外侧曲线-6061-1
2026-07-14 15:42:07,025 INFO  ExportHelperExtension.cs: 1125 - Retrieving features of type [CoordSys] from 大腿外侧-6061-3mm-1
2026-07-14 15:42:07,025 INFO  ExportHelperExtension.cs: 1136 - Found 32 in 大腿外侧-6061-3mm-1
2026-07-14 15:42:07,026 INFO  ExportHelperExtension.cs: 1145 - Found 0 features of type [CoordSys] in 大腿外侧-6061-3mm-1
2026-07-14 15:42:07,026 INFO  ExportHelperExtension.cs: 1125 - Retrieving features of type [CoordSys] from 大腿打印件-1
2026-07-14 15:42:07,026 INFO  ExportHelperExtension.cs: 1136 - Found 40 in 大腿打印件-1
2026-07-14 15:42:07,027 INFO  ExportHelperExtension.cs: 1145 - Found 0 features of type [CoordSys] in 大腿打印件-1
2026-07-14 15:42:07,027 INFO  ExportHelperExtension.cs: 1125 - Retrieving features of type [CoordSys] from 大腿内侧-6061-1
2026-07-14 15:42:07,048 INFO  ExportHelperExtension.cs: 1136 - Found 43 in 大腿内侧-6061-1
2026-07-14 15:42:07,048 INFO  ExportHelperExtension.cs: 1145 - Found 0 features of type [CoordSys] in 大腿内侧-6061-1
2026-07-14 15:42:07,048 INFO  ExportHelperExtension.cs: 1125 - Retrieving features of type [CoordSys] from 210mm连杆-6061-1
2026-07-14 15:42:07,049 INFO  ExportHelperExtension.cs: 1136 - Found 32 in 210mm连杆-6061-1
2026-07-14 15:42:07,050 INFO  ExportHelperExtension.cs: 1145 - Found 0 features of type [CoordSys] in 210mm连杆-6061-1
2026-07-14 15:42:07,050 INFO  ExportHelperExtension.cs: 1125 - Retrieving features of type [CoordSys] from 小腿饰板2-4
2026-07-14 15:42:07,050 INFO  ExportHelperExtension.cs: 1136 - Found 35 in 小腿饰板2-4
2026-07-14 15:42:07,051 INFO  ExportHelperExtension.cs: 1145 - Found 0 features of type [CoordSys] in 小腿饰板2-4
2026-07-14 15:42:07,051 INFO  ExportHelperExtension.cs: 1125 - Retrieving features of type [CoordSys] from 前面板髋关节限位块-4
2026-07-14 15:42:07,052 INFO  ExportHelperExtension.cs: 1136 - Found 25 in 前面板髋关节限位块-4
2026-07-14 15:42:07,052 INFO  ExportHelperExtension.cs: 1145 - Found 0 features of type [CoordSys] in 前面板髋关节限位块-4
2026-07-14 15:42:07,052 INFO  ExportHelperExtension.cs: 1125 - Retrieving features of type [CoordSys] from GO-M8010-6电机3D模型-6
2026-07-14 15:42:07,053 INFO  ExportHelperExtension.cs: 1136 - Found 42 in GO-M8010-6电机3D模型-6
2026-07-14 15:42:07,053 INFO  ExportHelperExtension.cs: 1145 - Found 0 features of type [CoordSys] in GO-M8010-6电机3D模型-6
2026-07-14 15:42:07,053 INFO  ExportHelperExtension.cs: 1125 - Retrieving features of type [CoordSys] from 210mm连杆-6061-3
2026-07-14 15:42:07,054 INFO  ExportHelperExtension.cs: 1136 - Found 32 in 210mm连杆-6061-3
2026-07-14 15:42:07,054 INFO  ExportHelperExtension.cs: 1145 - Found 0 features of type [CoordSys] in 210mm连杆-6061-3
2026-07-14 15:42:07,054 INFO  ExportHelperExtension.cs: 1125 - Retrieving features of type [CoordSys] from 足端打印件2-6
2026-07-14 15:42:07,055 INFO  ExportHelperExtension.cs: 1136 - Found 30 in 足端打印件2-6
2026-07-14 15:42:07,056 INFO  ExportHelperExtension.cs: 1145 - Found 0 features of type [CoordSys] in 足端打印件2-6
2026-07-14 15:42:07,056 INFO  ExportHelperExtension.cs: 1125 - Retrieving features of type [CoordSys] from 大腿内侧角度限位-3
2026-07-14 15:42:07,056 INFO  ExportHelperExtension.cs: 1136 - Found 26 in 大腿内侧角度限位-3
2026-07-14 15:42:07,056 INFO  ExportHelperExtension.cs: 1145 - Found 0 features of type [CoordSys] in 大腿内侧角度限位-3
2026-07-14 15:42:07,057 INFO  ExportHelperExtension.cs: 1125 - Retrieving features of type [CoordSys] from 大腿打印件-3
2026-07-14 15:42:07,058 INFO  ExportHelperExtension.cs: 1136 - Found 40 in 大腿打印件-3
2026-07-14 15:42:07,058 INFO  ExportHelperExtension.cs: 1145 - Found 0 features of type [CoordSys] in 大腿打印件-3
2026-07-14 15:42:07,058 INFO  ExportHelperExtension.cs: 1125 - Retrieving features of type [CoordSys] from 前面板髋关节限位块-3
2026-07-14 15:42:07,058 INFO  ExportHelperExtension.cs: 1136 - Found 25 in 前面板髋关节限位块-3
2026-07-14 15:42:07,059 INFO  ExportHelperExtension.cs: 1145 - Found 0 features of type [CoordSys] in 前面板髋关节限位块-3
2026-07-14 15:42:07,059 INFO  ExportHelperExtension.cs: 1125 - Retrieving features of type [CoordSys] from 大腿内侧-6061-3
2026-07-14 15:42:07,059 INFO  ExportHelperExtension.cs: 1136 - Found 43 in 大腿内侧-6061-3
2026-07-14 15:42:07,061 INFO  ExportHelperExtension.cs: 1145 - Found 0 features of type [CoordSys] in 大腿内侧-6061-3
2026-07-14 15:42:07,061 INFO  ExportHelperExtension.cs: 1125 - Retrieving features of type [CoordSys] from GO-M8010-6电机3D模型-4
2026-07-14 15:42:07,061 INFO  ExportHelperExtension.cs: 1136 - Found 42 in GO-M8010-6电机3D模型-4
2026-07-14 15:42:07,062 INFO  ExportHelperExtension.cs: 1145 - Found 0 features of type [CoordSys] in GO-M8010-6电机3D模型-4
2026-07-14 15:42:07,062 INFO  ExportHelperExtension.cs: 1125 - Retrieving features of type [CoordSys] from 足端打印件-6
2026-07-14 15:42:07,063 INFO  ExportHelperExtension.cs: 1136 - Found 37 in 足端打印件-6
2026-07-14 15:42:07,063 INFO  ExportHelperExtension.cs: 1145 - Found 0 features of type [CoordSys] in 足端打印件-6
2026-07-14 15:42:07,063 INFO  ExportHelperExtension.cs: 1125 - Retrieving features of type [CoordSys] from 大腿内侧角度限位-4
2026-07-14 15:42:07,064 INFO  ExportHelperExtension.cs: 1136 - Found 26 in 大腿内侧角度限位-4
2026-07-14 15:42:07,064 INFO  ExportHelperExtension.cs: 1145 - Found 0 features of type [CoordSys] in 大腿内侧角度限位-4
2026-07-14 15:42:07,064 INFO  ExportHelperExtension.cs: 1125 - Retrieving features of type [CoordSys] from GO-M8010-6电机3D模型-5
2026-07-14 15:42:07,065 INFO  ExportHelperExtension.cs: 1136 - Found 42 in GO-M8010-6电机3D模型-5
2026-07-14 15:42:07,065 INFO  ExportHelperExtension.cs: 1145 - Found 0 features of type [CoordSys] in GO-M8010-6电机3D模型-5
2026-07-14 15:42:07,066 INFO  ExportHelperExtension.cs: 1125 - Retrieving features of type [CoordSys] from 髋关节连接件-单面-6061-右后-2
2026-07-14 15:42:07,066 INFO  ExportHelperExtension.cs: 1136 - Found 37 in 髋关节连接件-单面-6061-右后-2
2026-07-14 15:42:07,066 INFO  ExportHelperExtension.cs: 1145 - Found 0 features of type [CoordSys] in 髋关节连接件-单面-6061-右后-2
2026-07-14 15:42:07,067 INFO  ExportHelperExtension.cs: 1125 - Retrieving features of type [CoordSys] from 小腿外侧曲线-镜像-6061-3
2026-07-14 15:42:07,067 INFO  ExportHelperExtension.cs: 1136 - Found 36 in 小腿外侧曲线-镜像-6061-3
2026-07-14 15:42:07,068 INFO  ExportHelperExtension.cs: 1145 - Found 0 features of type [CoordSys] in 小腿外侧曲线-镜像-6061-3
2026-07-14 15:42:07,068 INFO  ExportHelperExtension.cs: 1125 - Retrieving features of type [CoordSys] from 小腿中间曲线-6061-3
2026-07-14 15:42:07,068 INFO  ExportHelperExtension.cs: 1136 - Found 35 in 小腿中间曲线-6061-3
2026-07-14 15:42:07,068 INFO  ExportHelperExtension.cs: 1145 - Found 0 features of type [CoordSys] in 小腿中间曲线-6061-3
2026-07-14 15:42:07,069 INFO  ExportHelperExtension.cs: 1125 - Retrieving features of type [CoordSys] from 小腿外侧曲线-6061-3
2026-07-14 15:42:07,069 INFO  ExportHelperExtension.cs: 1136 - Found 38 in 小腿外侧曲线-6061-3
2026-07-14 15:42:07,069 INFO  ExportHelperExtension.cs: 1145 - Found 0 features of type [CoordSys] in 小腿外侧曲线-6061-3
2026-07-14 15:42:07,070 INFO  ExportHelperExtension.cs: 1125 - Retrieving features of type [CoordSys] from 大腿外侧-6061-3mm-3
2026-07-14 15:42:07,070 INFO  ExportHelperExtension.cs: 1136 - Found 32 in 大腿外侧-6061-3mm-3
2026-07-14 15:42:07,071 INFO  ExportHelperExtension.cs: 1145 - Found 0 features of type [CoordSys] in 大腿外侧-6061-3mm-3
2026-07-14 15:42:07,071 INFO  ExportHelperExtension.cs: 1125 - Retrieving features of type [CoordSys] from 2-3关节连接件-右后-6061-2
2026-07-14 15:42:07,071 INFO  ExportHelperExtension.cs: 1136 - Found 36 in 2-3关节连接件-右后-6061-2
2026-07-14 15:42:07,072 INFO  ExportHelperExtension.cs: 1145 - Found 0 features of type [CoordSys] in 2-3关节连接件-右后-6061-2
2026-07-14 15:42:07,072 INFO  ExportHelperExtension.cs: 1125 - Retrieving features of type [CoordSys] from 大腿-小腿关节限位块-6
2026-07-14 15:42:07,073 INFO  ExportHelperExtension.cs: 1136 - Found 25 in 大腿-小腿关节限位块-6
2026-07-14 15:42:07,073 INFO  ExportHelperExtension.cs: 1145 - Found 0 features of type [CoordSys] in 大腿-小腿关节限位块-6
2026-07-14 15:42:07,073 INFO  ExportHelperExtension.cs: 1125 - Retrieving features of type [CoordSys] from 大腿内侧角度限位-5
2026-07-14 15:42:07,074 INFO  ExportHelperExtension.cs: 1136 - Found 26 in 大腿内侧角度限位-5
2026-07-14 15:42:07,074 INFO  ExportHelperExtension.cs: 1145 - Found 0 features of type [CoordSys] in 大腿内侧角度限位-5
2026-07-14 15:42:07,074 INFO  ExportHelperExtension.cs: 1125 - Retrieving features of type [CoordSys] from 大腿内侧角度限位-6
2026-07-14 15:42:07,075 INFO  ExportHelperExtension.cs: 1136 - Found 26 in 大腿内侧角度限位-6
2026-07-14 15:42:07,075 INFO  ExportHelperExtension.cs: 1145 - Found 0 features of type [CoordSys] in 大腿内侧角度限位-6
2026-07-14 15:42:07,075 INFO  ExportHelperExtension.cs: 1125 - Retrieving features of type [CoordSys] from GO-M8010-6电机3D模型-8
2026-07-14 15:42:07,076 INFO  ExportHelperExtension.cs: 1136 - Found 42 in GO-M8010-6电机3D模型-8
2026-07-14 15:42:07,076 INFO  ExportHelperExtension.cs: 1145 - Found 0 features of type [CoordSys] in GO-M8010-6电机3D模型-8
2026-07-14 15:42:07,077 INFO  ExportHelperExtension.cs: 1125 - Retrieving features of type [CoordSys] from 小腿齿轮-3
2026-07-14 15:42:07,077 INFO  ExportHelperExtension.cs: 1136 - Found 29 in 小腿齿轮-3
2026-07-14 15:42:07,078 INFO  ExportHelperExtension.cs: 1145 - Found 0 features of type [CoordSys] in 小腿齿轮-3
2026-07-14 15:42:07,078 INFO  ExportHelperExtension.cs: 1125 - Retrieving features of type [CoordSys] from 大腿内侧-6061-左侧-1
2026-07-14 15:42:07,078 INFO  ExportHelperExtension.cs: 1136 - Found 38 in 大腿内侧-6061-左侧-1
2026-07-14 15:42:07,079 INFO  ExportHelperExtension.cs: 1145 - Found 0 features of type [CoordSys] in 大腿内侧-6061-左侧-1
2026-07-14 15:42:07,079 INFO  ExportHelperExtension.cs: 1125 - Retrieving features of type [CoordSys] from 小腿饰板2-3
2026-07-14 15:42:07,079 INFO  ExportHelperExtension.cs: 1136 - Found 35 in 小腿饰板2-3
2026-07-14 15:42:07,080 INFO  ExportHelperExtension.cs: 1145 - Found 0 features of type [CoordSys] in 小腿饰板2-3
2026-07-14 15:42:07,080 INFO  ExportHelperExtension.cs: 1125 - Retrieving features of type [CoordSys] from 足端打印件2-4
2026-07-14 15:42:07,081 INFO  ExportHelperExtension.cs: 1136 - Found 30 in 足端打印件2-4
2026-07-14 15:42:07,081 INFO  ExportHelperExtension.cs: 1145 - Found 0 features of type [CoordSys] in 足端打印件2-4
2026-07-14 15:42:07,081 INFO  ExportHelperExtension.cs: 1125 - Retrieving features of type [CoordSys] from 小腿饰板1-3
2026-07-14 15:42:07,082 INFO  ExportHelperExtension.cs: 1136 - Found 28 in 小腿饰板1-3
2026-07-14 15:42:07,082 INFO  ExportHelperExtension.cs: 1145 - Found 0 features of type [CoordSys] in 小腿饰板1-3
2026-07-14 15:42:07,083 INFO  ExportHelperExtension.cs: 1125 - Retrieving features of type [CoordSys] from 前面板髋关节限位块-5
2026-07-14 15:42:07,083 INFO  ExportHelperExtension.cs: 1136 - Found 25 in 前面板髋关节限位块-5
2026-07-14 15:42:07,083 INFO  ExportHelperExtension.cs: 1145 - Found 0 features of type [CoordSys] in 前面板髋关节限位块-5
2026-07-14 15:42:07,084 INFO  ExportHelperExtension.cs: 1125 - Retrieving features of type [CoordSys] from 硅胶足端-3
2026-07-14 15:42:07,084 INFO  ExportHelperExtension.cs: 1136 - Found 28 in 硅胶足端-3
2026-07-14 15:42:07,085 INFO  ExportHelperExtension.cs: 1145 - Found 0 features of type [CoordSys] in 硅胶足端-3
2026-07-14 15:42:07,085 INFO  ExportHelperExtension.cs: 1125 - Retrieving features of type [CoordSys] from 足端打印件-4
2026-07-14 15:42:07,085 INFO  ExportHelperExtension.cs: 1136 - Found 37 in 足端打印件-4
2026-07-14 15:42:07,086 INFO  ExportHelperExtension.cs: 1145 - Found 0 features of type [CoordSys] in 足端打印件-4
2026-07-14 15:42:07,086 INFO  ExportHelperExtension.cs: 1125 - Retrieving features of type [CoordSys] from 大腿-小腿关节限位块-4
2026-07-14 15:42:07,087 INFO  ExportHelperExtension.cs: 1136 - Found 25 in 大腿-小腿关节限位块-4
2026-07-14 15:42:07,087 INFO  ExportHelperExtension.cs: 1145 - Found 0 features of type [CoordSys] in 大腿-小腿关节限位块-4
2026-07-14 15:42:07,087 INFO  ExportHelperExtension.cs: 1125 - Retrieving features of type [CoordSys] from 前面板髋关节限位块-6
2026-07-14 15:42:07,088 INFO  ExportHelperExtension.cs: 1136 - Found 25 in 前面板髋关节限位块-6
2026-07-14 15:42:07,088 INFO  ExportHelperExtension.cs: 1145 - Found 0 features of type [CoordSys] in 前面板髋关节限位块-6
2026-07-14 15:42:07,089 INFO  ExportHelperExtension.cs: 1125 - Retrieving features of type [CoordSys] from GO-M8010-6电机3D模型-7
2026-07-14 15:42:07,089 INFO  ExportHelperExtension.cs: 1136 - Found 42 in GO-M8010-6电机3D模型-7
2026-07-14 15:42:07,089 INFO  ExportHelperExtension.cs: 1145 - Found 0 features of type [CoordSys] in GO-M8010-6电机3D模型-7
2026-07-14 15:42:07,090 INFO  ExportHelperExtension.cs: 1125 - Retrieving features of type [CoordSys] from GO-M8010-6电机3D模型-9
2026-07-14 15:42:07,090 INFO  ExportHelperExtension.cs: 1136 - Found 42 in GO-M8010-6电机3D模型-9
2026-07-14 15:42:07,091 INFO  ExportHelperExtension.cs: 1145 - Found 0 features of type [CoordSys] in GO-M8010-6电机3D模型-9
2026-07-14 15:42:07,091 INFO  ExportHelperExtension.cs: 1125 - Retrieving features of type [CoordSys] from 髋关节连接件-单面-6061-左前-1
2026-07-14 15:42:07,091 INFO  ExportHelperExtension.cs: 1136 - Found 37 in 髋关节连接件-单面-6061-左前-1
2026-07-14 15:42:07,092 INFO  ExportHelperExtension.cs: 1145 - Found 0 features of type [CoordSys] in 髋关节连接件-单面-6061-左前-1
2026-07-14 15:42:07,092 INFO  ExportHelperExtension.cs: 1125 - Retrieving features of type [CoordSys] from 大腿打印件-镜像左侧-1
2026-07-14 15:42:07,093 INFO  ExportHelperExtension.cs: 1136 - Found 35 in 大腿打印件-镜像左侧-1
2026-07-14 15:42:07,096 INFO  ExportHelperExtension.cs: 1145 - Found 0 features of type [CoordSys] in 大腿打印件-镜像左侧-1
2026-07-14 15:42:07,097 INFO  ExportHelperExtension.cs: 1125 - Retrieving features of type [CoordSys] from 210mm连杆-6061-4
2026-07-14 15:42:07,112 INFO  ExportHelperExtension.cs: 1136 - Found 32 in 210mm连杆-6061-4
2026-07-14 15:42:07,112 INFO  ExportHelperExtension.cs: 1145 - Found 0 features of type [CoordSys] in 210mm连杆-6061-4
2026-07-14 15:42:07,114 INFO  ExportHelperExtension.cs: 1125 - Retrieving features of type [CoordSys] from 小腿齿轮-4
2026-07-14 15:42:07,114 INFO  ExportHelperExtension.cs: 1136 - Found 29 in 小腿齿轮-4
2026-07-14 15:42:07,114 INFO  ExportHelperExtension.cs: 1145 - Found 0 features of type [CoordSys] in 小腿齿轮-4
2026-07-14 15:42:07,115 INFO  ExportHelperExtension.cs: 1125 - Retrieving features of type [CoordSys] from 大腿外侧-6061-3mm-4
2026-07-14 15:42:07,115 INFO  ExportHelperExtension.cs: 1136 - Found 32 in 大腿外侧-6061-3mm-4
2026-07-14 15:42:07,115 INFO  ExportHelperExtension.cs: 1145 - Found 0 features of type [CoordSys] in 大腿外侧-6061-3mm-4
2026-07-14 15:42:07,116 INFO  ExportHelperExtension.cs: 1125 - Retrieving features of type [CoordSys] from 小腿外侧曲线-6061-4
2026-07-14 15:42:07,116 INFO  ExportHelperExtension.cs: 1136 - Found 38 in 小腿外侧曲线-6061-4
2026-07-14 15:42:07,117 INFO  ExportHelperExtension.cs: 1145 - Found 0 features of type [CoordSys] in 小腿外侧曲线-6061-4
2026-07-14 15:42:07,117 INFO  ExportHelperExtension.cs: 1125 - Retrieving features of type [CoordSys] from 硅胶足端-4
2026-07-14 15:42:07,117 INFO  ExportHelperExtension.cs: 1136 - Found 28 in 硅胶足端-4
2026-07-14 15:42:07,118 INFO  ExportHelperExtension.cs: 1145 - Found 0 features of type [CoordSys] in 硅胶足端-4
2026-07-14 15:42:07,118 INFO  ExportHelperExtension.cs: 1125 - Retrieving features of type [CoordSys] from 2-3关节连接件-前左-6061-1
2026-07-14 15:42:07,119 INFO  ExportHelperExtension.cs: 1136 - Found 36 in 2-3关节连接件-前左-6061-1
2026-07-14 15:42:07,119 INFO  ExportHelperExtension.cs: 1145 - Found 0 features of type [CoordSys] in 2-3关节连接件-前左-6061-1
2026-07-14 15:42:07,119 INFO  ExportHelperExtension.cs: 1125 - Retrieving features of type [CoordSys] from 小腿饰板1-2
2026-07-14 15:42:07,120 INFO  ExportHelperExtension.cs: 1136 - Found 28 in 小腿饰板1-2
2026-07-14 15:42:07,120 INFO  ExportHelperExtension.cs: 1145 - Found 0 features of type [CoordSys] in 小腿饰板1-2
2026-07-14 15:42:07,121 INFO  ExportHelperExtension.cs: 1125 - Retrieving features of type [CoordSys] from 小腿中间曲线-6061-4
2026-07-14 15:42:07,121 INFO  ExportHelperExtension.cs: 1136 - Found 35 in 小腿中间曲线-6061-4
2026-07-14 15:42:07,121 INFO  ExportHelperExtension.cs: 1145 - Found 0 features of type [CoordSys] in 小腿中间曲线-6061-4
2026-07-14 15:42:07,122 INFO  ExportHelperExtension.cs: 1125 - Retrieving features of type [CoordSys] from 小腿饰板2-2
2026-07-14 15:42:07,122 INFO  ExportHelperExtension.cs: 1136 - Found 35 in 小腿饰板2-2
2026-07-14 15:42:07,123 INFO  ExportHelperExtension.cs: 1145 - Found 0 features of type [CoordSys] in 小腿饰板2-2
2026-07-14 15:42:07,123 INFO  ExportHelperExtension.cs: 1125 - Retrieving features of type [CoordSys] from 足端打印件2-5
2026-07-14 15:42:07,123 INFO  ExportHelperExtension.cs: 1136 - Found 30 in 足端打印件2-5
2026-07-14 15:42:07,124 INFO  ExportHelperExtension.cs: 1145 - Found 0 features of type [CoordSys] in 足端打印件2-5
2026-07-14 15:42:07,124 INFO  ExportHelperExtension.cs: 1125 - Retrieving features of type [CoordSys] from 足端打印件-5
2026-07-14 15:42:07,124 INFO  ExportHelperExtension.cs: 1136 - Found 37 in 足端打印件-5
2026-07-14 15:42:07,125 INFO  ExportHelperExtension.cs: 1145 - Found 0 features of type [CoordSys] in 足端打印件-5
2026-07-14 15:42:07,125 INFO  ExportHelperExtension.cs: 1125 - Retrieving features of type [CoordSys] from 小腿外侧曲线-镜像-6061-4
2026-07-14 15:42:07,126 INFO  ExportHelperExtension.cs: 1136 - Found 36 in 小腿外侧曲线-镜像-6061-4
2026-07-14 15:42:07,126 INFO  ExportHelperExtension.cs: 1145 - Found 0 features of type [CoordSys] in 小腿外侧曲线-镜像-6061-4
2026-07-14 15:42:07,127 INFO  ExportHelperExtension.cs: 1125 - Retrieving features of type [CoordSys] from 前面板髋关节限位块-7
2026-07-14 15:42:07,127 INFO  ExportHelperExtension.cs: 1136 - Found 25 in 前面板髋关节限位块-7
2026-07-14 15:42:07,127 INFO  ExportHelperExtension.cs: 1145 - Found 0 features of type [CoordSys] in 前面板髋关节限位块-7
2026-07-14 15:42:07,128 INFO  ExportHelperExtension.cs: 1125 - Retrieving features of type [CoordSys] from 大腿-小腿关节限位块-5
2026-07-14 15:42:07,128 INFO  ExportHelperExtension.cs: 1136 - Found 25 in 大腿-小腿关节限位块-5
2026-07-14 15:42:07,129 INFO  ExportHelperExtension.cs: 1145 - Found 0 features of type [CoordSys] in 大腿-小腿关节限位块-5
2026-07-14 15:42:07,129 INFO  ExportHelperExtension.cs: 1125 - Retrieving features of type [CoordSys] from 大腿-小腿关节限位块-2
2026-07-14 15:42:07,129 INFO  ExportHelperExtension.cs: 1136 - Found 25 in 大腿-小腿关节限位块-2
2026-07-14 15:42:07,130 INFO  ExportHelperExtension.cs: 1145 - Found 0 features of type [CoordSys] in 大腿-小腿关节限位块-2
2026-07-14 15:42:07,130 INFO  ExportHelperExtension.cs: 1125 - Retrieving features of type [CoordSys] from 前面板髋关节限位块-2
2026-07-14 15:42:07,130 INFO  ExportHelperExtension.cs: 1136 - Found 25 in 前面板髋关节限位块-2
2026-07-14 15:42:07,131 INFO  ExportHelperExtension.cs: 1145 - Found 0 features of type [CoordSys] in 前面板髋关节限位块-2
2026-07-14 15:42:07,131 INFO  ExportHelperExtension.cs: 1125 - Retrieving features of type [CoordSys] from 前面板髋关节限位块-1
2026-07-14 15:42:07,132 INFO  ExportHelperExtension.cs: 1136 - Found 25 in 前面板髋关节限位块-1
2026-07-14 15:42:07,132 INFO  ExportHelperExtension.cs: 1145 - Found 0 features of type [CoordSys] in 前面板髋关节限位块-1
2026-07-14 15:42:07,132 INFO  ExportHelperExtension.cs: 1125 - Retrieving features of type [CoordSys] from 大腿内侧角度限位-1
2026-07-14 15:42:07,133 INFO  ExportHelperExtension.cs: 1136 - Found 26 in 大腿内侧角度限位-1
2026-07-14 15:42:07,133 INFO  ExportHelperExtension.cs: 1145 - Found 0 features of type [CoordSys] in 大腿内侧角度限位-1
2026-07-14 15:42:07,133 INFO  ExportHelperExtension.cs: 1125 - Retrieving features of type [CoordSys] from GO-M8010-6电机3D模型-2
2026-07-14 15:42:07,134 INFO  ExportHelperExtension.cs: 1136 - Found 42 in GO-M8010-6电机3D模型-2
2026-07-14 15:42:07,134 INFO  ExportHelperExtension.cs: 1145 - Found 0 features of type [CoordSys] in GO-M8010-6电机3D模型-2
2026-07-14 15:42:07,135 INFO  ExportHelperExtension.cs: 1125 - Retrieving features of type [CoordSys] from 大腿内侧角度限位-2
2026-07-14 15:42:07,136 INFO  ExportHelperExtension.cs: 1136 - Found 26 in 大腿内侧角度限位-2
2026-07-14 15:42:07,136 INFO  ExportHelperExtension.cs: 1145 - Found 0 features of type [CoordSys] in 大腿内侧角度限位-2
2026-07-14 15:42:07,136 INFO  ExportHelperExtension.cs: 1125 - Retrieving features of type [CoordSys] from GO-M8010-6电机3D模型-1
2026-07-14 15:42:07,137 INFO  ExportHelperExtension.cs: 1136 - Found 42 in GO-M8010-6电机3D模型-1
2026-07-14 15:42:07,137 INFO  ExportHelperExtension.cs: 1145 - Found 0 features of type [CoordSys] in GO-M8010-6电机3D模型-1
2026-07-14 15:42:07,138 INFO  ExportHelperExtension.cs: 1125 - Retrieving features of type [CoordSys] from 大腿内侧角度限位-8
2026-07-14 15:42:07,138 INFO  ExportHelperExtension.cs: 1136 - Found 26 in 大腿内侧角度限位-8
2026-07-14 15:42:07,138 INFO  ExportHelperExtension.cs: 1145 - Found 0 features of type [CoordSys] in 大腿内侧角度限位-8
2026-07-14 15:42:07,139 INFO  ExportHelperExtension.cs: 1125 - Retrieving features of type [CoordSys] from GO-M8010-6电机3D模型-10
2026-07-14 15:42:07,139 INFO  ExportHelperExtension.cs: 1136 - Found 42 in GO-M8010-6电机3D模型-10
2026-07-14 15:42:07,140 INFO  ExportHelperExtension.cs: 1145 - Found 0 features of type [CoordSys] in GO-M8010-6电机3D模型-10
2026-07-14 15:42:07,140 INFO  ExportHelperExtension.cs: 1125 - Retrieving features of type [CoordSys] from GO-M8010-6电机3D模型-12
2026-07-14 15:42:07,140 INFO  ExportHelperExtension.cs: 1136 - Found 42 in GO-M8010-6电机3D模型-12
2026-07-14 15:42:07,141 INFO  ExportHelperExtension.cs: 1145 - Found 0 features of type [CoordSys] in GO-M8010-6电机3D模型-12
2026-07-14 15:42:07,141 INFO  ExportHelperExtension.cs: 1125 - Retrieving features of type [CoordSys] from 小腿中间曲线-6061-5
2026-07-14 15:42:07,141 INFO  ExportHelperExtension.cs: 1136 - Found 35 in 小腿中间曲线-6061-5
2026-07-14 15:42:07,142 INFO  ExportHelperExtension.cs: 1145 - Found 0 features of type [CoordSys] in 小腿中间曲线-6061-5
2026-07-14 15:42:07,142 INFO  ExportHelperExtension.cs: 1125 - Retrieving features of type [CoordSys] from GO-M8010-6电机3D模型-11
2026-07-14 15:42:07,142 INFO  ExportHelperExtension.cs: 1136 - Found 42 in GO-M8010-6电机3D模型-11
2026-07-14 15:42:07,143 INFO  ExportHelperExtension.cs: 1145 - Found 0 features of type [CoordSys] in GO-M8010-6电机3D模型-11
2026-07-14 15:42:07,143 INFO  ExportHelperExtension.cs: 1125 - Retrieving features of type [CoordSys] from 大腿内侧角度限位-7
2026-07-14 15:42:07,144 INFO  ExportHelperExtension.cs: 1136 - Found 26 in 大腿内侧角度限位-7
2026-07-14 15:42:07,144 INFO  ExportHelperExtension.cs: 1145 - Found 0 features of type [CoordSys] in 大腿内侧角度限位-7
2026-07-14 15:42:07,145 INFO  ExportHelperExtension.cs: 1125 - Retrieving features of type [CoordSys] from 小腿饰板2-1
2026-07-14 15:42:07,145 INFO  ExportHelperExtension.cs: 1136 - Found 35 in 小腿饰板2-1
2026-07-14 15:42:07,145 INFO  ExportHelperExtension.cs: 1145 - Found 0 features of type [CoordSys] in 小腿饰板2-1
2026-07-14 15:42:07,146 INFO  ExportHelperExtension.cs: 1125 - Retrieving features of type [CoordSys] from 小腿外侧曲线-6061-5
2026-07-14 15:42:07,146 INFO  ExportHelperExtension.cs: 1136 - Found 38 in 小腿外侧曲线-6061-5
2026-07-14 15:42:07,147 INFO  ExportHelperExtension.cs: 1145 - Found 0 features of type [CoordSys] in 小腿外侧曲线-6061-5
2026-07-14 15:42:07,147 INFO  ExportHelperExtension.cs: 1125 - Retrieving features of type [CoordSys] from 小腿齿轮-5
2026-07-14 15:42:07,147 INFO  ExportHelperExtension.cs: 1136 - Found 29 in 小腿齿轮-5
2026-07-14 15:42:07,148 INFO  ExportHelperExtension.cs: 1145 - Found 0 features of type [CoordSys] in 小腿齿轮-5
2026-07-14 15:42:07,148 INFO  ExportHelperExtension.cs: 1125 - Retrieving features of type [CoordSys] from 前面板髋关节限位块-8
2026-07-14 15:42:07,149 INFO  ExportHelperExtension.cs: 1136 - Found 25 in 前面板髋关节限位块-8
2026-07-14 15:42:07,149 INFO  ExportHelperExtension.cs: 1145 - Found 0 features of type [CoordSys] in 前面板髋关节限位块-8
2026-07-14 15:42:07,149 INFO  ExportHelperExtension.cs: 1125 - Retrieving features of type [CoordSys] from 髋关节连接件-单面-6061-左后-1
2026-07-14 15:42:07,150 INFO  ExportHelperExtension.cs: 1136 - Found 38 in 髋关节连接件-单面-6061-左后-1
2026-07-14 15:42:07,150 INFO  ExportHelperExtension.cs: 1145 - Found 0 features of type [CoordSys] in 髋关节连接件-单面-6061-左后-1
2026-07-14 15:42:07,150 INFO  ExportHelperExtension.cs: 1125 - Retrieving features of type [CoordSys] from 大腿内侧-6061-左侧-2
2026-07-14 15:42:07,152 INFO  ExportHelperExtension.cs: 1136 - Found 38 in 大腿内侧-6061-左侧-2
2026-07-14 15:42:07,152 INFO  ExportHelperExtension.cs: 1145 - Found 0 features of type [CoordSys] in 大腿内侧-6061-左侧-2
2026-07-14 15:42:07,152 INFO  ExportHelperExtension.cs: 1125 - Retrieving features of type [CoordSys] from 260mm2020-2
2026-07-14 15:42:07,153 INFO  ExportHelperExtension.cs: 1136 - Found 29 in 260mm2020-2
2026-07-14 15:42:07,153 INFO  ExportHelperExtension.cs: 1145 - Found 0 features of type [CoordSys] in 260mm2020-2
2026-07-14 15:42:07,154 INFO  ExportHelperExtension.cs: 1125 - Retrieving features of type [CoordSys] from 大腿打印件-镜像左侧-2
2026-07-14 15:42:07,154 INFO  ExportHelperExtension.cs: 1136 - Found 35 in 大腿打印件-镜像左侧-2
2026-07-14 15:42:07,155 INFO  ExportHelperExtension.cs: 1145 - Found 0 features of type [CoordSys] in 大腿打印件-镜像左侧-2
2026-07-14 15:42:07,155 INFO  ExportHelperExtension.cs: 1125 - Retrieving features of type [CoordSys] from 大腿外侧-6061-3mm-5
2026-07-14 15:42:07,155 INFO  ExportHelperExtension.cs: 1136 - Found 32 in 大腿外侧-6061-3mm-5
2026-07-14 15:42:07,156 INFO  ExportHelperExtension.cs: 1145 - Found 0 features of type [CoordSys] in 大腿外侧-6061-3mm-5
2026-07-14 15:42:07,156 INFO  ExportHelperExtension.cs: 1125 - Retrieving features of type [CoordSys] from 小腿外侧曲线-镜像-6061-5
2026-07-14 15:42:07,156 INFO  ExportHelperExtension.cs: 1136 - Found 36 in 小腿外侧曲线-镜像-6061-5
2026-07-14 15:42:07,157 INFO  ExportHelperExtension.cs: 1145 - Found 0 features of type [CoordSys] in 小腿外侧曲线-镜像-6061-5
2026-07-14 15:42:07,157 INFO  ExportHelperExtension.cs: 1125 - Retrieving features of type [CoordSys] from 210mm连杆-6061-5
2026-07-14 15:42:07,157 INFO  ExportHelperExtension.cs: 1136 - Found 32 in 210mm连杆-6061-5
2026-07-14 15:42:07,159 INFO  ExportHelperExtension.cs: 1145 - Found 0 features of type [CoordSys] in 210mm连杆-6061-5
2026-07-14 15:42:07,159 INFO  ExportHelperExtension.cs: 1125 - Retrieving features of type [CoordSys] from 小腿饰板1-1
2026-07-14 15:42:07,189 INFO  ExportHelperExtension.cs: 1136 - Found 28 in 小腿饰板1-1
2026-07-14 15:42:07,190 INFO  ExportHelperExtension.cs: 1145 - Found 0 features of type [CoordSys] in 小腿饰板1-1
2026-07-14 15:42:07,191 INFO  ExportHelperExtension.cs: 1125 - Retrieving features of type [CoordSys] from 足端打印件-1
2026-07-14 15:42:07,191 INFO  ExportHelperExtension.cs: 1136 - Found 37 in 足端打印件-1
2026-07-14 15:42:07,192 INFO  ExportHelperExtension.cs: 1145 - Found 0 features of type [CoordSys] in 足端打印件-1
2026-07-14 15:42:07,192 INFO  ExportHelperExtension.cs: 1125 - Retrieving features of type [CoordSys] from 足端打印件2-1
2026-07-14 15:42:07,193 INFO  ExportHelperExtension.cs: 1136 - Found 30 in 足端打印件2-1
2026-07-14 15:42:07,193 INFO  ExportHelperExtension.cs: 1145 - Found 0 features of type [CoordSys] in 足端打印件2-1
2026-07-14 15:42:07,194 INFO  ExportHelperExtension.cs: 1125 - Retrieving features of type [CoordSys] from 2-3关节连接件-左后-6061-2
2026-07-14 15:42:07,194 INFO  ExportHelperExtension.cs: 1136 - Found 36 in 2-3关节连接件-左后-6061-2
2026-07-14 15:42:07,195 INFO  ExportHelperExtension.cs: 1145 - Found 0 features of type [CoordSys] in 2-3关节连接件-左后-6061-2
2026-07-14 15:42:07,195 INFO  ExportHelperExtension.cs: 1125 - Retrieving features of type [CoordSys] from 260mm2020-1
2026-07-14 15:42:07,195 INFO  ExportHelperExtension.cs: 1136 - Found 29 in 260mm2020-1
2026-07-14 15:42:07,195 INFO  ExportHelperExtension.cs: 1145 - Found 0 features of type [CoordSys] in 260mm2020-1
2026-07-14 15:42:07,197 INFO  ExportHelperExtension.cs: 1125 - Retrieving features of type [CoordSys] from 硅胶足端-2
2026-07-14 15:42:07,197 INFO  ExportHelperExtension.cs: 1136 - Found 28 in 硅胶足端-2
2026-07-14 15:42:07,198 INFO  ExportHelperExtension.cs: 1145 - Found 0 features of type [CoordSys] in 硅胶足端-2
2026-07-14 15:42:07,198 INFO  ExportHelperExtension.cs: 1125 - Retrieving features of type [CoordSys] from 260mm2020-4
2026-07-14 15:42:07,198 INFO  ExportHelperExtension.cs: 1136 - Found 29 in 260mm2020-4
2026-07-14 15:42:07,199 INFO  ExportHelperExtension.cs: 1145 - Found 0 features of type [CoordSys] in 260mm2020-4
2026-07-14 15:42:07,199 INFO  ExportHelperExtension.cs: 1125 - Retrieving features of type [CoordSys] from 机身主体-1
2026-07-14 15:42:07,200 INFO  ExportHelperExtension.cs: 1136 - Found 32 in 机身主体-1
2026-07-14 15:42:07,200 INFO  ExportHelperExtension.cs: 1145 - Found 0 features of type [CoordSys] in 机身主体-1
2026-07-14 15:42:07,200 INFO  ExportHelperExtension.cs: 1125 - Retrieving features of type [CoordSys] from 前部连接件-6061-1
2026-07-14 15:42:07,200 INFO  ExportHelperExtension.cs: 1136 - Found 35 in 前部连接件-6061-1
2026-07-14 15:42:07,201 INFO  ExportHelperExtension.cs: 1145 - Found 0 features of type [CoordSys] in 前部连接件-6061-1
2026-07-14 15:42:07,201 INFO  ExportHelperExtension.cs: 1125 - Retrieving features of type [CoordSys] from 260mm2020-3
2026-07-14 15:42:07,202 INFO  ExportHelperExtension.cs: 1136 - Found 29 in 260mm2020-3
2026-07-14 15:42:07,202 INFO  ExportHelperExtension.cs: 1145 - Found 0 features of type [CoordSys] in 260mm2020-3
2026-07-14 15:42:07,202 INFO  ExportHelperExtension.cs: 1125 - Retrieving features of type [CoordSys] from 前部防护件-1
2026-07-14 15:42:07,203 INFO  ExportHelperExtension.cs: 1136 - Found 30 in 前部防护件-1
2026-07-14 15:42:07,203 INFO  ExportHelperExtension.cs: 1145 - Found 0 features of type [CoordSys] in 前部防护件-1
2026-07-14 15:42:07,204 INFO  ExportHelperExtension.cs: 1125 - Retrieving features of type [CoordSys] from 后部连接件-1
2026-07-14 15:42:07,204 INFO  ExportHelperExtension.cs: 1136 - Found 37 in 后部连接件-1
2026-07-14 15:42:07,205 INFO  ExportHelperExtension.cs: 1145 - Found 0 features of type [CoordSys] in 后部连接件-1
2026-07-14 15:42:07,205 INFO  ExportHelperExtension.cs: 1125 - Retrieving features of type [RefAxis] from 整狗装配体.SLDASM
2026-07-14 15:42:07,206 INFO  ExportHelperExtension.cs: 1136 - Found 538 in 整狗装配体.SLDASM
2026-07-14 15:42:07,208 INFO  ExportHelperExtension.cs: 1145 - Found 12 features of type [RefAxis] in 整狗装配体.SLDASM
2026-07-14 15:42:07,208 INFO  ExportHelperExtension.cs: 1148 - Proceeding through assembly components
2026-07-14 15:42:07,209 INFO  ExportHelperExtension.cs: 1160 - 100 components to check
2026-07-14 15:42:07,209 INFO  ExportHelperExtension.cs: 1125 - Retrieving features of type [RefAxis] from 小腿中间曲线-6061-1
2026-07-14 15:42:07,209 INFO  ExportHelperExtension.cs: 1136 - Found 35 in 小腿中间曲线-6061-1
2026-07-14 15:42:07,210 INFO  ExportHelperExtension.cs: 1145 - Found 2 features of type [RefAxis] in 小腿中间曲线-6061-1
2026-07-14 15:42:07,210 INFO  ExportHelperExtension.cs: 1125 - Retrieving features of type [RefAxis] from 2-3关节连接件-前右-6061-2
2026-07-14 15:42:07,211 INFO  ExportHelperExtension.cs: 1136 - Found 36 in 2-3关节连接件-前右-6061-2
2026-07-14 15:42:07,211 INFO  ExportHelperExtension.cs: 1145 - Found 0 features of type [RefAxis] in 2-3关节连接件-前右-6061-2
2026-07-14 15:42:07,211 INFO  ExportHelperExtension.cs: 1125 - Retrieving features of type [RefAxis] from 小腿饰板1-4
2026-07-14 15:42:07,212 INFO  ExportHelperExtension.cs: 1136 - Found 28 in 小腿饰板1-4
2026-07-14 15:42:07,212 INFO  ExportHelperExtension.cs: 1145 - Found 0 features of type [RefAxis] in 小腿饰板1-4
2026-07-14 15:42:07,213 INFO  ExportHelperExtension.cs: 1125 - Retrieving features of type [RefAxis] from GO-M8010-6电机3D模型-3
2026-07-14 15:42:07,213 INFO  ExportHelperExtension.cs: 1136 - Found 42 in GO-M8010-6电机3D模型-3
2026-07-14 15:42:07,214 INFO  ExportHelperExtension.cs: 1145 - Found 0 features of type [RefAxis] in GO-M8010-6电机3D模型-3
2026-07-14 15:42:07,214 INFO  ExportHelperExtension.cs: 1125 - Retrieving features of type [RefAxis] from 髋关节连接件-前腿-6061-1
2026-07-14 15:42:07,214 INFO  ExportHelperExtension.cs: 1136 - Found 41 in 髋关节连接件-前腿-6061-1
2026-07-14 15:42:07,215 INFO  ExportHelperExtension.cs: 1145 - Found 1 features of type [RefAxis] in 髋关节连接件-前腿-6061-1
2026-07-14 15:42:07,215 INFO  ExportHelperExtension.cs: 1125 - Retrieving features of type [RefAxis] from 硅胶足端-5
2026-07-14 15:42:07,216 INFO  ExportHelperExtension.cs: 1136 - Found 28 in 硅胶足端-5
2026-07-14 15:42:07,216 INFO  ExportHelperExtension.cs: 1145 - Found 0 features of type [RefAxis] in 硅胶足端-5
2026-07-14 15:42:07,217 INFO  ExportHelperExtension.cs: 1125 - Retrieving features of type [RefAxis] from 小腿外侧曲线-镜像-6061-1
2026-07-14 15:42:07,217 INFO  ExportHelperExtension.cs: 1136 - Found 36 in 小腿外侧曲线-镜像-6061-1
2026-07-14 15:42:07,217 INFO  ExportHelperExtension.cs: 1145 - Found 0 features of type [RefAxis] in 小腿外侧曲线-镜像-6061-1
2026-07-14 15:42:07,218 INFO  ExportHelperExtension.cs: 1125 - Retrieving features of type [RefAxis] from 小腿齿轮-1
2026-07-14 15:42:07,218 INFO  ExportHelperExtension.cs: 1136 - Found 29 in 小腿齿轮-1
2026-07-14 15:42:07,219 INFO  ExportHelperExtension.cs: 1145 - Found 0 features of type [RefAxis] in 小腿齿轮-1
2026-07-14 15:42:07,219 INFO  ExportHelperExtension.cs: 1125 - Retrieving features of type [RefAxis] from 小腿外侧曲线-6061-1
2026-07-14 15:42:07,220 INFO  ExportHelperExtension.cs: 1136 - Found 38 in 小腿外侧曲线-6061-1
2026-07-14 15:42:07,220 INFO  ExportHelperExtension.cs: 1145 - Found 0 features of type [RefAxis] in 小腿外侧曲线-6061-1
2026-07-14 15:42:07,221 INFO  ExportHelperExtension.cs: 1125 - Retrieving features of type [RefAxis] from 大腿外侧-6061-3mm-1
2026-07-14 15:42:07,222 INFO  ExportHelperExtension.cs: 1136 - Found 32 in 大腿外侧-6061-3mm-1
2026-07-14 15:42:07,222 INFO  ExportHelperExtension.cs: 1145 - Found 0 features of type [RefAxis] in 大腿外侧-6061-3mm-1
2026-07-14 15:42:07,223 INFO  ExportHelperExtension.cs: 1125 - Retrieving features of type [RefAxis] from 大腿打印件-1
2026-07-14 15:42:07,223 INFO  ExportHelperExtension.cs: 1136 - Found 40 in 大腿打印件-1
2026-07-14 15:42:07,224 INFO  ExportHelperExtension.cs: 1145 - Found 0 features of type [RefAxis] in 大腿打印件-1
2026-07-14 15:42:07,224 INFO  ExportHelperExtension.cs: 1125 - Retrieving features of type [RefAxis] from 大腿内侧-6061-1
2026-07-14 15:42:07,224 INFO  ExportHelperExtension.cs: 1136 - Found 43 in 大腿内侧-6061-1
2026-07-14 15:42:07,225 INFO  ExportHelperExtension.cs: 1145 - Found 2 features of type [RefAxis] in 大腿内侧-6061-1
2026-07-14 15:42:07,225 INFO  ExportHelperExtension.cs: 1125 - Retrieving features of type [RefAxis] from 210mm连杆-6061-1
2026-07-14 15:42:07,226 INFO  ExportHelperExtension.cs: 1136 - Found 32 in 210mm连杆-6061-1
2026-07-14 15:42:07,226 INFO  ExportHelperExtension.cs: 1145 - Found 0 features of type [RefAxis] in 210mm连杆-6061-1
2026-07-14 15:42:07,227 INFO  ExportHelperExtension.cs: 1125 - Retrieving features of type [RefAxis] from 小腿饰板2-4
2026-07-14 15:42:07,227 INFO  ExportHelperExtension.cs: 1136 - Found 35 in 小腿饰板2-4
2026-07-14 15:42:07,228 INFO  ExportHelperExtension.cs: 1145 - Found 0 features of type [RefAxis] in 小腿饰板2-4
2026-07-14 15:42:07,228 INFO  ExportHelperExtension.cs: 1125 - Retrieving features of type [RefAxis] from 前面板髋关节限位块-4
2026-07-14 15:42:07,228 INFO  ExportHelperExtension.cs: 1136 - Found 25 in 前面板髋关节限位块-4
2026-07-14 15:42:07,229 INFO  ExportHelperExtension.cs: 1145 - Found 0 features of type [RefAxis] in 前面板髋关节限位块-4
2026-07-14 15:42:07,229 INFO  ExportHelperExtension.cs: 1125 - Retrieving features of type [RefAxis] from GO-M8010-6电机3D模型-6
2026-07-14 15:42:07,230 INFO  ExportHelperExtension.cs: 1136 - Found 42 in GO-M8010-6电机3D模型-6
2026-07-14 15:42:07,230 INFO  ExportHelperExtension.cs: 1145 - Found 0 features of type [RefAxis] in GO-M8010-6电机3D模型-6
2026-07-14 15:42:07,231 INFO  ExportHelperExtension.cs: 1125 - Retrieving features of type [RefAxis] from 210mm连杆-6061-3
2026-07-14 15:42:07,231 INFO  ExportHelperExtension.cs: 1136 - Found 32 in 210mm连杆-6061-3
2026-07-14 15:42:07,232 INFO  ExportHelperExtension.cs: 1145 - Found 0 features of type [RefAxis] in 210mm连杆-6061-3
2026-07-14 15:42:07,232 INFO  ExportHelperExtension.cs: 1125 - Retrieving features of type [RefAxis] from 足端打印件2-6
2026-07-14 15:42:07,232 INFO  ExportHelperExtension.cs: 1136 - Found 30 in 足端打印件2-6
2026-07-14 15:42:07,233 INFO  ExportHelperExtension.cs: 1145 - Found 0 features of type [RefAxis] in 足端打印件2-6
2026-07-14 15:42:07,233 INFO  ExportHelperExtension.cs: 1125 - Retrieving features of type [RefAxis] from 大腿内侧角度限位-3
2026-07-14 15:42:07,234 INFO  ExportHelperExtension.cs: 1136 - Found 26 in 大腿内侧角度限位-3
2026-07-14 15:42:07,234 INFO  ExportHelperExtension.cs: 1145 - Found 0 features of type [RefAxis] in 大腿内侧角度限位-3
2026-07-14 15:42:07,234 INFO  ExportHelperExtension.cs: 1125 - Retrieving features of type [RefAxis] from 大腿打印件-3
2026-07-14 15:42:07,235 INFO  ExportHelperExtension.cs: 1136 - Found 40 in 大腿打印件-3
2026-07-14 15:42:07,235 INFO  ExportHelperExtension.cs: 1145 - Found 0 features of type [RefAxis] in 大腿打印件-3
2026-07-14 15:42:07,236 INFO  ExportHelperExtension.cs: 1125 - Retrieving features of type [RefAxis] from 前面板髋关节限位块-3
2026-07-14 15:42:07,236 INFO  ExportHelperExtension.cs: 1136 - Found 25 in 前面板髋关节限位块-3
2026-07-14 15:42:07,237 INFO  ExportHelperExtension.cs: 1145 - Found 0 features of type [RefAxis] in 前面板髋关节限位块-3
2026-07-14 15:42:07,237 INFO  ExportHelperExtension.cs: 1125 - Retrieving features of type [RefAxis] from 大腿内侧-6061-3
2026-07-14 15:42:07,237 INFO  ExportHelperExtension.cs: 1136 - Found 43 in 大腿内侧-6061-3
2026-07-14 15:42:07,238 INFO  ExportHelperExtension.cs: 1145 - Found 2 features of type [RefAxis] in 大腿内侧-6061-3
2026-07-14 15:42:07,238 INFO  ExportHelperExtension.cs: 1125 - Retrieving features of type [RefAxis] from GO-M8010-6电机3D模型-4
2026-07-14 15:42:07,239 INFO  ExportHelperExtension.cs: 1136 - Found 42 in GO-M8010-6电机3D模型-4
2026-07-14 15:42:07,239 INFO  ExportHelperExtension.cs: 1145 - Found 0 features of type [RefAxis] in GO-M8010-6电机3D模型-4
2026-07-14 15:42:07,240 INFO  ExportHelperExtension.cs: 1125 - Retrieving features of type [RefAxis] from 足端打印件-6
2026-07-14 15:42:07,240 INFO  ExportHelperExtension.cs: 1136 - Found 37 in 足端打印件-6
2026-07-14 15:42:07,240 INFO  ExportHelperExtension.cs: 1145 - Found 0 features of type [RefAxis] in 足端打印件-6
2026-07-14 15:42:07,241 INFO  ExportHelperExtension.cs: 1125 - Retrieving features of type [RefAxis] from 大腿内侧角度限位-4
2026-07-14 15:42:07,241 INFO  ExportHelperExtension.cs: 1136 - Found 26 in 大腿内侧角度限位-4
2026-07-14 15:42:07,242 INFO  ExportHelperExtension.cs: 1145 - Found 0 features of type [RefAxis] in 大腿内侧角度限位-4
2026-07-14 15:42:07,247 INFO  ExportHelperExtension.cs: 1125 - Retrieving features of type [RefAxis] from GO-M8010-6电机3D模型-5
2026-07-14 15:42:07,266 INFO  ExportHelperExtension.cs: 1136 - Found 42 in GO-M8010-6电机3D模型-5
2026-07-14 15:42:07,267 INFO  ExportHelperExtension.cs: 1145 - Found 0 features of type [RefAxis] in GO-M8010-6电机3D模型-5
2026-07-14 15:42:07,267 INFO  ExportHelperExtension.cs: 1125 - Retrieving features of type [RefAxis] from 髋关节连接件-单面-6061-右后-2
2026-07-14 15:42:07,269 INFO  ExportHelperExtension.cs: 1136 - Found 37 in 髋关节连接件-单面-6061-右后-2
2026-07-14 15:42:07,269 INFO  ExportHelperExtension.cs: 1145 - Found 1 features of type [RefAxis] in 髋关节连接件-单面-6061-右后-2
2026-07-14 15:42:07,270 INFO  ExportHelperExtension.cs: 1125 - Retrieving features of type [RefAxis] from 小腿外侧曲线-镜像-6061-3
2026-07-14 15:42:07,270 INFO  ExportHelperExtension.cs: 1136 - Found 36 in 小腿外侧曲线-镜像-6061-3
2026-07-14 15:42:07,270 INFO  ExportHelperExtension.cs: 1145 - Found 0 features of type [RefAxis] in 小腿外侧曲线-镜像-6061-3
2026-07-14 15:42:07,271 INFO  ExportHelperExtension.cs: 1125 - Retrieving features of type [RefAxis] from 小腿中间曲线-6061-3
2026-07-14 15:42:07,271 INFO  ExportHelperExtension.cs: 1136 - Found 35 in 小腿中间曲线-6061-3
2026-07-14 15:42:07,271 INFO  ExportHelperExtension.cs: 1145 - Found 2 features of type [RefAxis] in 小腿中间曲线-6061-3
2026-07-14 15:42:07,272 INFO  ExportHelperExtension.cs: 1125 - Retrieving features of type [RefAxis] from 小腿外侧曲线-6061-3
2026-07-14 15:42:07,272 INFO  ExportHelperExtension.cs: 1136 - Found 38 in 小腿外侧曲线-6061-3
2026-07-14 15:42:07,272 INFO  ExportHelperExtension.cs: 1145 - Found 0 features of type [RefAxis] in 小腿外侧曲线-6061-3
2026-07-14 15:42:07,274 INFO  ExportHelperExtension.cs: 1125 - Retrieving features of type [RefAxis] from 大腿外侧-6061-3mm-3
2026-07-14 15:42:07,274 INFO  ExportHelperExtension.cs: 1136 - Found 32 in 大腿外侧-6061-3mm-3
2026-07-14 15:42:07,274 INFO  ExportHelperExtension.cs: 1145 - Found 0 features of type [RefAxis] in 大腿外侧-6061-3mm-3
2026-07-14 15:42:07,275 INFO  ExportHelperExtension.cs: 1125 - Retrieving features of type [RefAxis] from 2-3关节连接件-右后-6061-2
2026-07-14 15:42:07,275 INFO  ExportHelperExtension.cs: 1136 - Found 36 in 2-3关节连接件-右后-6061-2
2026-07-14 15:42:07,275 INFO  ExportHelperExtension.cs: 1145 - Found 0 features of type [RefAxis] in 2-3关节连接件-右后-6061-2
2026-07-14 15:42:07,276 INFO  ExportHelperExtension.cs: 1125 - Retrieving features of type [RefAxis] from 大腿-小腿关节限位块-6
2026-07-14 15:42:07,276 INFO  ExportHelperExtension.cs: 1136 - Found 25 in 大腿-小腿关节限位块-6
2026-07-14 15:42:07,276 INFO  ExportHelperExtension.cs: 1145 - Found 0 features of type [RefAxis] in 大腿-小腿关节限位块-6
2026-07-14 15:42:07,277 INFO  ExportHelperExtension.cs: 1125 - Retrieving features of type [RefAxis] from 大腿内侧角度限位-5
2026-07-14 15:42:07,277 INFO  ExportHelperExtension.cs: 1136 - Found 26 in 大腿内侧角度限位-5
2026-07-14 15:42:07,277 INFO  ExportHelperExtension.cs: 1145 - Found 0 features of type [RefAxis] in 大腿内侧角度限位-5
2026-07-14 15:42:07,278 INFO  ExportHelperExtension.cs: 1125 - Retrieving features of type [RefAxis] from 大腿内侧角度限位-6
2026-07-14 15:42:07,278 INFO  ExportHelperExtension.cs: 1136 - Found 26 in 大腿内侧角度限位-6
2026-07-14 15:42:07,278 INFO  ExportHelperExtension.cs: 1145 - Found 0 features of type [RefAxis] in 大腿内侧角度限位-6
2026-07-14 15:42:07,278 INFO  ExportHelperExtension.cs: 1125 - Retrieving features of type [RefAxis] from GO-M8010-6电机3D模型-8
2026-07-14 15:42:07,280 INFO  ExportHelperExtension.cs: 1136 - Found 42 in GO-M8010-6电机3D模型-8
2026-07-14 15:42:07,280 INFO  ExportHelperExtension.cs: 1145 - Found 0 features of type [RefAxis] in GO-M8010-6电机3D模型-8
2026-07-14 15:42:07,280 INFO  ExportHelperExtension.cs: 1125 - Retrieving features of type [RefAxis] from 小腿齿轮-3
2026-07-14 15:42:07,281 INFO  ExportHelperExtension.cs: 1136 - Found 29 in 小腿齿轮-3
2026-07-14 15:42:07,281 INFO  ExportHelperExtension.cs: 1145 - Found 0 features of type [RefAxis] in 小腿齿轮-3
2026-07-14 15:42:07,282 INFO  ExportHelperExtension.cs: 1125 - Retrieving features of type [RefAxis] from 大腿内侧-6061-左侧-1
2026-07-14 15:42:07,282 INFO  ExportHelperExtension.cs: 1136 - Found 38 in 大腿内侧-6061-左侧-1
2026-07-14 15:42:07,283 INFO  ExportHelperExtension.cs: 1145 - Found 2 features of type [RefAxis] in 大腿内侧-6061-左侧-1
2026-07-14 15:42:07,283 INFO  ExportHelperExtension.cs: 1125 - Retrieving features of type [RefAxis] from 小腿饰板2-3
2026-07-14 15:42:07,284 INFO  ExportHelperExtension.cs: 1136 - Found 35 in 小腿饰板2-3
2026-07-14 15:42:07,284 INFO  ExportHelperExtension.cs: 1145 - Found 0 features of type [RefAxis] in 小腿饰板2-3
2026-07-14 15:42:07,285 INFO  ExportHelperExtension.cs: 1125 - Retrieving features of type [RefAxis] from 足端打印件2-4
2026-07-14 15:42:07,285 INFO  ExportHelperExtension.cs: 1136 - Found 30 in 足端打印件2-4
2026-07-14 15:42:07,285 INFO  ExportHelperExtension.cs: 1145 - Found 0 features of type [RefAxis] in 足端打印件2-4
2026-07-14 15:42:07,286 INFO  ExportHelperExtension.cs: 1125 - Retrieving features of type [RefAxis] from 小腿饰板1-3
2026-07-14 15:42:07,286 INFO  ExportHelperExtension.cs: 1136 - Found 28 in 小腿饰板1-3
2026-07-14 15:42:07,287 INFO  ExportHelperExtension.cs: 1145 - Found 0 features of type [RefAxis] in 小腿饰板1-3
2026-07-14 15:42:07,287 INFO  ExportHelperExtension.cs: 1125 - Retrieving features of type [RefAxis] from 前面板髋关节限位块-5
2026-07-14 15:42:07,288 INFO  ExportHelperExtension.cs: 1136 - Found 25 in 前面板髋关节限位块-5
2026-07-14 15:42:07,288 INFO  ExportHelperExtension.cs: 1145 - Found 0 features of type [RefAxis] in 前面板髋关节限位块-5
2026-07-14 15:42:07,288 INFO  ExportHelperExtension.cs: 1125 - Retrieving features of type [RefAxis] from 硅胶足端-3
2026-07-14 15:42:07,289 INFO  ExportHelperExtension.cs: 1136 - Found 28 in 硅胶足端-3
2026-07-14 15:42:07,289 INFO  ExportHelperExtension.cs: 1145 - Found 0 features of type [RefAxis] in 硅胶足端-3
2026-07-14 15:42:07,289 INFO  ExportHelperExtension.cs: 1125 - Retrieving features of type [RefAxis] from 足端打印件-4
2026-07-14 15:42:07,290 INFO  ExportHelperExtension.cs: 1136 - Found 37 in 足端打印件-4
2026-07-14 15:42:07,290 INFO  ExportHelperExtension.cs: 1145 - Found 0 features of type [RefAxis] in 足端打印件-4
2026-07-14 15:42:07,291 INFO  ExportHelperExtension.cs: 1125 - Retrieving features of type [RefAxis] from 大腿-小腿关节限位块-4
2026-07-14 15:42:07,291 INFO  ExportHelperExtension.cs: 1136 - Found 25 in 大腿-小腿关节限位块-4
2026-07-14 15:42:07,291 INFO  ExportHelperExtension.cs: 1145 - Found 0 features of type [RefAxis] in 大腿-小腿关节限位块-4
2026-07-14 15:42:07,292 INFO  ExportHelperExtension.cs: 1125 - Retrieving features of type [RefAxis] from 前面板髋关节限位块-6
2026-07-14 15:42:07,292 INFO  ExportHelperExtension.cs: 1136 - Found 25 in 前面板髋关节限位块-6
2026-07-14 15:42:07,293 INFO  ExportHelperExtension.cs: 1145 - Found 0 features of type [RefAxis] in 前面板髋关节限位块-6
2026-07-14 15:42:07,293 INFO  ExportHelperExtension.cs: 1125 - Retrieving features of type [RefAxis] from GO-M8010-6电机3D模型-7
2026-07-14 15:42:07,293 INFO  ExportHelperExtension.cs: 1136 - Found 42 in GO-M8010-6电机3D模型-7
2026-07-14 15:42:07,294 INFO  ExportHelperExtension.cs: 1145 - Found 0 features of type [RefAxis] in GO-M8010-6电机3D模型-7
2026-07-14 15:42:07,294 INFO  ExportHelperExtension.cs: 1125 - Retrieving features of type [RefAxis] from GO-M8010-6电机3D模型-9
2026-07-14 15:42:07,294 INFO  ExportHelperExtension.cs: 1136 - Found 42 in GO-M8010-6电机3D模型-9
2026-07-14 15:42:07,296 INFO  ExportHelperExtension.cs: 1145 - Found 0 features of type [RefAxis] in GO-M8010-6电机3D模型-9
2026-07-14 15:42:07,296 INFO  ExportHelperExtension.cs: 1125 - Retrieving features of type [RefAxis] from 髋关节连接件-单面-6061-左前-1
2026-07-14 15:42:07,296 INFO  ExportHelperExtension.cs: 1136 - Found 37 in 髋关节连接件-单面-6061-左前-1
2026-07-14 15:42:07,297 INFO  ExportHelperExtension.cs: 1145 - Found 1 features of type [RefAxis] in 髋关节连接件-单面-6061-左前-1
2026-07-14 15:42:07,297 INFO  ExportHelperExtension.cs: 1125 - Retrieving features of type [RefAxis] from 大腿打印件-镜像左侧-1
2026-07-14 15:42:07,297 INFO  ExportHelperExtension.cs: 1136 - Found 35 in 大腿打印件-镜像左侧-1
2026-07-14 15:42:07,298 INFO  ExportHelperExtension.cs: 1145 - Found 0 features of type [RefAxis] in 大腿打印件-镜像左侧-1
2026-07-14 15:42:07,298 INFO  ExportHelperExtension.cs: 1125 - Retrieving features of type [RefAxis] from 210mm连杆-6061-4
2026-07-14 15:42:07,298 INFO  ExportHelperExtension.cs: 1136 - Found 32 in 210mm连杆-6061-4
2026-07-14 15:42:07,299 INFO  ExportHelperExtension.cs: 1145 - Found 0 features of type [RefAxis] in 210mm连杆-6061-4
2026-07-14 15:42:07,299 INFO  ExportHelperExtension.cs: 1125 - Retrieving features of type [RefAxis] from 小腿齿轮-4
2026-07-14 15:42:07,300 INFO  ExportHelperExtension.cs: 1136 - Found 29 in 小腿齿轮-4
2026-07-14 15:42:07,300 INFO  ExportHelperExtension.cs: 1145 - Found 0 features of type [RefAxis] in 小腿齿轮-4
2026-07-14 15:42:07,300 INFO  ExportHelperExtension.cs: 1125 - Retrieving features of type [RefAxis] from 大腿外侧-6061-3mm-4
2026-07-14 15:42:07,301 INFO  ExportHelperExtension.cs: 1136 - Found 32 in 大腿外侧-6061-3mm-4
2026-07-14 15:42:07,301 INFO  ExportHelperExtension.cs: 1145 - Found 0 features of type [RefAxis] in 大腿外侧-6061-3mm-4
2026-07-14 15:42:07,302 INFO  ExportHelperExtension.cs: 1125 - Retrieving features of type [RefAxis] from 小腿外侧曲线-6061-4
2026-07-14 15:42:07,302 INFO  ExportHelperExtension.cs: 1136 - Found 38 in 小腿外侧曲线-6061-4
2026-07-14 15:42:07,302 INFO  ExportHelperExtension.cs: 1145 - Found 0 features of type [RefAxis] in 小腿外侧曲线-6061-4
2026-07-14 15:42:07,303 INFO  ExportHelperExtension.cs: 1125 - Retrieving features of type [RefAxis] from 硅胶足端-4
2026-07-14 15:42:07,303 INFO  ExportHelperExtension.cs: 1136 - Found 28 in 硅胶足端-4
2026-07-14 15:42:07,304 INFO  ExportHelperExtension.cs: 1145 - Found 0 features of type [RefAxis] in 硅胶足端-4
2026-07-14 15:42:07,304 INFO  ExportHelperExtension.cs: 1125 - Retrieving features of type [RefAxis] from 2-3关节连接件-前左-6061-1
2026-07-14 15:42:07,304 INFO  ExportHelperExtension.cs: 1136 - Found 36 in 2-3关节连接件-前左-6061-1
2026-07-14 15:42:07,305 INFO  ExportHelperExtension.cs: 1145 - Found 0 features of type [RefAxis] in 2-3关节连接件-前左-6061-1
2026-07-14 15:42:07,305 INFO  ExportHelperExtension.cs: 1125 - Retrieving features of type [RefAxis] from 小腿饰板1-2
2026-07-14 15:42:07,306 INFO  ExportHelperExtension.cs: 1136 - Found 28 in 小腿饰板1-2
2026-07-14 15:42:07,306 INFO  ExportHelperExtension.cs: 1145 - Found 0 features of type [RefAxis] in 小腿饰板1-2
2026-07-14 15:42:07,306 INFO  ExportHelperExtension.cs: 1125 - Retrieving features of type [RefAxis] from 小腿中间曲线-6061-4
2026-07-14 15:42:07,306 INFO  ExportHelperExtension.cs: 1136 - Found 35 in 小腿中间曲线-6061-4
2026-07-14 15:42:07,307 INFO  ExportHelperExtension.cs: 1145 - Found 2 features of type [RefAxis] in 小腿中间曲线-6061-4
2026-07-14 15:42:07,307 INFO  ExportHelperExtension.cs: 1125 - Retrieving features of type [RefAxis] from 小腿饰板2-2
2026-07-14 15:42:07,307 INFO  ExportHelperExtension.cs: 1136 - Found 35 in 小腿饰板2-2
2026-07-14 15:42:07,309 INFO  ExportHelperExtension.cs: 1145 - Found 0 features of type [RefAxis] in 小腿饰板2-2
2026-07-14 15:42:07,309 INFO  ExportHelperExtension.cs: 1125 - Retrieving features of type [RefAxis] from 足端打印件2-5
2026-07-14 15:42:07,309 INFO  ExportHelperExtension.cs: 1136 - Found 30 in 足端打印件2-5
2026-07-14 15:42:07,310 INFO  ExportHelperExtension.cs: 1145 - Found 0 features of type [RefAxis] in 足端打印件2-5
2026-07-14 15:42:07,310 INFO  ExportHelperExtension.cs: 1125 - Retrieving features of type [RefAxis] from 足端打印件-5
2026-07-14 15:42:07,310 INFO  ExportHelperExtension.cs: 1136 - Found 37 in 足端打印件-5
2026-07-14 15:42:07,311 INFO  ExportHelperExtension.cs: 1145 - Found 0 features of type [RefAxis] in 足端打印件-5
2026-07-14 15:42:07,311 INFO  ExportHelperExtension.cs: 1125 - Retrieving features of type [RefAxis] from 小腿外侧曲线-镜像-6061-4
2026-07-14 15:42:07,312 INFO  ExportHelperExtension.cs: 1136 - Found 36 in 小腿外侧曲线-镜像-6061-4
2026-07-14 15:42:07,312 INFO  ExportHelperExtension.cs: 1145 - Found 0 features of type [RefAxis] in 小腿外侧曲线-镜像-6061-4
2026-07-14 15:42:07,312 INFO  ExportHelperExtension.cs: 1125 - Retrieving features of type [RefAxis] from 前面板髋关节限位块-7
2026-07-14 15:42:07,313 INFO  ExportHelperExtension.cs: 1136 - Found 25 in 前面板髋关节限位块-7
2026-07-14 15:42:07,313 INFO  ExportHelperExtension.cs: 1145 - Found 0 features of type [RefAxis] in 前面板髋关节限位块-7
2026-07-14 15:42:07,313 INFO  ExportHelperExtension.cs: 1125 - Retrieving features of type [RefAxis] from 大腿-小腿关节限位块-5
2026-07-14 15:42:07,346 INFO  ExportHelperExtension.cs: 1136 - Found 25 in 大腿-小腿关节限位块-5
2026-07-14 15:42:07,347 INFO  ExportHelperExtension.cs: 1145 - Found 0 features of type [RefAxis] in 大腿-小腿关节限位块-5
2026-07-14 15:42:07,348 INFO  ExportHelperExtension.cs: 1125 - Retrieving features of type [RefAxis] from 大腿-小腿关节限位块-2
2026-07-14 15:42:07,348 INFO  ExportHelperExtension.cs: 1136 - Found 25 in 大腿-小腿关节限位块-2
2026-07-14 15:42:07,349 INFO  ExportHelperExtension.cs: 1145 - Found 0 features of type [RefAxis] in 大腿-小腿关节限位块-2
2026-07-14 15:42:07,349 INFO  ExportHelperExtension.cs: 1125 - Retrieving features of type [RefAxis] from 前面板髋关节限位块-2
2026-07-14 15:42:07,350 INFO  ExportHelperExtension.cs: 1136 - Found 25 in 前面板髋关节限位块-2
2026-07-14 15:42:07,350 INFO  ExportHelperExtension.cs: 1145 - Found 0 features of type [RefAxis] in 前面板髋关节限位块-2
2026-07-14 15:42:07,350 INFO  ExportHelperExtension.cs: 1125 - Retrieving features of type [RefAxis] from 前面板髋关节限位块-1
2026-07-14 15:42:07,351 INFO  ExportHelperExtension.cs: 1136 - Found 25 in 前面板髋关节限位块-1
2026-07-14 15:42:07,351 INFO  ExportHelperExtension.cs: 1145 - Found 0 features of type [RefAxis] in 前面板髋关节限位块-1
2026-07-14 15:42:07,352 INFO  ExportHelperExtension.cs: 1125 - Retrieving features of type [RefAxis] from 大腿内侧角度限位-1
2026-07-14 15:42:07,352 INFO  ExportHelperExtension.cs: 1136 - Found 26 in 大腿内侧角度限位-1
2026-07-14 15:42:07,352 INFO  ExportHelperExtension.cs: 1145 - Found 0 features of type [RefAxis] in 大腿内侧角度限位-1
2026-07-14 15:42:07,353 INFO  ExportHelperExtension.cs: 1125 - Retrieving features of type [RefAxis] from GO-M8010-6电机3D模型-2
2026-07-14 15:42:07,353 INFO  ExportHelperExtension.cs: 1136 - Found 42 in GO-M8010-6电机3D模型-2
2026-07-14 15:42:07,354 INFO  ExportHelperExtension.cs: 1145 - Found 0 features of type [RefAxis] in GO-M8010-6电机3D模型-2
2026-07-14 15:42:07,354 INFO  ExportHelperExtension.cs: 1125 - Retrieving features of type [RefAxis] from 大腿内侧角度限位-2
2026-07-14 15:42:07,354 INFO  ExportHelperExtension.cs: 1136 - Found 26 in 大腿内侧角度限位-2
2026-07-14 15:42:07,355 INFO  ExportHelperExtension.cs: 1145 - Found 0 features of type [RefAxis] in 大腿内侧角度限位-2
2026-07-14 15:42:07,355 INFO  ExportHelperExtension.cs: 1125 - Retrieving features of type [RefAxis] from GO-M8010-6电机3D模型-1
2026-07-14 15:42:07,356 INFO  ExportHelperExtension.cs: 1136 - Found 42 in GO-M8010-6电机3D模型-1
2026-07-14 15:42:07,356 INFO  ExportHelperExtension.cs: 1145 - Found 0 features of type [RefAxis] in GO-M8010-6电机3D模型-1
2026-07-14 15:42:07,356 INFO  ExportHelperExtension.cs: 1125 - Retrieving features of type [RefAxis] from 大腿内侧角度限位-8
2026-07-14 15:42:07,357 INFO  ExportHelperExtension.cs: 1136 - Found 26 in 大腿内侧角度限位-8
2026-07-14 15:42:07,357 INFO  ExportHelperExtension.cs: 1145 - Found 0 features of type [RefAxis] in 大腿内侧角度限位-8
2026-07-14 15:42:07,358 INFO  ExportHelperExtension.cs: 1125 - Retrieving features of type [RefAxis] from GO-M8010-6电机3D模型-10
2026-07-14 15:42:07,358 INFO  ExportHelperExtension.cs: 1136 - Found 42 in GO-M8010-6电机3D模型-10
2026-07-14 15:42:07,358 INFO  ExportHelperExtension.cs: 1145 - Found 0 features of type [RefAxis] in GO-M8010-6电机3D模型-10
2026-07-14 15:42:07,359 INFO  ExportHelperExtension.cs: 1125 - Retrieving features of type [RefAxis] from GO-M8010-6电机3D模型-12
2026-07-14 15:42:07,359 INFO  ExportHelperExtension.cs: 1136 - Found 42 in GO-M8010-6电机3D模型-12
2026-07-14 15:42:07,360 INFO  ExportHelperExtension.cs: 1145 - Found 0 features of type [RefAxis] in GO-M8010-6电机3D模型-12
2026-07-14 15:42:07,360 INFO  ExportHelperExtension.cs: 1125 - Retrieving features of type [RefAxis] from 小腿中间曲线-6061-5
2026-07-14 15:42:07,361 INFO  ExportHelperExtension.cs: 1136 - Found 35 in 小腿中间曲线-6061-5
2026-07-14 15:42:07,361 INFO  ExportHelperExtension.cs: 1145 - Found 2 features of type [RefAxis] in 小腿中间曲线-6061-5
2026-07-14 15:42:07,361 INFO  ExportHelperExtension.cs: 1125 - Retrieving features of type [RefAxis] from GO-M8010-6电机3D模型-11
2026-07-14 15:42:07,362 INFO  ExportHelperExtension.cs: 1136 - Found 42 in GO-M8010-6电机3D模型-11
2026-07-14 15:42:07,362 INFO  ExportHelperExtension.cs: 1145 - Found 0 features of type [RefAxis] in GO-M8010-6电机3D模型-11
2026-07-14 15:42:07,363 INFO  ExportHelperExtension.cs: 1125 - Retrieving features of type [RefAxis] from 大腿内侧角度限位-7
2026-07-14 15:42:07,363 INFO  ExportHelperExtension.cs: 1136 - Found 26 in 大腿内侧角度限位-7
2026-07-14 15:42:07,364 INFO  ExportHelperExtension.cs: 1145 - Found 0 features of type [RefAxis] in 大腿内侧角度限位-7
2026-07-14 15:42:07,364 INFO  ExportHelperExtension.cs: 1125 - Retrieving features of type [RefAxis] from 小腿饰板2-1
2026-07-14 15:42:07,364 INFO  ExportHelperExtension.cs: 1136 - Found 35 in 小腿饰板2-1
2026-07-14 15:42:07,365 INFO  ExportHelperExtension.cs: 1145 - Found 0 features of type [RefAxis] in 小腿饰板2-1
2026-07-14 15:42:07,365 INFO  ExportHelperExtension.cs: 1125 - Retrieving features of type [RefAxis] from 小腿外侧曲线-6061-5
2026-07-14 15:42:07,366 INFO  ExportHelperExtension.cs: 1136 - Found 38 in 小腿外侧曲线-6061-5
2026-07-14 15:42:07,366 INFO  ExportHelperExtension.cs: 1145 - Found 0 features of type [RefAxis] in 小腿外侧曲线-6061-5
2026-07-14 15:42:07,367 INFO  ExportHelperExtension.cs: 1125 - Retrieving features of type [RefAxis] from 小腿齿轮-5
2026-07-14 15:42:07,367 INFO  ExportHelperExtension.cs: 1136 - Found 29 in 小腿齿轮-5
2026-07-14 15:42:07,367 INFO  ExportHelperExtension.cs: 1145 - Found 0 features of type [RefAxis] in 小腿齿轮-5
2026-07-14 15:42:07,368 INFO  ExportHelperExtension.cs: 1125 - Retrieving features of type [RefAxis] from 前面板髋关节限位块-8
2026-07-14 15:42:07,368 INFO  ExportHelperExtension.cs: 1136 - Found 25 in 前面板髋关节限位块-8
2026-07-14 15:42:07,368 INFO  ExportHelperExtension.cs: 1145 - Found 0 features of type [RefAxis] in 前面板髋关节限位块-8
2026-07-14 15:42:07,369 INFO  ExportHelperExtension.cs: 1125 - Retrieving features of type [RefAxis] from 髋关节连接件-单面-6061-左后-1
2026-07-14 15:42:07,369 INFO  ExportHelperExtension.cs: 1136 - Found 38 in 髋关节连接件-单面-6061-左后-1
2026-07-14 15:42:07,370 INFO  ExportHelperExtension.cs: 1145 - Found 1 features of type [RefAxis] in 髋关节连接件-单面-6061-左后-1
2026-07-14 15:42:07,370 INFO  ExportHelperExtension.cs: 1125 - Retrieving features of type [RefAxis] from 大腿内侧-6061-左侧-2
2026-07-14 15:42:07,371 INFO  ExportHelperExtension.cs: 1136 - Found 38 in 大腿内侧-6061-左侧-2
2026-07-14 15:42:07,371 INFO  ExportHelperExtension.cs: 1145 - Found 2 features of type [RefAxis] in 大腿内侧-6061-左侧-2
2026-07-14 15:42:07,371 INFO  ExportHelperExtension.cs: 1125 - Retrieving features of type [RefAxis] from 260mm2020-2
2026-07-14 15:42:07,372 INFO  ExportHelperExtension.cs: 1136 - Found 29 in 260mm2020-2
2026-07-14 15:42:07,372 INFO  ExportHelperExtension.cs: 1145 - Found 0 features of type [RefAxis] in 260mm2020-2
2026-07-14 15:42:07,373 INFO  ExportHelperExtension.cs: 1125 - Retrieving features of type [RefAxis] from 大腿打印件-镜像左侧-2
2026-07-14 15:42:07,373 INFO  ExportHelperExtension.cs: 1136 - Found 35 in 大腿打印件-镜像左侧-2
2026-07-14 15:42:07,373 INFO  ExportHelperExtension.cs: 1145 - Found 0 features of type [RefAxis] in 大腿打印件-镜像左侧-2
2026-07-14 15:42:07,374 INFO  ExportHelperExtension.cs: 1125 - Retrieving features of type [RefAxis] from 大腿外侧-6061-3mm-5
2026-07-14 15:42:07,374 INFO  ExportHelperExtension.cs: 1136 - Found 32 in 大腿外侧-6061-3mm-5
2026-07-14 15:42:07,375 INFO  ExportHelperExtension.cs: 1145 - Found 0 features of type [RefAxis] in 大腿外侧-6061-3mm-5
2026-07-14 15:42:07,375 INFO  ExportHelperExtension.cs: 1125 - Retrieving features of type [RefAxis] from 小腿外侧曲线-镜像-6061-5
2026-07-14 15:42:07,375 INFO  ExportHelperExtension.cs: 1136 - Found 36 in 小腿外侧曲线-镜像-6061-5
2026-07-14 15:42:07,376 INFO  ExportHelperExtension.cs: 1145 - Found 0 features of type [RefAxis] in 小腿外侧曲线-镜像-6061-5
2026-07-14 15:42:07,376 INFO  ExportHelperExtension.cs: 1125 - Retrieving features of type [RefAxis] from 210mm连杆-6061-5
2026-07-14 15:42:07,377 INFO  ExportHelperExtension.cs: 1136 - Found 32 in 210mm连杆-6061-5
2026-07-14 15:42:07,377 INFO  ExportHelperExtension.cs: 1145 - Found 0 features of type [RefAxis] in 210mm连杆-6061-5
2026-07-14 15:42:07,378 INFO  ExportHelperExtension.cs: 1125 - Retrieving features of type [RefAxis] from 小腿饰板1-1
2026-07-14 15:42:07,378 INFO  ExportHelperExtension.cs: 1136 - Found 28 in 小腿饰板1-1
2026-07-14 15:42:07,379 INFO  ExportHelperExtension.cs: 1145 - Found 0 features of type [RefAxis] in 小腿饰板1-1
2026-07-14 15:42:07,379 INFO  ExportHelperExtension.cs: 1125 - Retrieving features of type [RefAxis] from 足端打印件-1
2026-07-14 15:42:07,379 INFO  ExportHelperExtension.cs: 1136 - Found 37 in 足端打印件-1
2026-07-14 15:42:07,380 INFO  ExportHelperExtension.cs: 1145 - Found 0 features of type [RefAxis] in 足端打印件-1
2026-07-14 15:42:07,380 INFO  ExportHelperExtension.cs: 1125 - Retrieving features of type [RefAxis] from 足端打印件2-1
2026-07-14 15:42:07,381 INFO  ExportHelperExtension.cs: 1136 - Found 30 in 足端打印件2-1
2026-07-14 15:42:07,381 INFO  ExportHelperExtension.cs: 1145 - Found 0 features of type [RefAxis] in 足端打印件2-1
2026-07-14 15:42:07,381 INFO  ExportHelperExtension.cs: 1125 - Retrieving features of type [RefAxis] from 2-3关节连接件-左后-6061-2
2026-07-14 15:42:07,382 INFO  ExportHelperExtension.cs: 1136 - Found 36 in 2-3关节连接件-左后-6061-2
2026-07-14 15:42:07,382 INFO  ExportHelperExtension.cs: 1145 - Found 0 features of type [RefAxis] in 2-3关节连接件-左后-6061-2
2026-07-14 15:42:07,383 INFO  ExportHelperExtension.cs: 1125 - Retrieving features of type [RefAxis] from 260mm2020-1
2026-07-14 15:42:07,383 INFO  ExportHelperExtension.cs: 1136 - Found 29 in 260mm2020-1
2026-07-14 15:42:07,383 INFO  ExportHelperExtension.cs: 1145 - Found 0 features of type [RefAxis] in 260mm2020-1
2026-07-14 15:42:07,384 INFO  ExportHelperExtension.cs: 1125 - Retrieving features of type [RefAxis] from 硅胶足端-2
2026-07-14 15:42:07,384 INFO  ExportHelperExtension.cs: 1136 - Found 28 in 硅胶足端-2
2026-07-14 15:42:07,384 INFO  ExportHelperExtension.cs: 1145 - Found 0 features of type [RefAxis] in 硅胶足端-2
2026-07-14 15:42:07,385 INFO  ExportHelperExtension.cs: 1125 - Retrieving features of type [RefAxis] from 260mm2020-4
2026-07-14 15:42:07,385 INFO  ExportHelperExtension.cs: 1136 - Found 29 in 260mm2020-4
2026-07-14 15:42:07,386 INFO  ExportHelperExtension.cs: 1145 - Found 0 features of type [RefAxis] in 260mm2020-4
2026-07-14 15:42:07,386 INFO  ExportHelperExtension.cs: 1125 - Retrieving features of type [RefAxis] from 机身主体-1
2026-07-14 15:42:07,386 INFO  ExportHelperExtension.cs: 1136 - Found 32 in 机身主体-1
2026-07-14 15:42:07,387 INFO  ExportHelperExtension.cs: 1145 - Found 1 features of type [RefAxis] in 机身主体-1
2026-07-14 15:42:07,387 INFO  ExportHelperExtension.cs: 1125 - Retrieving features of type [RefAxis] from 前部连接件-6061-1
2026-07-14 15:42:07,388 INFO  ExportHelperExtension.cs: 1136 - Found 35 in 前部连接件-6061-1
2026-07-14 15:42:07,388 INFO  ExportHelperExtension.cs: 1145 - Found 0 features of type [RefAxis] in 前部连接件-6061-1
2026-07-14 15:42:07,389 INFO  ExportHelperExtension.cs: 1125 - Retrieving features of type [RefAxis] from 260mm2020-3
2026-07-14 15:42:07,389 INFO  ExportHelperExtension.cs: 1136 - Found 29 in 260mm2020-3
2026-07-14 15:42:07,389 INFO  ExportHelperExtension.cs: 1145 - Found 0 features of type [RefAxis] in 260mm2020-3
2026-07-14 15:42:07,390 INFO  ExportHelperExtension.cs: 1125 - Retrieving features of type [RefAxis] from 前部防护件-1
2026-07-14 15:42:07,390 INFO  ExportHelperExtension.cs: 1136 - Found 30 in 前部防护件-1
2026-07-14 15:42:07,391 INFO  ExportHelperExtension.cs: 1145 - Found 0 features of type [RefAxis] in 前部防护件-1
2026-07-14 15:42:07,391 INFO  ExportHelperExtension.cs: 1125 - Retrieving features of type [RefAxis] from 后部连接件-1
2026-07-14 15:42:07,391 INFO  ExportHelperExtension.cs: 1136 - Found 37 in 后部连接件-1
2026-07-14 15:42:07,392 INFO  ExportHelperExtension.cs: 1145 - Found 0 features of type [RefAxis] in 后部连接件-1
2026-07-14 15:42:07,493 INFO  ExportPropertyManager.cs: 1142 - AfterClose called. This method no longer throws an Exception. It just silently does nothing. Ok, except for this logging message
2026-07-14 15:42:15,589 INFO  AssemblyExportForm.cs: 253 - Completing URDF export
2026-07-14 15:42:15,592 INFO  ConfigurationSerialization.cs: 276 - URDF Configuration found
<Link z:Id="i1" xmlns="http://schemas.datacontract.org/2004/07/SW2URDF" xmlns:i="http://www.w3.org/2001/XMLSchema-instance" xmlns:z="http://schemas.microsoft.com/2003/10/Serialization/"><Attributes><Attribute z:Id="i2"><AttributeType>name</AttributeType><IsRequired>true</IsRequired><Value i:type="a:string" xmlns:a="http://www.w3.org/2001/XMLSchema">base</Value></Attribute></Attributes><ChildElements><URDFElement z:Id="i3" i:type="Inertial"><Attributes/><ChildElements><URDFElement z:Id="i4" i:type="Origin"><Attributes><Attribute z:Id="i5"><AttributeType>xyz</AttributeType><IsRequired>true</IsRequired><Value i:type="a:ArrayOfdouble" xmlns:a="http://schemas.microsoft.com/2003/10/Serialization/Arrays"><a:double>0.0038649998316307929</a:double><a:double>-2.0324721214883873E-05</a:double><a:double>-1.8095155525657547E-05</a:double></Value></Attribute><Attribute z:Id="i6"><AttributeType>rpy</AttributeType><IsRequired>true</IsRequired><Value i:type="a:ArrayOfdouble" xmlns:a="http://schemas.microsoft.com/2003/10/Serialization/Arrays"><a:double>0</a:double><a:double>0</a:double><a:double>0</a:double></Value></Attribute></Attributes><ChildElements/><ElementName>origin</ElementName><required>false</required><RPYAttribute z:Ref="i6"/><XYZAttribute z:Ref="i5"/><isCustomized>false</isCustomized></URDFElement><URDFElement z:Id="i7" i:type="Mass"><Attributes><Attribute z:Id="i8"><AttributeType>value</AttributeType><IsRequired>true</IsRequired><Value i:type="a:double" xmlns:a="http://www.w3.org/2001/XMLSchema">3.7418313437710853</Value></Attribute></Attributes><ChildElements/><ElementName>mass</ElementName><required>false</required><ValueAttribute z:Ref="i8"/></URDFElement><URDFElement z:Id="i9" i:type="Inertia"><Attributes><Attribute z:Id="i10"><AttributeType>ixx</AttributeType><IsRequired>true</IsRequired><Value i:type="a:double" xmlns:a="http://www.w3.org/2001/XMLSchema">0.0095323736826238448</Value></Attribute><Attribute z:Id="i11"><AttributeType>ixy</AttributeType><IsRequired>true</IsRequired><Value i:type="a:double" xmlns:a="http://www.w3.org/2001/XMLSchema">1.8936309218849126E-11</Value></Attribute><Attribute z:Id="i12"><AttributeType>ixz</AttributeType><IsRequired>true</IsRequired><Value i:type="a:double" xmlns:a="http://www.w3.org/2001/XMLSchema">-1.0165995392269901E-07</Value></Attribute><Attribute z:Id="i13"><AttributeType>iyy</AttributeType><IsRequired>true</IsRequired><Value i:type="a:double" xmlns:a="http://www.w3.org/2001/XMLSchema">0.0083275072712235762</Value></Attribute><Attribute z:Id="i14"><AttributeType>iyz</AttributeType><IsRequired>true</IsRequired><Value i:type="a:double" xmlns:a="http://www.w3.org/2001/XMLSchema">-2.585375547010736E-12</Value></Attribute><Attribute z:Id="i15"><AttributeType>izz</AttributeType><IsRequired>true</IsRequired><Value i:type="a:double" xmlns:a="http://www.w3.org/2001/XMLSchema">0.011862222777365573</Value></Attribute></Attributes><ChildElements/><ElementName>inertia</ElementName><required>false</required><IxxAttribute z:Ref="i10"/><IxyAttribute z:Ref="i11"/><IxzAttribute z:Ref="i12"/><IyyAttribute z:Ref="i13"/><IyzAttribute z:Ref="i14"/><IzzAttribute z:Ref="i15"/></URDFElement></ChildElements><ElementName>inertial</ElementName><required>false</required><Inertia z:Ref="i9"/><Mass z:Ref="i7"/><Origin z:Ref="i4"/></URDFElement><URDFElement z:Id="i16" i:type="Visual"><Attributes/><ChildElements><URDFElement z:Id="i17" i:type="Origin"><Attributes><Attribute z:Id="i18"><AttributeType>xyz</AttributeType><IsRequired>true</IsRequired><Value i:type="a:ArrayOfdouble" xmlns:a="http://schemas.microsoft.com/2003/10/Serialization/Arrays"><a:double>0</a:double><a:double>0</a:double><a:double>0</a:double></Value></Attribute><Attribute z:Id="i19"><AttributeType>rpy</AttributeType><IsRequired>true</IsRequired><Value i:type="a:ArrayOfdouble" xmlns:a="http://schemas.microsoft.com/2003/10/Serialization/Arrays"><a:double>0</a:double><a:double>0</a:double><a:double>0</a:double></Value></Attribute></Attributes><ChildElements/><ElementName>origin</ElementName><required>false</required><RPYAttribute z:Ref="i19"/><XYZAttribute z:Ref="i18"/><isCustomized>false</isCustomized></URDFElement><URDFElement z:Id="i20" i:type="Geometry"><Attributes/><ChildElements><URDFElement z:Id="i21" i:type="Mesh"><Attributes><Attribute z:Id="i22"><AttributeType>filename</AttributeType><IsRequired>true</IsRequired><Value i:nil="true"/></Attribute></Attributes><ChildElements/><ElementName>mesh</ElementName><required>false</required><FilenameAttribute z:Ref="i22"/></URDFElement></ChildElements><ElementName>geometry</ElementName><required>true</required><Mesh z:Ref="i21"/></URDFElement><URDFElement z:Id="i23" i:type="Material"><Attributes><Attribute z:Id="i24"><AttributeType>name</AttributeType><IsRequired>true</IsRequired><Value i:type="a:string" xmlns:a="http://www.w3.org/2001/XMLSchema"/></Attribute></Attributes><ChildElements><URDFElement z:Id="i25" i:type="Color"><Attributes><Attribute z:Id="i26"><AttributeType>rgba</AttributeType><IsRequired>true</IsRequired><Value i:type="a:ArrayOfdouble" xmlns:a="http://schemas.microsoft.com/2003/10/Serialization/Arrays"><a:double>0.89803921568627454</a:double><a:double>0.91764705882352937</a:double><a:double>0.92941176470588238</a:double><a:double>1</a:double></Value></Attribute></Attributes><ChildElements/><ElementName>color</ElementName><required>false</required><RGBAAttribute z:Ref="i26"/></URDFElement><URDFElement z:Id="i27" i:type="Texture"><Attributes><Attribute z:Id="i28"><AttributeType>filename</AttributeType><IsRequired>true</IsRequired><Value i:nil="true"/></Attribute></Attributes><ChildElements/><ElementName>texture</ElementName><required>false</required><FilenameAttribute z:Ref="i28"/><wFilename/></URDFElement></ChildElements><ElementName>material</ElementName><required>false</required><Color z:Ref="i25"/><NameAttribute z:Ref="i24"/><Texture z:Ref="i27"/></URDFElement></ChildElements><ElementName>visual</ElementName><required>false</required><Geometry z:Ref="i20"/><Material z:Ref="i23"/><Origin z:Ref="i17"/></URDFElement><URDFElement z:Id="i29" i:type="Collision"><Attributes/><ChildElements><URDFElement z:Id="i30" i:type="Origin"><Attributes><Attribute z:Id="i31"><AttributeType>xyz</AttributeType><IsRequired>true</IsRequired><Value i:type="a:ArrayOfdouble" xmlns:a="http://schemas.microsoft.com/2003/10/Serialization/Arrays"><a:double>0</a:double><a:double>0</a:double><a:double>0</a:double></Value></Attribute><Attribute z:Id="i32"><AttributeType>rpy</AttributeType><IsRequired>true</IsRequired><Value i:type="a:ArrayOfdouble" xmlns:a="http://schemas.microsoft.com/2003/10/Serialization/Arrays"><a:double>0</a:double><a:double>0</a:double><a:double>0</a:double></Value></Attribute></Attributes><ChildElements/><ElementName>origin</ElementName><required>false</required><RPYAttribute z:Ref="i32"/><XYZAttribute z:Ref="i31"/><isCustomized>false</isCustomized></URDFElement><URDFElement z:Id="i33" i:type="Geometry"><Attributes/><ChildElements><URDFElement z:Id="i34" i:type="Mesh"><Attributes><Attribute z:Id="i35"><AttributeType>filename</AttributeType><IsRequired>true</IsRequired><Value i:nil="true"/></Attribute></Attributes><ChildElements/><ElementName>mesh</ElementName><required>false</required><FilenameAttribute z:Ref="i35"/></URDFElement></ChildElements><ElementName>geometry</ElementName><required>true</required><Mesh z:Ref="i34"/></URDFElement></ChildElements><ElementName>collision</ElementName><required>false</required><Geometry z:Ref="i33"/><Origin z:Ref="i30"/></URDFElement><URDFElement z:Id="i36" i:type="Joint"><Attributes><Attribute z:Id="i37"><AttributeType>name</AttributeType><IsRequired>true</IsRequired><Value i:type="a:string" xmlns:a="http://www.w3.org/2001/XMLSchema"/></Attribute><Attribute z:Id="i38"><AttributeType>type</AttributeType><IsRequired>true</IsRequired><Value i:type="a:string" xmlns:a="http://www.w3.org/2001/XMLSchema"/></Attribute></Attributes><ChildElements><URDFElement z:Id="i39" i:type="Origin"><Attributes><Attribute z:Id="i40"><AttributeType>xyz</AttributeType><IsRequired>true</IsRequired><Value i:type="a:ArrayOfdouble" xmlns:a="http://schemas.microsoft.com/2003/10/Serialization/Arrays"><a:double>0</a:double><a:double>0</a:double><a:double>0</a:double></Value></Attribute><Attribute z:Id="i41"><AttributeType>rpy</AttributeType><IsRequired>true</IsRequired><Value i:type="a:ArrayOfdouble" xmlns:a="http://schemas.microsoft.com/2003/10/Serialization/Arrays"><a:double>0</a:double><a:double>0</a:double><a:double>0</a:double></Value></Attribute></Attributes><ChildElements/><ElementName>origin</ElementName><required>false</required><RPYAttribute z:Ref="i41"/><XYZAttribute z:Ref="i40"/><isCustomized>false</isCustomized></URDFElement><URDFElement z:Id="i42" i:type="ParentLink"><Attributes><Attribute z:Id="i43"><AttributeType>link</AttributeType><IsRequired>true</IsRequired><Value i:type="a:string" xmlns:a="http://www.w3.org/2001/XMLSchema"/></Attribute></Attributes><ChildElements/><ElementName>parent</ElementName><required>true</required><NameAttribute z:Ref="i43"/></URDFElement><URDFElement z:Id="i44" i:type="ChildLink"><Attributes><Attribute z:Id="i45"><AttributeType>link</AttributeType><IsRequired>true</IsRequired><Value i:type="a:string" xmlns:a="http://www.w3.org/2001/XMLSchema"/></Attribute></Attributes><ChildElements/><ElementName>child</ElementName><required>true</required><NameAttribute z:Ref="i45"/></URDFElement><URDFElement z:Id="i46" i:type="Axis"><Attributes><Attribute z:Id="i47"><AttributeType>xyz</AttributeType><IsRequired>true</IsRequired><Value i:type="a:ArrayOfdouble" xmlns:a="http://schemas.microsoft.com/2003/10/Serialization/Arrays"><a:double>0</a:double><a:double>0</a:double><a:double>0</a:double></Value></Attribute></Attributes><ChildElements/><ElementName>axis</ElementName><required>false</required><XYZAttribute z:Ref="i47"/></URDFElement><URDFElement z:Id="i48" i:type="Limit"><Attributes><Attribute z:Id="i49"><AttributeType>lower</AttributeType><IsRequired>false</IsRequired><Value i:nil="true"/></Attribute><Attribute z:Id="i50"><AttributeType>upper</AttributeType><IsRequired>false</IsRequired><Value i:nil="true"/></Attribute><Attribute z:Id="i51"><AttributeType>effort</AttributeType><IsRequired>true</IsRequired><Value i:nil="true"/></Attribute><Attribute z:Id="i52"><AttributeType>velocity</AttributeType><IsRequired>true</IsRequired><Value i:nil="true"/></Attribute></Attributes><ChildElements/><ElementName>limit</ElementName><required>false</required><EffortAttribute z:Ref="i51"/><LowerAttribute z:Ref="i49"/><UpperAttribute z:Ref="i50"/><VelocityAttribute z:Ref="i52"/></URDFElement><URDFElement z:Id="i53" i:type="Calibration"><Attributes><Attribute z:Id="i54"><AttributeType>rising</AttributeType><IsRequired>false</IsRequired><Value i:nil="true"/></Attribute><Attribute z:Id="i55"><AttributeType>falling</AttributeType><IsRequired>false</IsRequired><Value i:nil="true"/></Attribute></Attributes><ChildElements/><ElementName>calibration</ElementName><required>false</required><FallingAttribute z:Ref="i55"/><RisingAttribute z:Ref="i54"/></URDFElement><URDFElement z:Id="i56" i:type="Dynamics"><Attributes><Attribute z:Id="i57"><AttributeType>damping</AttributeType><IsRequired>false</IsRequired><Value i:nil="true"/></Attribute><Attribute z:Id="i58"><AttributeType>friction</AttributeType><IsRequired>false</IsRequired><Value i:nil="true"/></Attribute></Attributes><ChildElements/><ElementName>dynamics</ElementName><required>false</required><DampingAttribute z:Ref="i57"/><FrictionAttribute z:Ref="i58"/></URDFElement><URDFElement z:Id="i59" i:type="SafetyController"><Attributes><Attribute z:Id="i60"><AttributeType>soft_upper_limit</AttributeType><IsRequired>false</IsRequired><Value i:nil="true"/></Attribute><Attribute z:Id="i61"><AttributeType>soft_lower_limit</AttributeType><IsRequired>false</IsRequired><Value i:nil="true"/></Attribute><Attribute z:Id="i62"><AttributeType>k_position</AttributeType><IsRequired>false</IsRequired><Value i:nil="true"/></Attribute><Attribute z:Id="i63"><AttributeType>k_velocity</AttributeType><IsRequired>true</IsRequired><Value i:nil="true"/></Attribute></Attributes><ChildElements/><ElementName>safety_controller</ElementName><required>false</required><KPositionAttribute z:Ref="i62"/><KVelocityAttribute z:Ref="i63"/><SoftLowerAttribute z:Ref="i61"/><SoftUpperAttribute z:Ref="i60"/></URDFElement><URDFElement z:Id="i64" i:type="Mimic"><Attributes><Attribute z:Id="i65"><AttributeType>joint</AttributeType><IsRequired>true</IsRequired><Value i:nil="true"/></Attribute><Attribute z:Id="i66"><AttributeType>multiplier</AttributeType><IsRequired>false</IsRequired><Value i:nil="true"/></Attribute><Attribute z:Id="i67"><AttributeType>offset</AttributeType><IsRequired>false</IsRequired><Value i:nil="true"/></Attribute></Attributes><ChildElements/><ElementName>mimic</ElementName><required>false</required><JointNameAttribute z:Ref="i65"/><MultiplierAttribute z:Ref="i66"/><OffsetAttribute z:Ref="i67"/></URDFElement></ChildElements><ElementName>joint</ElementName><required>false</required><Axis z:Ref="i46"/><AxisName/><Calibration z:Ref="i53"/><Child z:Ref="i44"/><CoordinateSystemName>base_Coordinate System</CoordinateSystemName><Dynamics z:Ref="i56"/><Limit z:Ref="i48"/><Mimic z:Ref="i64"/><NameAttribute z:Ref="i37"/><Origin z:Ref="i39"/><Parent z:Ref="i42"/><Safety z:Ref="i59"/><TypeAttribute z:Ref="i38"/></URDFElement></ChildElements><ElementName>link</ElementName><required>true</required><Children><Link z:Id="i68"><Attributes><Attribute z:Id="i69"><AttributeType>name</AttributeType><IsRequired>true</IsRequired><Value i:type="a:string" xmlns:a="http://www.w3.org/2001/XMLSchema">FL_hip</Value></Attribute></Attributes><ChildElements><URDFElement z:Id="i70" i:type="Inertial"><Attributes/><ChildElements><URDFElement z:Id="i71" i:type="Origin"><Attributes><Attribute z:Id="i72"><AttributeType>xyz</AttributeType><IsRequired>true</IsRequired><Value i:type="a:ArrayOfdouble" xmlns:a="http://schemas.microsoft.com/2003/10/Serialization/Arrays"><a:double>0.043160308457947272</a:double><a:double>-0.0028511132564460751</a:double><a:double>-0.00054888130292998771</a:double></Value></Attribute><Attribute z:Id="i73"><AttributeType>rpy</AttributeType><IsRequired>true</IsRequired><Value i:type="a:ArrayOfdouble" xmlns:a="http://schemas.microsoft.com/2003/10/Serialization/Arrays"><a:double>0</a:double><a:double>0</a:double><a:double>0</a:double></Value></Attribute></Attributes><ChildElements/><ElementName>origin</ElementName><required>false</required><RPYAttribute z:Ref="i73"/><XYZAttribute z:Ref="i72"/><isCustomized>false</isCustomized></URDFElement><URDFElement z:Id="i74" i:type="Mass"><Attributes><Attribute z:Id="i75"><AttributeType>value</AttributeType><IsRequired>true</IsRequired><Value i:type="a:double" xmlns:a="http://www.w3.org/2001/XMLSchema">0.32025669308922561</Value></Attribute></Attributes><ChildElements/><ElementName>mass</ElementName><required>false</required><ValueAttribute z:Ref="i75"/></URDFElement><URDFElement z:Id="i76" i:type="Inertia"><Attributes><Attribute z:Id="i77"><AttributeType>ixx</AttributeType><IsRequired>true</IsRequired><Value i:type="a:double" xmlns:a="http://www.w3.org/2001/XMLSchema">0.00020255848737813073</Value></Attribute><Attribute z:Id="i78"><AttributeType>ixy</AttributeType><IsRequired>true</IsRequired><Value i:type="a:double" xmlns:a="http://www.w3.org/2001/XMLSchema">-2.5287516470494217E-08</Value></Attribute><Attribute z:Id="i79"><AttributeType>ixz</AttributeType><IsRequired>true</IsRequired><Value i:type="a:double" xmlns:a="http://www.w3.org/2001/XMLSchema">-3.2067109908680135E-06</Value></Attribute><Attribute z:Id="i80"><AttributeType>iyy</AttributeType><IsRequired>true</IsRequired><Value i:type="a:double" xmlns:a="http://www.w3.org/2001/XMLSchema">0.00033851185162063409</Value></Attribute><Attribute z:Id="i81"><AttributeType>iyz</AttributeType><IsRequired>true</IsRequired><Value i:type="a:double" xmlns:a="http://www.w3.org/2001/XMLSchema">3.0639885191795174E-08</Value></Attribute><Attribute z:Id="i82"><AttributeType>izz</AttributeType><IsRequired>true</IsRequired><Value i:type="a:double" xmlns:a="http://www.w3.org/2001/XMLSchema">0.00016573434354854276</Value></Attribute></Attributes><ChildElements/><ElementName>inertia</ElementName><required>false</required><IxxAttribute z:Ref="i77"/><IxyAttribute z:Ref="i78"/><IxzAttribute z:Ref="i79"/><IyyAttribute z:Ref="i80"/><IyzAttribute z:Ref="i81"/><IzzAttribute z:Ref="i82"/></URDFElement></ChildElements><ElementName>inertial</ElementName><required>false</required><Inertia z:Ref="i76"/><Mass z:Ref="i74"/><Origin z:Ref="i71"/></URDFElement><URDFElement z:Id="i83" i:type="Visual"><Attributes/><ChildElements><URDFElement z:Id="i84" i:type="Origin"><Attributes><Attribute z:Id="i85"><AttributeType>xyz</AttributeType><IsRequired>true</IsRequired><Value i:type="a:ArrayOfdouble" xmlns:a="http://schemas.microsoft.com/2003/10/Serialization/Arrays"><a:double>0</a:double><a:double>0</a:double><a:double>0</a:double></Value></Attribute><Attribute z:Id="i86"><AttributeType>rpy</AttributeType><IsRequired>true</IsRequired><Value i:type="a:ArrayOfdouble" xmlns:a="http://schemas.microsoft.com/2003/10/Serialization/Arrays"><a:double>0</a:double><a:double>0</a:double><a:double>0</a:double></Value></Attribute></Attributes><ChildElements/><ElementName>origin</ElementName><required>false</required><RPYAttribute z:Ref="i86"/><XYZAttribute z:Ref="i85"/><isCustomized>false</isCustomized></URDFElement><URDFElement z:Id="i87" i:type="Geometry"><Attributes/><ChildElements><URDFElement z:Id="i88" i:type="Mesh"><Attributes><Attribute z:Id="i89"><AttributeType>filename</AttributeType><IsRequired>true</IsRequired><Value i:nil="true"/></Attribute></Attributes><ChildElements/><ElementName>mesh</ElementName><required>false</required><FilenameAttribute z:Ref="i89"/></URDFElement></ChildElements><ElementName>geometry</ElementName><required>true</required><Mesh z:Ref="i88"/></URDFElement><URDFElement z:Id="i90" i:type="Material"><Attributes><Attribute z:Id="i91"><AttributeType>name</AttributeType><IsRequired>true</IsRequired><Value i:type="a:string" xmlns:a="http://www.w3.org/2001/XMLSchema"/></Attribute></Attributes><ChildElements><URDFElement z:Id="i92" i:type="Color"><Attributes><Attribute z:Id="i93"><AttributeType>rgba</AttributeType><IsRequired>true</IsRequired><Value i:type="a:ArrayOfdouble" xmlns:a="http://schemas.microsoft.com/2003/10/Serialization/Arrays"><a:double>0.64313725490196072</a:double><a:double>0.615686274509804</a:double><a:double>0.6</a:double><a:double>1</a:double></Value></Attribute></Attributes><ChildElements/><ElementName>color</ElementName><required>false</required><RGBAAttribute z:Ref="i93"/></URDFElement><URDFElement z:Id="i94" i:type="Texture"><Attributes><Attribute z:Id="i95"><AttributeType>filename</AttributeType><IsRequired>true</IsRequired><Value i:nil="true"/></Attribute></Attributes><ChildElements/><ElementName>texture</ElementName><required>false</required><FilenameAttribute z:Ref="i95"/><wFilename/></URDFElement></ChildElements><ElementName>material</ElementName><required>false</required><Color z:Ref="i92"/><NameAttribute z:Ref="i91"/><Texture z:Ref="i94"/></URDFElement></ChildElements><ElementName>visual</ElementName><required>false</required><Geometry z:Ref="i87"/><Material z:Ref="i90"/><Origin z:Ref="i84"/></URDFElement><URDFElement z:Id="i96" i:type="Collision"><Attributes/><ChildElements><URDFElement z:Id="i97" i:type="Origin"><Attributes><Attribute z:Id="i98"><AttributeType>xyz</AttributeType><IsRequired>true</IsRequired><Value i:type="a:ArrayOfdouble" xmlns:a="http://schemas.microsoft.com/2003/10/Serialization/Arrays"><a:double>0</a:double><a:double>0</a:double><a:double>0</a:double></Value></Attribute><Attribute z:Id="i99"><AttributeType>rpy</AttributeType><IsRequired>true</IsRequired><Value i:type="a:ArrayOfdouble" xmlns:a="http://schemas.microsoft.com/2003/10/Serialization/Arrays"><a:double>0</a:double><a:double>0</a:double><a:double>0</a:double></Value></Attribute></Attributes><ChildElements/><ElementName>origin</ElementName><required>false</required><RPYAttribute z:Ref="i99"/><XYZAttribute z:Ref="i98"/><isCustomized>false</isCustomized></URDFElement><URDFElement z:Id="i100" i:type="Geometry"><Attributes/><ChildElements><URDFElement z:Id="i101" i:type="Mesh"><Attributes><Attribute z:Id="i102"><AttributeType>filename</AttributeType><IsRequired>true</IsRequired><Value i:nil="true"/></Attribute></Attributes><ChildElements/><ElementName>mesh</ElementName><required>false</required><FilenameAttribute z:Ref="i102"/></URDFElement></ChildElements><ElementName>geometry</ElementName><required>true</required><Mesh z:Ref="i101"/></URDFElement></ChildElements><ElementName>collision</ElementName><required>false</required><Geometry z:Ref="i100"/><Origin z:Ref="i97"/></URDFElement><URDFElement z:Id="i103" i:type="Joint"><Attributes><Attribute z:Id="i104"><AttributeType>name</AttributeType><IsRequired>true</IsRequired><Value i:type="a:string" xmlns:a="http://www.w3.org/2001/XMLSchema">FL_hip_joint</Value></Attribute><Attribute z:Id="i105"><AttributeType>type</AttributeType><IsRequired>true</IsRequired><Value i:type="a:string" xmlns:a="http://www.w3.org/2001/XMLSchema">revolute</Value></Attribute></Attributes><ChildElements><URDFElement z:Id="i106" i:type="Origin"><Attributes><Attribute z:Id="i107"><AttributeType>xyz</AttributeType><IsRequired>true</IsRequired><Value i:type="a:ArrayOfdouble" xmlns:a="http://schemas.microsoft.com/2003/10/Serialization/Arrays"><a:double>0.1366</a:double><a:double>0.065</a:double><a:double>0</a:double></Value></Attribute><Attribute z:Id="i108"><AttributeType>rpy</AttributeType><IsRequired>true</IsRequired><Value i:type="a:ArrayOfdouble" xmlns:a="http://schemas.microsoft.com/2003/10/Serialization/Arrays"><a:double>0</a:double><a:double>0</a:double><a:double>0</a:double></Value></Attribute></Attributes><ChildElements/><ElementName>origin</ElementName><required>false</required><RPYAttribute z:Ref="i108"/><XYZAttribute z:Ref="i107"/><isCustomized>false</isCustomized></URDFElement><URDFElement z:Id="i109" i:type="ParentLink"><Attributes><Attribute z:Id="i110"><AttributeType>link</AttributeType><IsRequired>true</IsRequired><Value i:type="a:string" xmlns:a="http://www.w3.org/2001/XMLSchema">base</Value></Attribute></Attributes><ChildElements/><ElementName>parent</ElementName><required>true</required><NameAttribute z:Ref="i110"/></URDFElement><URDFElement z:Id="i111" i:type="ChildLink"><Attributes><Attribute z:Id="i112"><AttributeType>link</AttributeType><IsRequired>true</IsRequired><Value i:type="a:string" xmlns:a="http://www.w3.org/2001/XMLSchema">FL_hip</Value></Attribute></Attributes><ChildElements/><ElementName>child</ElementName><required>true</required><NameAttribute z:Ref="i112"/></URDFElement><URDFElement z:Id="i113" i:type="Axis"><Attributes><Attribute z:Id="i114"><AttributeType>xyz</AttributeType><IsRequired>true</IsRequired><Value i:type="a:ArrayOfdouble" xmlns:a="http://schemas.microsoft.com/2003/10/Serialization/Arrays"><a:double>-1</a:double><a:double>0</a:double><a:double>0</a:double></Value></Attribute></Attributes><ChildElements/><ElementName>axis</ElementName><required>false</required><XYZAttribute z:Ref="i114"/></URDFElement><URDFElement z:Id="i115" i:type="Limit"><Attributes><Attribute z:Id="i116"><AttributeType>lower</AttributeType><IsRequired>true</IsRequired><Value i:type="a:double" xmlns:a="http://www.w3.org/2001/XMLSchema">0</Value></Attribute><Attribute z:Id="i117"><AttributeType>upper</AttributeType><IsRequired>true</IsRequired><Value i:type="a:double" xmlns:a="http://www.w3.org/2001/XMLSchema">0</Value></Attribute><Attribute z:Id="i118"><AttributeType>effort</AttributeType><IsRequired>true</IsRequired><Value i:type="a:double" xmlns:a="http://www.w3.org/2001/XMLSchema">0</Value></Attribute><Attribute z:Id="i119"><AttributeType>velocity</AttributeType><IsRequired>true</IsRequired><Value i:type="a:double" xmlns:a="http://www.w3.org/2001/XMLSchema">0</Value></Attribute></Attributes><ChildElements/><ElementName>limit</ElementName><required>true</required><EffortAttribute z:Ref="i118"/><LowerAttribute z:Ref="i116"/><UpperAttribute z:Ref="i117"/><VelocityAttribute z:Ref="i119"/></URDFElement><URDFElement z:Id="i120" i:type="Calibration"><Attributes><Attribute z:Id="i121"><AttributeType>rising</AttributeType><IsRequired>false</IsRequired><Value i:nil="true"/></Attribute><Attribute z:Id="i122"><AttributeType>falling</AttributeType><IsRequired>false</IsRequired><Value i:nil="true"/></Attribute></Attributes><ChildElements/><ElementName>calibration</ElementName><required>false</required><FallingAttribute z:Ref="i122"/><RisingAttribute z:Ref="i121"/></URDFElement><URDFElement z:Id="i123" i:type="Dynamics"><Attributes><Attribute z:Id="i124"><AttributeType>damping</AttributeType><IsRequired>false</IsRequired><Value i:nil="true"/></Attribute><Attribute z:Id="i125"><AttributeType>friction</AttributeType><IsRequired>false</IsRequired><Value i:nil="true"/></Attribute></Attributes><ChildElements/><ElementName>dynamics</ElementName><required>false</required><DampingAttribute z:Ref="i124"/><FrictionAttribute z:Ref="i125"/></URDFElement><URDFElement z:Id="i126" i:type="SafetyController"><Attributes><Attribute z:Id="i127"><AttributeType>soft_upper_limit</AttributeType><IsRequired>false</IsRequired><Value i:nil="true"/></Attribute><Attribute z:Id="i128"><AttributeType>soft_lower_limit</AttributeType><IsRequired>false</IsRequired><Value i:nil="true"/></Attribute><Attribute z:Id="i129"><AttributeType>k_position</AttributeType><IsRequired>false</IsRequired><Value i:nil="true"/></Attribute><Attribute z:Id="i130"><AttributeType>k_velocity</AttributeType><IsRequired>true</IsRequired><Value i:nil="true"/></Attribute></Attributes><ChildElements/><ElementName>safety_controller</ElementName><required>false</required><KPositionAttribute z:Ref="i129"/><KVelocityAttribute z:Ref="i130"/><SoftLowerAttribute z:Ref="i128"/><SoftUpperAttribute z:Ref="i127"/></URDFElement><URDFElement z:Id="i131" i:type="Mimic"><Attributes><Attribute z:Id="i132"><AttributeType>joint</AttributeType><IsRequired>true</IsRequired><Value i:nil="true"/></Attribute><Attribute z:Id="i133"><AttributeType>multiplier</AttributeType><IsRequired>false</IsRequired><Value i:nil="true"/></Attribute><Attribute z:Id="i134"><AttributeType>offset</AttributeType><IsRequired>false</IsRequired><Value i:nil="true"/></Attribute></Attributes><ChildElements/><ElementName>mimic</ElementName><required>false</required><JointNameAttribute z:Ref="i132"/><MultiplierAttribute z:Ref="i133"/><OffsetAttribute z:Ref="i134"/></URDFElement></ChildElements><ElementName>joint</ElementName><required>false</required><Axis z:Ref="i113"/><AxisName>FL_hip_axis</AxisName><Calibration z:Ref="i120"/><Child z:Ref="i111"/><CoordinateSystemName>FL_hip_Coordinate System</CoordinateSystemName><Dynamics z:Ref="i123"/><Limit z:Ref="i115"/><Mimic z:Ref="i131"/><NameAttribute z:Ref="i104"/><Origin z:Ref="i106"/><Parent z:Ref="i109"/><Safety z:Ref="i126"/><TypeAttribute z:Ref="i105"/></URDFElement></ChildElements><ElementName>link</ElementName><required>true</required><Children><Link z:Id="i135"><Attributes><Attribute z:Id="i136"><AttributeType>name</AttributeType><IsRequired>true</IsRequired><Value i:type="a:string" xmlns:a="http://www.w3.org/2001/XMLSchema">FL_thigh</Value></Attribute></Attributes><ChildElements><URDFElement z:Id="i137" i:type="Inertial"><Attributes/><ChildElements><URDFElement z:Id="i138" i:type="Origin"><Attributes><Attribute z:Id="i139"><AttributeType>xyz</AttributeType><IsRequired>true</IsRequired><Value i:type="a:ArrayOfdouble" xmlns:a="http://schemas.microsoft.com/2003/10/Serialization/Arrays"><a:double>-0.00048967114117282051</a:double><a:double>0.033870013963175044</a:double><a:double>-0.034828071773446587</a:double></Value></Attribute><Attribute z:Id="i140"><AttributeType>rpy</AttributeType><IsRequired>true</IsRequired><Value i:type="a:ArrayOfdouble" xmlns:a="http://schemas.microsoft.com/2003/10/Serialization/Arrays"><a:double>0</a:double><a:double>0</a:double><a:double>0</a:double></Value></Attribute></Attributes><ChildElements/><ElementName>origin</ElementName><required>false</required><RPYAttribute z:Ref="i140"/><XYZAttribute z:Ref="i139"/><isCustomized>false</isCustomized></URDFElement><URDFElement z:Id="i141" i:type="Mass"><Attributes><Attribute z:Id="i142"><AttributeType>value</AttributeType><IsRequired>true</IsRequired><Value i:type="a:double" xmlns:a="http://www.w3.org/2001/XMLSchema">0.76538912651758928</Value></Attribute></Attributes><ChildElements/><ElementName>mass</ElementName><required>false</required><ValueAttribute z:Ref="i142"/></URDFElement><URDFElement z:Id="i143" i:type="Inertia"><Attributes><Attribute z:Id="i144"><AttributeType>ixx</AttributeType><IsRequired>true</IsRequired><Value i:type="a:double" xmlns:a="http://www.w3.org/2001/XMLSchema">0.0027028336264231932</Value></Attribute><Attribute z:Id="i145"><AttributeType>ixy</AttributeType><IsRequired>true</IsRequired><Value i:type="a:double" xmlns:a="http://www.w3.org/2001/XMLSchema">-9.9154137204254043E-07</Value></Attribute><Attribute z:Id="i146"><AttributeType>ixz</AttributeType><IsRequired>true</IsRequired><Value i:type="a:double" xmlns:a="http://www.w3.org/2001/XMLSchema">-5.665273744089049E-05</Value></Attribute><Attribute z:Id="i147"><AttributeType>iyy</AttributeType><IsRequired>true</IsRequired><Value i:type="a:double" xmlns:a="http://www.w3.org/2001/XMLSchema">0.0031617559141558947</Value></Attribute><Attribute z:Id="i148"><AttributeType>iyz</AttributeType><IsRequired>true</IsRequired><Value i:type="a:double" xmlns:a="http://www.w3.org/2001/XMLSchema">8.3981124923250835E-07</Value></Attribute><Attribute z:Id="i149"><AttributeType>izz</AttributeType><IsRequired>true</IsRequired><Value i:type="a:double" xmlns:a="http://www.w3.org/2001/XMLSchema">0.00048255018837609797</Value></Attribute></Attributes><ChildElements/><ElementName>inertia</ElementName><required>false</required><IxxAttribute z:Ref="i144"/><IxyAttribute z:Ref="i145"/><IxzAttribute z:Ref="i146"/><IyyAttribute z:Ref="i147"/><IyzAttribute z:Ref="i148"/><IzzAttribute z:Ref="i149"/></URDFElement></ChildElements><ElementName>inertial</ElementName><required>false</required><Inertia z:Ref="i143"/><Mass z:Ref="i141"/><Origin z:Ref="i138"/></URDFElement><URDFElement z:Id="i150" i:type="Visual"><Attributes/><ChildElements><URDFElement z:Id="i151" i:type="Origin"><Attributes><Attribute z:Id="i152"><AttributeType>xyz</AttributeType><IsRequired>true</IsRequired><Value i:type="a:ArrayOfdouble" xmlns:a="http://schemas.microsoft.com/2003/10/Serialization/Arrays"><a:double>0</a:double><a:double>0</a:double><a:double>0</a:double></Value></Attribute><Attribute z:Id="i153"><AttributeType>rpy</AttributeType><IsRequired>true</IsRequired><Value i:type="a:ArrayOfdouble" xmlns:a="http://schemas.microsoft.com/2003/10/Serialization/Arrays"><a:double>0</a:double><a:double>0</a:double><a:double>0</a:double></Value></Attribute></Attributes><ChildElements/><ElementName>origin</ElementName><required>false</required><RPYAttribute z:Ref="i153"/><XYZAttribute z:Ref="i152"/><isCustomized>false</isCustomized></URDFElement><URDFElement z:Id="i154" i:type="Geometry"><Attributes/><ChildElements><URDFElement z:Id="i155" i:type="Mesh"><Attributes><Attribute z:Id="i156"><AttributeType>filename</AttributeType><IsRequired>true</IsRequired><Value i:nil="true"/></Attribute></Attributes><ChildElements/><ElementName>mesh</ElementName><required>false</required><FilenameAttribute z:Ref="i156"/></URDFElement></ChildElements><ElementName>geometry</ElementName><required>true</required><Mesh z:Ref="i155"/></URDFElement><URDFElement z:Id="i157" i:type="Material"><Attributes><Attribute z:Id="i158"><AttributeType>name</AttributeType><IsRequired>true</IsRequired><Value i:type="a:string" xmlns:a="http://www.w3.org/2001/XMLSchema"/></Attribute></Attributes><ChildElements><URDFElement z:Id="i159" i:type="Color"><Attributes><Attribute z:Id="i160"><AttributeType>rgba</AttributeType><IsRequired>true</IsRequired><Value i:type="a:ArrayOfdouble" xmlns:a="http://schemas.microsoft.com/2003/10/Serialization/Arrays"><a:double>0.64313725490196072</a:double><a:double>0.615686274509804</a:double><a:double>0.6</a:double><a:double>1</a:double></Value></Attribute></Attributes><ChildElements/><ElementName>color</ElementName><required>false</required><RGBAAttribute z:Ref="i160"/></URDFElement><URDFElement z:Id="i161" i:type="Texture"><Attributes><Attribute z:Id="i162"><AttributeType>filename</AttributeType><IsRequired>true</IsRequired><Value i:nil="true"/></Attribute></Attributes><ChildElements/><ElementName>texture</ElementName><required>false</required><FilenameAttribute z:Ref="i162"/><wFilename/></URDFElement></ChildElements><ElementName>material</ElementName><required>false</required><Color z:Ref="i159"/><NameAttribute z:Ref="i158"/><Texture z:Ref="i161"/></URDFElement></ChildElements><ElementName>visual</ElementName><required>false</required><Geometry z:Ref="i154"/><Material z:Ref="i157"/><Origin z:Ref="i151"/></URDFElement><URDFElement z:Id="i163" i:type="Collision"><Attributes/><ChildElements><URDFElement z:Id="i164" i:type="Origin"><Attributes><Attribute z:Id="i165"><AttributeType>xyz</AttributeType><IsRequired>true</IsRequired><Value i:type="a:ArrayOfdouble" xmlns:a="http://schemas.microsoft.com/2003/10/Serialization/Arrays"><a:double>0</a:double><a:double>0</a:double><a:double>0</a:double></Value></Attribute><Attribute z:Id="i166"><AttributeType>rpy</AttributeType><IsRequired>true</IsRequired><Value i:type="a:ArrayOfdouble" xmlns:a="http://schemas.microsoft.com/2003/10/Serialization/Arrays"><a:double>0</a:double><a:double>0</a:double><a:double>0</a:double></Value></Attribute></Attributes><ChildElements/><ElementName>origin</ElementName><required>false</required><RPYAttribute z:Ref="i166"/><XYZAttribute z:Ref="i165"/><isCustomized>false</isCustomized></URDFElement><URDFElement z:Id="i167" i:type="Geometry"><Attributes/><ChildElements><URDFElement z:Id="i168" i:type="Mesh"><Attributes><Attribute z:Id="i169"><AttributeType>filename</AttributeType><IsRequired>true</IsRequired><Value i:nil="true"/></Attribute></Attributes><ChildElements/><ElementName>mesh</ElementName><required>false</required><FilenameAttribute z:Ref="i169"/></URDFElement></ChildElements><ElementName>geometry</ElementName><required>true</required><Mesh z:Ref="i168"/></URDFElement></ChildElements><ElementName>collision</ElementName><required>false</required><Geometry z:Ref="i167"/><Origin z:Ref="i164"/></URDFElement><URDFElement z:Id="i170" i:type="Joint"><Attributes><Attribute z:Id="i171"><AttributeType>name</AttributeType><IsRequired>true</IsRequired><Value i:type="a:string" xmlns:a="http://www.w3.org/2001/XMLSchema">FL_thigh_joint</Value></Attribute><Attribute z:Id="i172"><AttributeType>type</AttributeType><IsRequired>true</IsRequired><Value i:type="a:string" xmlns:a="http://www.w3.org/2001/XMLSchema">revolute</Value></Attribute></Attributes><ChildElements><URDFElement z:Id="i173" i:type="Origin"><Attributes><Attribute z:Id="i174"><AttributeType>xyz</AttributeType><IsRequired>true</IsRequired><Value i:type="a:ArrayOfdouble" xmlns:a="http://schemas.microsoft.com/2003/10/Serialization/Arrays"><a:double>0.05825</a:double><a:double>0.0186</a:double><a:double>0</a:double></Value></Attribute><Attribute z:Id="i175"><AttributeType>rpy</AttributeType><IsRequired>true</IsRequired><Value i:type="a:ArrayOfdouble" xmlns:a="http://schemas.microsoft.com/2003/10/Serialization/Arrays"><a:double>0</a:double><a:double>0</a:double><a:double>0</a:double></Value></Attribute></Attributes><ChildElements/><ElementName>origin</ElementName><required>false</required><RPYAttribute z:Ref="i175"/><XYZAttribute z:Ref="i174"/><isCustomized>false</isCustomized></URDFElement><URDFElement z:Id="i176" i:type="ParentLink"><Attributes><Attribute z:Id="i177"><AttributeType>link</AttributeType><IsRequired>true</IsRequired><Value i:type="a:string" xmlns:a="http://www.w3.org/2001/XMLSchema">FL_hip</Value></Attribute></Attributes><ChildElements/><ElementName>parent</ElementName><required>true</required><NameAttribute z:Ref="i177"/></URDFElement><URDFElement z:Id="i178" i:type="ChildLink"><Attributes><Attribute z:Id="i179"><AttributeType>link</AttributeType><IsRequired>true</IsRequired><Value i:type="a:string" xmlns:a="http://www.w3.org/2001/XMLSchema">FL_thigh</Value></Attribute></Attributes><ChildElements/><ElementName>child</ElementName><required>true</required><NameAttribute z:Ref="i179"/></URDFElement><URDFElement z:Id="i180" i:type="Axis"><Attributes><Attribute z:Id="i181"><AttributeType>xyz</AttributeType><IsRequired>true</IsRequired><Value i:type="a:ArrayOfdouble" xmlns:a="http://schemas.microsoft.com/2003/10/Serialization/Arrays"><a:double>0</a:double><a:double>1</a:double><a:double>0</a:double></Value></Attribute></Attributes><ChildElements/><ElementName>axis</ElementName><required>false</required><XYZAttribute z:Ref="i181"/></URDFElement><URDFElement z:Id="i182" i:type="Limit"><Attributes><Attribute z:Id="i183"><AttributeType>lower</AttributeType><IsRequired>true</IsRequired><Value i:type="a:double" xmlns:a="http://www.w3.org/2001/XMLSchema">0</Value></Attribute><Attribute z:Id="i184"><AttributeType>upper</AttributeType><IsRequired>true</IsRequired><Value i:type="a:double" xmlns:a="http://www.w3.org/2001/XMLSchema">0</Value></Attribute><Attribute z:Id="i185"><AttributeType>effort</AttributeType><IsRequired>true</IsRequired><Value i:type="a:double" xmlns:a="http://www.w3.org/2001/XMLSchema">0</Value></Attribute><Attribute z:Id="i186"><AttributeType>velocity</AttributeType><IsRequired>true</IsRequired><Value i:type="a:double" xmlns:a="http://www.w3.org/2001/XMLSchema">0</Value></Attribute></Attributes><ChildElements/><ElementName>limit</ElementName><required>true</required><EffortAttribute z:Ref="i185"/><LowerAttribute z:Ref="i183"/><UpperAttribute z:Ref="i184"/><VelocityAttribute z:Ref="i186"/></URDFElement><URDFElement z:Id="i187" i:type="Calibration"><Attributes><Attribute z:Id="i188"><AttributeType>rising</AttributeType><IsRequired>false</IsRequired><Value i:nil="true"/></Attribute><Attribute z:Id="i189"><AttributeType>falling</AttributeType><IsRequired>false</IsRequired><Value i:nil="true"/></Attribute></Attributes><ChildElements/><ElementName>calibration</ElementName><required>false</required><FallingAttribute z:Ref="i189"/><RisingAttribute z:Ref="i188"/></URDFElement><URDFElement z:Id="i190" i:type="Dynamics"><Attributes><Attribute z:Id="i191"><AttributeType>damping</AttributeType><IsRequired>false</IsRequired><Value i:nil="true"/></Attribute><Attribute z:Id="i192"><AttributeType>friction</AttributeType><IsRequired>false</IsRequired><Value i:nil="true"/></Attribute></Attributes><ChildElements/><ElementName>dynamics</ElementName><required>false</required><DampingAttribute z:Ref="i191"/><FrictionAttribute z:Ref="i192"/></URDFElement><URDFElement z:Id="i193" i:type="SafetyController"><Attributes><Attribute z:Id="i194"><AttributeType>soft_upper_limit</AttributeType><IsRequired>false</IsRequired><Value i:nil="true"/></Attribute><Attribute z:Id="i195"><AttributeType>soft_lower_limit</AttributeType><IsRequired>false</IsRequired><Value i:nil="true"/></Attribute><Attribute z:Id="i196"><AttributeType>k_position</AttributeType><IsRequired>false</IsRequired><Value i:nil="true"/></Attribute><Attribute z:Id="i197"><AttributeType>k_velocity</AttributeType><IsRequired>true</IsRequired><Value i:nil="true"/></Attribute></Attributes><ChildElements/><ElementName>safety_controller</ElementName><required>false</required><KPositionAttribute z:Ref="i196"/><KVelocityAttribute z:Ref="i197"/><SoftLowerAttribute z:Ref="i195"/><SoftUpperAttribute z:Ref="i194"/></URDFElement><URDFElement z:Id="i198" i:type="Mimic"><Attributes><Attribute z:Id="i199"><AttributeType>joint</AttributeType><IsRequired>true</IsRequired><Value i:nil="true"/></Attribute><Attribute z:Id="i200"><AttributeType>multiplier</AttributeType><IsRequired>false</IsRequired><Value i:nil="true"/></Attribute><Attribute z:Id="i201"><AttributeType>offset</AttributeType><IsRequired>false</IsRequired><Value i:nil="true"/></Attribute></Attributes><ChildElements/><ElementName>mimic</ElementName><required>false</required><JointNameAttribute z:Ref="i199"/><MultiplierAttribute z:Ref="i200"/><OffsetAttribute z:Ref="i201"/></URDFElement></ChildElements><ElementName>joint</ElementName><required>false</required><Axis z:Ref="i180"/><AxisName>FL_thigh_axis</AxisName><Calibration z:Ref="i187"/><Child z:Ref="i178"/><CoordinateSystemName>FL_thigh_Coordinate System</CoordinateSystemName><Dynamics z:Ref="i190"/><Limit z:Ref="i182"/><Mimic z:Ref="i198"/><NameAttribute z:Ref="i171"/><Origin z:Ref="i173"/><Parent z:Ref="i176"/><Safety z:Ref="i193"/><TypeAttribute z:Ref="i172"/></URDFElement></ChildElements><ElementName>link</ElementName><required>true</required><Children><Link z:Id="i202"><Attributes><Attribute z:Id="i203"><AttributeType>name</AttributeType><IsRequired>true</IsRequired><Value i:type="a:string" xmlns:a="http://www.w3.org/2001/XMLSchema">FL_calf</Value></Attribute></Attributes><ChildElements><URDFElement z:Id="i204" i:type="Inertial"><Attributes/><ChildElements><URDFElement z:Id="i205" i:type="Origin"><Attributes><Attribute z:Id="i206"><AttributeType>xyz</AttributeType><IsRequired>true</IsRequired><Value i:type="a:ArrayOfdouble" xmlns:a="http://schemas.microsoft.com/2003/10/Serialization/Arrays"><a:double>0.0063129932843734582</a:double><a:double>-2.4496200631884957E-05</a:double><a:double>-0.091768654493874391</a:double></Value></Attribute><Attribute z:Id="i207"><AttributeType>rpy</AttributeType><IsRequired>true</IsRequired><Value i:type="a:ArrayOfdouble" xmlns:a="http://schemas.microsoft.com/2003/10/Serialization/Arrays"><a:double>0</a:double><a:double>0</a:double><a:double>0</a:double></Value></Attribute></Attributes><ChildElements/><ElementName>origin</ElementName><required>false</required><RPYAttribute z:Ref="i207"/><XYZAttribute z:Ref="i206"/><isCustomized>false</isCustomized></URDFElement><URDFElement z:Id="i208" i:type="Mass"><Attributes><Attribute z:Id="i209"><AttributeType>value</AttributeType><IsRequired>true</IsRequired><Value i:type="a:double" xmlns:a="http://www.w3.org/2001/XMLSchema">0.24779927634993065</Value></Attribute></Attributes><ChildElements/><ElementName>mass</ElementName><required>false</required><ValueAttribute z:Ref="i209"/></URDFElement><URDFElement z:Id="i210" i:type="Inertia"><Attributes><Attribute z:Id="i211"><AttributeType>ixx</AttributeType><IsRequired>true</IsRequired><Value i:type="a:double" xmlns:a="http://www.w3.org/2001/XMLSchema">0.00055936945050888366</Value></Attribute><Attribute z:Id="i212"><AttributeType>ixy</AttributeType><IsRequired>true</IsRequired><Value i:type="a:double" xmlns:a="http://www.w3.org/2001/XMLSchema">7.2776729077110214E-09</Value></Attribute><Attribute z:Id="i213"><AttributeType>ixz</AttributeType><IsRequired>true</IsRequired><Value i:type="a:double" xmlns:a="http://www.w3.org/2001/XMLSchema">3.1927590651445628E-05</Value></Attribute><Attribute z:Id="i214"><AttributeType>iyy</AttributeType><IsRequired>true</IsRequired><Value i:type="a:double" xmlns:a="http://www.w3.org/2001/XMLSchema">0.00057994341943448386</Value></Attribute><Attribute z:Id="i215"><AttributeType>iyz</AttributeType><IsRequired>true</IsRequired><Value i:type="a:double" xmlns:a="http://www.w3.org/2001/XMLSchema">5.9037738839967744E-08</Value></Attribute><Attribute z:Id="i216"><AttributeType>izz</AttributeType><IsRequired>true</IsRequired><Value i:type="a:double" xmlns:a="http://www.w3.org/2001/XMLSchema">2.4933612463864248E-05</Value></Attribute></Attributes><ChildElements/><ElementName>inertia</ElementName><required>false</required><IxxAttribute z:Ref="i211"/><IxyAttribute z:Ref="i212"/><IxzAttribute z:Ref="i213"/><IyyAttribute z:Ref="i214"/><IyzAttribute z:Ref="i215"/><IzzAttribute z:Ref="i216"/></URDFElement></ChildElements><ElementName>inertial</ElementName><required>false</required><Inertia z:Ref="i210"/><Mass z:Ref="i208"/><Origin z:Ref="i205"/></URDFElement><URDFElement z:Id="i217" i:type="Visual"><Attributes/><ChildElements><URDFElement z:Id="i218" i:type="Origin"><Attributes><Attribute z:Id="i219"><AttributeType>xyz</AttributeType><IsRequired>true</IsRequired><Value i:type="a:ArrayOfdouble" xmlns:a="http://schemas.microsoft.com/2003/10/Serialization/Arrays"><a:double>0</a:double><a:double>0</a:double><a:double>0</a:double></Value></Attribute><Attribute z:Id="i220"><AttributeType>rpy</AttributeType><IsRequired>true</IsRequired><Value i:type="a:ArrayOfdouble" xmlns:a="http://schemas.microsoft.com/2003/10/Serialization/Arrays"><a:double>0</a:double><a:double>0</a:double><a:double>0</a:double></Value></Attribute></Attributes><ChildElements/><ElementName>origin</ElementName><required>false</required><RPYAttribute z:Ref="i220"/><XYZAttribute z:Ref="i219"/><isCustomized>false</isCustomized></URDFElement><URDFElement z:Id="i221" i:type="Geometry"><Attributes/><ChildElements><URDFElement z:Id="i222" i:type="Mesh"><Attributes><Attribute z:Id="i223"><AttributeType>filename</AttributeType><IsRequired>true</IsRequired><Value i:nil="true"/></Attribute></Attributes><ChildElements/><ElementName>mesh</ElementName><required>false</required><FilenameAttribute z:Ref="i223"/></URDFElement></ChildElements><ElementName>geometry</ElementName><required>true</required><Mesh z:Ref="i222"/></URDFElement><URDFElement z:Id="i224" i:type="Material"><Attributes><Attribute z:Id="i225"><AttributeType>name</AttributeType><IsRequired>true</IsRequired><Value i:type="a:string" xmlns:a="http://www.w3.org/2001/XMLSchema"/></Attribute></Attributes><ChildElements><URDFElement z:Id="i226" i:type="Color"><Attributes><Attribute z:Id="i227"><AttributeType>rgba</AttributeType><IsRequired>true</IsRequired><Value i:type="a:ArrayOfdouble" xmlns:a="http://schemas.microsoft.com/2003/10/Serialization/Arrays"><a:double>0.89803921568627454</a:double><a:double>0.91764705882352937</a:double><a:double>0.92941176470588238</a:double><a:double>1</a:double></Value></Attribute></Attributes><ChildElements/><ElementName>color</ElementName><required>false</required><RGBAAttribute z:Ref="i227"/></URDFElement><URDFElement z:Id="i228" i:type="Texture"><Attributes><Attribute z:Id="i229"><AttributeType>filename</AttributeType><IsRequired>true</IsRequired><Value i:nil="true"/></Attribute></Attributes><ChildElements/><ElementName>texture</ElementName><required>false</required><FilenameAttribute z:Ref="i229"/><wFilename/></URDFElement></ChildElements><ElementName>material</ElementName><required>false</required><Color z:Ref="i226"/><NameAttribute z:Ref="i225"/><Texture z:Ref="i228"/></URDFElement></ChildElements><ElementName>visual</ElementName><required>false</required><Geometry z:Ref="i221"/><Material z:Ref="i224"/><Origin z:Ref="i218"/></URDFElement><URDFElement z:Id="i230" i:type="Collision"><Attributes/><ChildElements><URDFElement z:Id="i231" i:type="Origin"><Attributes><Attribute z:Id="i232"><AttributeType>xyz</AttributeType><IsRequired>true</IsRequired><Value i:type="a:ArrayOfdouble" xmlns:a="http://schemas.microsoft.com/2003/10/Serialization/Arrays"><a:double>0</a:double><a:double>0</a:double><a:double>0</a:double></Value></Attribute><Attribute z:Id="i233"><AttributeType>rpy</AttributeType><IsRequired>true</IsRequired><Value i:type="a:ArrayOfdouble" xmlns:a="http://schemas.microsoft.com/2003/10/Serialization/Arrays"><a:double>0</a:double><a:double>0</a:double><a:double>0</a:double></Value></Attribute></Attributes><ChildElements/><ElementName>origin</ElementName><required>false</required><RPYAttribute z:Ref="i233"/><XYZAttribute z:Ref="i232"/><isCustomized>false</isCustomized></URDFElement><URDFElement z:Id="i234" i:type="Geometry"><Attributes/><ChildElements><URDFElement z:Id="i235" i:type="Mesh"><Attributes><Attribute z:Id="i236"><AttributeType>filename</AttributeType><IsRequired>true</IsRequired><Value i:nil="true"/></Attribute></Attributes><ChildElements/><ElementName>mesh</ElementName><required>false</required><FilenameAttribute z:Ref="i236"/></URDFElement></ChildElements><ElementName>geometry</ElementName><required>true</required><Mesh z:Ref="i235"/></URDFElement></ChildElements><ElementName>collision</ElementName><required>false</required><Geometry z:Ref="i234"/><Origin z:Ref="i231"/></URDFElement><URDFElement z:Id="i237" i:type="Joint"><Attributes><Attribute z:Id="i238"><AttributeType>name</AttributeType><IsRequired>true</IsRequired><Value i:type="a:string" xmlns:a="http://www.w3.org/2001/XMLSchema">FL_calf_joint</Value></Attribute><Attribute z:Id="i239"><AttributeType>type</AttributeType><IsRequired>true</IsRequired><Value i:type="a:string" xmlns:a="http://www.w3.org/2001/XMLSchema">revolute</Value></Attribute></Attributes><ChildElements><URDFElement z:Id="i240" i:type="Origin"><Attributes><Attribute z:Id="i241"><AttributeType>xyz</AttributeType><IsRequired>true</IsRequired><Value i:type="a:ArrayOfdouble" xmlns:a="http://schemas.microsoft.com/2003/10/Serialization/Arrays"><a:double>0</a:double><a:double>0.0572</a:double><a:double>-0.21</a:double></Value></Attribute><Attribute z:Id="i242"><AttributeType>rpy</AttributeType><IsRequired>true</IsRequired><Value i:type="a:ArrayOfdouble" xmlns:a="http://schemas.microsoft.com/2003/10/Serialization/Arrays"><a:double>0</a:double><a:double>0</a:double><a:double>0</a:double></Value></Attribute></Attributes><ChildElements/><ElementName>origin</ElementName><required>false</required><RPYAttribute z:Ref="i242"/><XYZAttribute z:Ref="i241"/><isCustomized>false</isCustomized></URDFElement><URDFElement z:Id="i243" i:type="ParentLink"><Attributes><Attribute z:Id="i244"><AttributeType>link</AttributeType><IsRequired>true</IsRequired><Value i:type="a:string" xmlns:a="http://www.w3.org/2001/XMLSchema">FL_thigh</Value></Attribute></Attributes><ChildElements/><ElementName>parent</ElementName><required>true</required><NameAttribute z:Ref="i244"/></URDFElement><URDFElement z:Id="i245" i:type="ChildLink"><Attributes><Attribute z:Id="i246"><AttributeType>link</AttributeType><IsRequired>true</IsRequired><Value i:type="a:string" xmlns:a="http://www.w3.org/2001/XMLSchema">FL_calf</Value></Attribute></Attributes><ChildElements/><ElementName>child</ElementName><required>true</required><NameAttribute z:Ref="i246"/></URDFElement><URDFElement z:Id="i247" i:type="Axis"><Attributes><Attribute z:Id="i248"><AttributeType>xyz</AttributeType><IsRequired>true</IsRequired><Value i:type="a:ArrayOfdouble" xmlns:a="http://schemas.microsoft.com/2003/10/Serialization/Arrays"><a:double>0</a:double><a:double>1</a:double><a:double>0</a:double></Value></Attribute></Attributes><ChildElements/><ElementName>axis</ElementName><required>false</required><XYZAttribute z:Ref="i248"/></URDFElement><URDFElement z:Id="i249" i:type="Limit"><Attributes><Attribute z:Id="i250"><AttributeType>lower</AttributeType><IsRequired>true</IsRequired><Value i:type="a:double" xmlns:a="http://www.w3.org/2001/XMLSchema">0</Value></Attribute><Attribute z:Id="i251"><AttributeType>upper</AttributeType><IsRequired>true</IsRequired><Value i:type="a:double" xmlns:a="http://www.w3.org/2001/XMLSchema">0</Value></Attribute><Attribute z:Id="i252"><AttributeType>effort</AttributeType><IsRequired>true</IsRequired><Value i:type="a:double" xmlns:a="http://www.w3.org/2001/XMLSchema">0</Value></Attribute><Attribute z:Id="i253"><AttributeType>velocity</AttributeType><IsRequired>true</IsRequired><Value i:type="a:double" xmlns:a="http://www.w3.org/2001/XMLSchema">0</Value></Attribute></Attributes><ChildElements/><ElementName>limit</ElementName><required>true</required><EffortAttribute z:Ref="i252"/><LowerAttribute z:Ref="i250"/><UpperAttribute z:Ref="i251"/><VelocityAttribute z:Ref="i253"/></URDFElement><URDFElement z:Id="i254" i:type="Calibration"><Attributes><Attribute z:Id="i255"><AttributeType>rising</AttributeType><IsRequired>false</IsRequired><Value i:nil="true"/></Attribute><Attribute z:Id="i256"><AttributeType>falling</AttributeType><IsRequired>false</IsRequired><Value i:nil="true"/></Attribute></Attributes><ChildElements/><ElementName>calibration</ElementName><required>false</required><FallingAttribute z:Ref="i256"/><RisingAttribute z:Ref="i255"/></URDFElement><URDFElement z:Id="i257" i:type="Dynamics"><Attributes><Attribute z:Id="i258"><AttributeType>damping</AttributeType><IsRequired>false</IsRequired><Value i:nil="true"/></Attribute><Attribute z:Id="i259"><AttributeType>friction</AttributeType><IsRequired>false</IsRequired><Value i:nil="true"/></Attribute></Attributes><ChildElements/><ElementName>dynamics</ElementName><required>false</required><DampingAttribute z:Ref="i258"/><FrictionAttribute z:Ref="i259"/></URDFElement><URDFElement z:Id="i260" i:type="SafetyController"><Attributes><Attribute z:Id="i261"><AttributeType>soft_upper_limit</AttributeType><IsRequired>false</IsRequired><Value i:nil="true"/></Attribute><Attribute z:Id="i262"><AttributeType>soft_lower_limit</AttributeType><IsRequired>false</IsRequired><Value i:nil="true"/></Attribute><Attribute z:Id="i263"><AttributeType>k_position</AttributeType><IsRequired>false</IsRequired><Value i:nil="true"/></Attribute><Attribute z:Id="i264"><AttributeType>k_velocity</AttributeType><IsRequired>true</IsRequired><Value i:nil="true"/></Attribute></Attributes><ChildElements/><ElementName>safety_controller</ElementName><required>false</required><KPositionAttribute z:Ref="i263"/><KVelocityAttribute z:Ref="i264"/><SoftLowerAttribute z:Ref="i262"/><SoftUpperAttribute z:Ref="i261"/></URDFElement><URDFElement z:Id="i265" i:type="Mimic"><Attributes><Attribute z:Id="i266"><AttributeType>joint</AttributeType><IsRequired>true</IsRequired><Value i:nil="true"/></Attribute><Attribute z:Id="i267"><AttributeType>multiplier</AttributeType><IsRequired>false</IsRequired><Value i:nil="true"/></Attribute><Attribute z:Id="i268"><AttributeType>offset</AttributeType><IsRequired>false</IsRequired><Value i:nil="true"/></Attribute></Attributes><ChildElements/><ElementName>mimic</ElementName><required>false</required><JointNameAttribute z:Ref="i266"/><MultiplierAttribute z:Ref="i267"/><OffsetAttribute z:Ref="i268"/></URDFElement></ChildElements><ElementName>joint</ElementName><required>false</required><Axis z:Ref="i247"/><AxisName>FL_calf_axis</AxisName><Calibration z:Ref="i254"/><Child z:Ref="i245"/><CoordinateSystemName>FL_calf_Coordinate System</CoordinateSystemName><Dynamics z:Ref="i257"/><Limit z:Ref="i249"/><Mimic z:Ref="i265"/><NameAttribute z:Ref="i238"/><Origin z:Ref="i240"/><Parent z:Ref="i243"/><Safety z:Ref="i260"/><TypeAttribute z:Ref="i239"/></URDFElement></ChildElements><ElementName>link</ElementName><required>true</required><Children/><Collision z:Ref="i230"/><Inertial z:Ref="i204"/><Joint z:Ref="i237"/><NameAttribute z:Ref="i203"/><Parent z:Ref="i135"/><STLQualityFine>false</STLQualityFine><SWComponentPIDs xmlns:a="http://schemas.microsoft.com/2003/10/Serialization/Arrays"><a:base64Binary>aEIAAAUAAAD//v8WD1x/gRZZp0/yZr9+LQBclc9QLQA2ADAANgAxAC0ANABAAHRl13LFiE2RU08EAAAAEAAAAAEAAAABAAAANgMAAA==</a:base64Binary><a:base64Binary>aEIAAAUAAAD//v8TD1x/gRZZp0/yZr9+LQA2ADAANgAxAC0ANABAAHRl13LFiE2RU08EAAAAEAAAAAEAAAABAAAANwMAAA==</a:base64Binary><a:base64Binary>aEIAAAUAAAD//v8TD1x/gS1O9JXyZr9+LQA2ADAANgAxAC0ANABAAHRl13LFiE2RU08EAAAAEAAAAAEAAAABAAAANQMAAA==</a:base64Binary><a:base64Binary>aEIAAAUAAAD//v8ND1x/gXCZf2cyAC0AMgBAAHRl13LFiE2RU08EAAAAEAAAAAEAAAABAAAA0QQAAA==</a:base64Binary><a:base64Binary>aEIAAAUAAAD//v8Ns43velNicFP2Ti0ANQBAAHRl13LFiE2RU08EAAAAEAAAAAEAAAABAAAAEQUAAA==</a:base64Binary><a:base64Binary>aEIAAAUAAAD//v8MRXj2gLON73otADQAQAB0ZddyxYhNkVNPBAAAABAAAAABAAAAAQAAAA8FAAA=</a:base64Binary><a:base64Binary>aEIAAAUAAAD//v8ND1x/gXCZf2cxAC0AMgBAAHRl13LFiE2RU08EAAAAEAAAAAEAAAABAAAA0gQAAA==</a:base64Binary></SWComponentPIDs><SWMainComponentPID i:nil="true"/><Visual z:Ref="i217"/><isFixedFrame>false</isFixedFrame><isIncomplete>false</isIncomplete></Link></Children><Collision z:Ref="i163"/><Inertial z:Ref="i137"/><Joint z:Ref="i170"/><NameAttribute z:Ref="i136"/><Parent z:Ref="i68"/><STLQualityFine>false</STLQualityFine><SWComponentPIDs xmlns:a="http://schemas.microsoft.com/2003/10/Serialization/Arrays"><a:base64Binary>aEIAAAUAAAD//v8YRwBPAC0ATQA4ADAAMQAwAC0ANgA1dTpnMwBEACFqi1ctADgAQAB0ZddyxYhNkVNPBAAAABAAAAABAAAAAQAAAOQAAAA=</a:base64Binary><a:base64Binary>aEIAAAUAAAD//v8UJ1l/gYVRp08tADYAMAA2ADEALQDmXadPLQAxAEAAdGXXcsWITZFTTwQAAAAQAAAAAQAAAAEAAAAmAwAA</a:base64Binary><a:base64Binary>aEIAAAUAAAD//v8SJ1l/gVNicFP2Ti0AXJXPUOZdp08tADEAQAB0ZddyxYhNkVNPBAAAABAAAAABAAAAAQAAACoDAAA=</a:base64Binary><a:base64Binary>aEIAAAUAAAD//v8VJ1l/gRZZp08tADYAMAA2ADEALQAzAG0AbQAtADQAQAB0ZddyxYhNkVNPBAAAABAAAAABAAAAAQAAADEDAAA=</a:base64Binary><a:base64Binary>aEIAAAUAAAD//v8YMgAtADMAc1GCgt6PpWP2Ti0ATVLmXS0ANgAwADYAMQAtADEAQAB0ZddyxYhNkVNPBAAAABAAAAABAAAAAQAAAIAEAAA=</a:base64Binary></SWComponentPIDs><SWMainComponentPID i:nil="true"/><Visual z:Ref="i150"/><isFixedFrame>false</isFixedFrame><isIncomplete>false</isIncomplete></Link></Children><Collision z:Ref="i96"/><Inertial z:Ref="i70"/><Joint z:Ref="i103"/><NameAttribute z:Ref="i69"/><Parent z:Ref="i1"/><STLQualityFine>false</STLQualityFine><SWComponentPIDs xmlns:a="http://schemas.microsoft.com/2003/10/Serialization/Arrays"><a:base64Binary>aEIAAAUAAAD//v8YRwBPAC0ATQA4ADAAMQAwAC0ANgA1dTpnMwBEACFqi1ctADkAQAB0ZddyxYhNkVNPBAAAABAAAAABAAAAAQAAAOUAAAA=</a:base64Binary><a:base64Binary>aEIAAAUAAAD//v8Zy5pzUYKC3o+lY/ZOLQBVU2KXLQA2ADAANgAxAC0A5l1NUi0AMQBAAHRl13LFiE2RU08EAAAAEAAAAAEAAAABAAAACgMAAA==</a:base64Binary><a:base64Binary>aEIAAAUAAAD//v8SJ1l/gS0AD1x/gXNRgoJQlk1PV1ctADQAQAB0ZddyxYhNkVNPBAAAABAAAAABAAAAAQAAAJwDAAA=</a:base64Binary></SWComponentPIDs><SWMainComponentPID i:nil="true"/><Visual z:Ref="i83"/><isFixedFrame>false</isFixedFrame><isIncomplete>false</isIncomplete></Link><Link z:Id="i269"><Attributes><Attribute z:Id="i270"><AttributeType>name</AttributeType><IsRequired>true</IsRequired><Value i:type="a:string" xmlns:a="http://www.w3.org/2001/XMLSchema">FR_hip</Value></Attribute></Attributes><ChildElements><URDFElement z:Id="i271" i:type="Inertial"><Attributes/><ChildElements><URDFElement z:Id="i272" i:type="Origin"><Attributes><Attribute z:Id="i273"><AttributeType>xyz</AttributeType><IsRequired>true</IsRequired><Value i:type="a:ArrayOfdouble" xmlns:a="http://schemas.microsoft.com/2003/10/Serialization/Arrays"><a:double>0.04885189479113794</a:double><a:double>-0.0019252547827462579</a:double><a:double>-0.00015510327322228179</a:double></Value></Attribute><Attribute z:Id="i274"><AttributeType>rpy</AttributeType><IsRequired>true</IsRequired><Value i:type="a:ArrayOfdouble" xmlns:a="http://schemas.microsoft.com/2003/10/Serialization/Arrays"><a:double>0</a:double><a:double>0</a:double><a:double>0</a:double></Value></Attribute></Attributes><ChildElements/><ElementName>origin</ElementName><required>false</required><RPYAttribute z:Ref="i274"/><XYZAttribute z:Ref="i273"/><isCustomized>false</isCustomized></URDFElement><URDFElement z:Id="i275" i:type="Mass"><Attributes><Attribute z:Id="i276"><AttributeType>value</AttributeType><IsRequired>true</IsRequired><Value i:type="a:double" xmlns:a="http://www.w3.org/2001/XMLSchema">0.25740792751584635</Value></Attribute></Attributes><ChildElements/><ElementName>mass</ElementName><required>false</required><ValueAttribute z:Ref="i276"/></URDFElement><URDFElement z:Id="i277" i:type="Inertia"><Attributes><Attribute z:Id="i278"><AttributeType>ixx</AttributeType><IsRequired>true</IsRequired><Value i:type="a:double" xmlns:a="http://www.w3.org/2001/XMLSchema">0.00015684681566946061</Value></Attribute><Attribute z:Id="i279"><AttributeType>ixy</AttributeType><IsRequired>true</IsRequired><Value i:type="a:double" xmlns:a="http://www.w3.org/2001/XMLSchema">5.0625823040427207E-06</Value></Attribute><Attribute z:Id="i280"><AttributeType>ixz</AttributeType><IsRequired>true</IsRequired><Value i:type="a:double" xmlns:a="http://www.w3.org/2001/XMLSchema">-1.0604139171245636E-06</Value></Attribute><Attribute z:Id="i281"><AttributeType>iyy</AttributeType><IsRequired>true</IsRequired><Value i:type="a:double" xmlns:a="http://www.w3.org/2001/XMLSchema">0.00027536006261672679</Value></Attribute><Attribute z:Id="i282"><AttributeType>iyz</AttributeType><IsRequired>true</IsRequired><Value i:type="a:double" xmlns:a="http://www.w3.org/2001/XMLSchema">9.3520396944424608E-07</Value></Attribute><Attribute z:Id="i283"><AttributeType>izz</AttributeType><IsRequired>true</IsRequired><Value i:type="a:double" xmlns:a="http://www.w3.org/2001/XMLSchema">0.00014033952573265138</Value></Attribute></Attributes><ChildElements/><ElementName>inertia</ElementName><required>false</required><IxxAttribute z:Ref="i278"/><IxyAttribute z:Ref="i279"/><IxzAttribute z:Ref="i280"/><IyyAttribute z:Ref="i281"/><IyzAttribute z:Ref="i282"/><IzzAttribute z:Ref="i283"/></URDFElement></ChildElements><ElementName>inertial</ElementName><required>false</required><Inertia z:Ref="i277"/><Mass z:Ref="i275"/><Origin z:Ref="i272"/></URDFElement><URDFElement z:Id="i284" i:type="Visual"><Attributes/><ChildElements><URDFElement z:Id="i285" i:type="Origin"><Attributes><Attribute z:Id="i286"><AttributeType>xyz</AttributeType><IsRequired>true</IsRequired><Value i:type="a:ArrayOfdouble" xmlns:a="http://schemas.microsoft.com/2003/10/Serialization/Arrays"><a:double>0</a:double><a:double>0</a:double><a:double>0</a:double></Value></Attribute><Attribute z:Id="i287"><AttributeType>rpy</AttributeType><IsRequired>true</IsRequired><Value i:type="a:ArrayOfdouble" xmlns:a="http://schemas.microsoft.com/2003/10/Serialization/Arrays"><a:double>0</a:double><a:double>0</a:double><a:double>0</a:double></Value></Attribute></Attributes><ChildElements/><ElementName>origin</ElementName><required>false</required><RPYAttribute z:Ref="i287"/><XYZAttribute z:Ref="i286"/><isCustomized>false</isCustomized></URDFElement><URDFElement z:Id="i288" i:type="Geometry"><Attributes/><ChildElements><URDFElement z:Id="i289" i:type="Mesh"><Attributes><Attribute z:Id="i290"><AttributeType>filename</AttributeType><IsRequired>true</IsRequired><Value i:nil="true"/></Attribute></Attributes><ChildElements/><ElementName>mesh</ElementName><required>false</required><FilenameAttribute z:Ref="i290"/></URDFElement></ChildElements><ElementName>geometry</ElementName><required>true</required><Mesh z:Ref="i289"/></URDFElement><URDFElement z:Id="i291" i:type="Material"><Attributes><Attribute z:Id="i292"><AttributeType>name</AttributeType><IsRequired>true</IsRequired><Value i:type="a:string" xmlns:a="http://www.w3.org/2001/XMLSchema"/></Attribute></Attributes><ChildElements><URDFElement z:Id="i293" i:type="Color"><Attributes><Attribute z:Id="i294"><AttributeType>rgba</AttributeType><IsRequired>true</IsRequired><Value i:type="a:ArrayOfdouble" xmlns:a="http://schemas.microsoft.com/2003/10/Serialization/Arrays"><a:double>0.64313725490196072</a:double><a:double>0.615686274509804</a:double><a:double>0.6</a:double><a:double>1</a:double></Value></Attribute></Attributes><ChildElements/><ElementName>color</ElementName><required>false</required><RGBAAttribute z:Ref="i294"/></URDFElement><URDFElement z:Id="i295" i:type="Texture"><Attributes><Attribute z:Id="i296"><AttributeType>filename</AttributeType><IsRequired>true</IsRequired><Value i:nil="true"/></Attribute></Attributes><ChildElements/><ElementName>texture</ElementName><required>false</required><FilenameAttribute z:Ref="i296"/><wFilename/></URDFElement></ChildElements><ElementName>material</ElementName><required>false</required><Color z:Ref="i293"/><NameAttribute z:Ref="i292"/><Texture z:Ref="i295"/></URDFElement></ChildElements><ElementName>visual</ElementName><required>false</required><Geometry z:Ref="i288"/><Material z:Ref="i291"/><Origin z:Ref="i285"/></URDFElement><URDFElement z:Id="i297" i:type="Collision"><Attributes/><ChildElements><URDFElement z:Id="i298" i:type="Origin"><Attributes><Attribute z:Id="i299"><AttributeType>xyz</AttributeType><IsRequired>true</IsRequired><Value i:type="a:ArrayOfdouble" xmlns:a="http://schemas.microsoft.com/2003/10/Serialization/Arrays"><a:double>0</a:double><a:double>0</a:double><a:double>0</a:double></Value></Attribute><Attribute z:Id="i300"><AttributeType>rpy</AttributeType><IsRequired>true</IsRequired><Value i:type="a:ArrayOfdouble" xmlns:a="http://schemas.microsoft.com/2003/10/Serialization/Arrays"><a:double>0</a:double><a:double>0</a:double><a:double>0</a:double></Value></Attribute></Attributes><ChildElements/><ElementName>origin</ElementName><required>false</required><RPYAttribute z:Ref="i300"/><XYZAttribute z:Ref="i299"/><isCustomized>false</isCustomized></URDFElement><URDFElement z:Id="i301" i:type="Geometry"><Attributes/><ChildElements><URDFElement z:Id="i302" i:type="Mesh"><Attributes><Attribute z:Id="i303"><AttributeType>filename</AttributeType><IsRequired>true</IsRequired><Value i:nil="true"/></Attribute></Attributes><ChildElements/><ElementName>mesh</ElementName><required>false</required><FilenameAttribute z:Ref="i303"/></URDFElement></ChildElements><ElementName>geometry</ElementName><required>true</required><Mesh z:Ref="i302"/></URDFElement></ChildElements><ElementName>collision</ElementName><required>false</required><Geometry z:Ref="i301"/><Origin z:Ref="i298"/></URDFElement><URDFElement z:Id="i304" i:type="Joint"><Attributes><Attribute z:Id="i305"><AttributeType>name</AttributeType><IsRequired>true</IsRequired><Value i:type="a:string" xmlns:a="http://www.w3.org/2001/XMLSchema">FR_hip_joint</Value></Attribute><Attribute z:Id="i306"><AttributeType>type</AttributeType><IsRequired>true</IsRequired><Value i:type="a:string" xmlns:a="http://www.w3.org/2001/XMLSchema">revolute</Value></Attribute></Attributes><ChildElements><URDFElement z:Id="i307" i:type="Origin"><Attributes><Attribute z:Id="i308"><AttributeType>xyz</AttributeType><IsRequired>true</IsRequired><Value i:type="a:ArrayOfdouble" xmlns:a="http://schemas.microsoft.com/2003/10/Serialization/Arrays"><a:double>0.1366</a:double><a:double>-0.065</a:double><a:double>0</a:double></Value></Attribute><Attribute z:Id="i309"><AttributeType>rpy</AttributeType><IsRequired>true</IsRequired><Value i:type="a:ArrayOfdouble" xmlns:a="http://schemas.microsoft.com/2003/10/Serialization/Arrays"><a:double>0</a:double><a:double>0</a:double><a:double>0</a:double></Value></Attribute></Attributes><ChildElements/><ElementName>origin</ElementName><required>false</required><RPYAttribute z:Ref="i309"/><XYZAttribute z:Ref="i308"/><isCustomized>false</isCustomized></URDFElement><URDFElement z:Id="i310" i:type="ParentLink"><Attributes><Attribute z:Id="i311"><AttributeType>link</AttributeType><IsRequired>true</IsRequired><Value i:type="a:string" xmlns:a="http://www.w3.org/2001/XMLSchema">base</Value></Attribute></Attributes><ChildElements/><ElementName>parent</ElementName><required>true</required><NameAttribute z:Ref="i311"/></URDFElement><URDFElement z:Id="i312" i:type="ChildLink"><Attributes><Attribute z:Id="i313"><AttributeType>link</AttributeType><IsRequired>true</IsRequired><Value i:type="a:string" xmlns:a="http://www.w3.org/2001/XMLSchema">FR_hip</Value></Attribute></Attributes><ChildElements/><ElementName>child</ElementName><required>true</required><NameAttribute z:Ref="i313"/></URDFElement><URDFElement z:Id="i314" i:type="Axis"><Attributes><Attribute z:Id="i315"><AttributeType>xyz</AttributeType><IsRequired>true</IsRequired><Value i:type="a:ArrayOfdouble" xmlns:a="http://schemas.microsoft.com/2003/10/Serialization/Arrays"><a:double>1</a:double><a:double>0</a:double><a:double>0</a:double></Value></Attribute></Attributes><ChildElements/><ElementName>axis</ElementName><required>false</required><XYZAttribute z:Ref="i315"/></URDFElement><URDFElement z:Id="i316" i:type="Limit"><Attributes><Attribute z:Id="i317"><AttributeType>lower</AttributeType><IsRequired>true</IsRequired><Value i:type="a:double" xmlns:a="http://www.w3.org/2001/XMLSchema">0</Value></Attribute><Attribute z:Id="i318"><AttributeType>upper</AttributeType><IsRequired>true</IsRequired><Value i:type="a:double" xmlns:a="http://www.w3.org/2001/XMLSchema">0</Value></Attribute><Attribute z:Id="i319"><AttributeType>effort</AttributeType><IsRequired>true</IsRequired><Value i:type="a:double" xmlns:a="http://www.w3.org/2001/XMLSchema">0</Value></Attribute><Attribute z:Id="i320"><AttributeType>velocity</AttributeType><IsRequired>true</IsRequired><Value i:type="a:double" xmlns:a="http://www.w3.org/2001/XMLSchema">0</Value></Attribute></Attributes><ChildElements/><ElementName>limit</ElementName><required>true</required><EffortAttribute z:Ref="i319"/><LowerAttribute z:Ref="i317"/><UpperAttribute z:Ref="i318"/><VelocityAttribute z:Ref="i320"/></URDFElement><URDFElement z:Id="i321" i:type="Calibration"><Attributes><Attribute z:Id="i322"><AttributeType>rising</AttributeType><IsRequired>false</IsRequired><Value i:nil="true"/></Attribute><Attribute z:Id="i323"><AttributeType>falling</AttributeType><IsRequired>false</IsRequired><Value i:nil="true"/></Attribute></Attributes><ChildElements/><ElementName>calibration</ElementName><required>false</required><FallingAttribute z:Ref="i323"/><RisingAttribute z:Ref="i322"/></URDFElement><URDFElement z:Id="i324" i:type="Dynamics"><Attributes><Attribute z:Id="i325"><AttributeType>damping</AttributeType><IsRequired>false</IsRequired><Value i:nil="true"/></Attribute><Attribute z:Id="i326"><AttributeType>friction</AttributeType><IsRequired>false</IsRequired><Value i:nil="true"/></Attribute></Attributes><ChildElements/><ElementName>dynamics</ElementName><required>false</required><DampingAttribute z:Ref="i325"/><FrictionAttribute z:Ref="i326"/></URDFElement><URDFElement z:Id="i327" i:type="SafetyController"><Attributes><Attribute z:Id="i328"><AttributeType>soft_upper_limit</AttributeType><IsRequired>false</IsRequired><Value i:nil="true"/></Attribute><Attribute z:Id="i329"><AttributeType>soft_lower_limit</AttributeType><IsRequired>false</IsRequired><Value i:nil="true"/></Attribute><Attribute z:Id="i330"><AttributeType>k_position</AttributeType><IsRequired>false</IsRequired><Value i:nil="true"/></Attribute><Attribute z:Id="i331"><AttributeType>k_velocity</AttributeType><IsRequired>true</IsRequired><Value i:nil="true"/></Attribute></Attributes><ChildElements/><ElementName>safety_controller</ElementName><required>false</required><KPositionAttribute z:Ref="i330"/><KVelocityAttribute z:Ref="i331"/><SoftLowerAttribute z:Ref="i329"/><SoftUpperAttribute z:Ref="i328"/></URDFElement><URDFElement z:Id="i332" i:type="Mimic"><Attributes><Attribute z:Id="i333"><AttributeType>joint</AttributeType><IsRequired>true</IsRequired><Value i:nil="true"/></Attribute><Attribute z:Id="i334"><AttributeType>multiplier</AttributeType><IsRequired>false</IsRequired><Value i:nil="true"/></Attribute><Attribute z:Id="i335"><AttributeType>offset</AttributeType><IsRequired>false</IsRequired><Value i:nil="true"/></Attribute></Attributes><ChildElements/><ElementName>mimic</ElementName><required>false</required><JointNameAttribute z:Ref="i333"/><MultiplierAttribute z:Ref="i334"/><OffsetAttribute z:Ref="i335"/></URDFElement></ChildElements><ElementName>joint</ElementName><required>false</required><Axis z:Ref="i314"/><AxisName>FR_hip_axis</AxisName><Calibration z:Ref="i321"/><Child z:Ref="i312"/><CoordinateSystemName>FR_hip_Coordinate System</CoordinateSystemName><Dynamics z:Ref="i324"/><Limit z:Ref="i316"/><Mimic z:Ref="i332"/><NameAttribute z:Ref="i305"/><Origin z:Ref="i307"/><Parent z:Ref="i310"/><Safety z:Ref="i327"/><TypeAttribute z:Ref="i306"/></URDFElement></ChildElements><ElementName>link</ElementName><required>true</required><Children><Link z:Id="i336"><Attributes><Attribute z:Id="i337"><AttributeType>name</AttributeType><IsRequired>true</IsRequired><Value i:type="a:string" xmlns:a="http://www.w3.org/2001/XMLSchema">FR_thigh</Value></Attribute></Attributes><ChildElements><URDFElement z:Id="i338" i:type="Inertial"><Attributes/><ChildElements><URDFElement z:Id="i339" i:type="Origin"><Attributes><Attribute z:Id="i340"><AttributeType>xyz</AttributeType><IsRequired>true</IsRequired><Value i:type="a:ArrayOfdouble" xmlns:a="http://schemas.microsoft.com/2003/10/Serialization/Arrays"><a:double>-0.0013835671424023976</a:double><a:double>-0.037252129992932453</a:double><a:double>-0.029060060716247657</a:double></Value></Attribute><Attribute z:Id="i341"><AttributeType>rpy</AttributeType><IsRequired>true</IsRequired><Value i:type="a:ArrayOfdouble" xmlns:a="http://schemas.microsoft.com/2003/10/Serialization/Arrays"><a:double>0</a:double><a:double>0</a:double><a:double>0</a:double></Value></Attribute></Attributes><ChildElements/><ElementName>origin</ElementName><required>false</required><RPYAttribute z:Ref="i341"/><XYZAttribute z:Ref="i340"/><isCustomized>false</isCustomized></URDFElement><URDFElement z:Id="i342" i:type="Mass"><Attributes><Attribute z:Id="i343"><AttributeType>value</AttributeType><IsRequired>true</IsRequired><Value i:type="a:double" xmlns:a="http://www.w3.org/2001/XMLSchema">0.58977474117261286</Value></Attribute></Attributes><ChildElements/><ElementName>mass</ElementName><required>false</required><ValueAttribute z:Ref="i343"/></URDFElement><URDFElement z:Id="i344" i:type="Inertia"><Attributes><Attribute z:Id="i345"><AttributeType>ixx</AttributeType><IsRequired>true</IsRequired><Value i:type="a:double" xmlns:a="http://www.w3.org/2001/XMLSchema">0.0017823218490408373</Value></Attribute><Attribute z:Id="i346"><AttributeType>ixy</AttributeType><IsRequired>true</IsRequired><Value i:type="a:double" xmlns:a="http://www.w3.org/2001/XMLSchema">-7.7888573130447688E-07</Value></Attribute><Attribute z:Id="i347"><AttributeType>ixz</AttributeType><IsRequired>true</IsRequired><Value i:type="a:double" xmlns:a="http://www.w3.org/2001/XMLSchema">-2.4331812003817207E-05</Value></Attribute><Attribute z:Id="i348"><AttributeType>iyy</AttributeType><IsRequired>true</IsRequired><Value i:type="a:double" xmlns:a="http://www.w3.org/2001/XMLSchema">0.0021293036457214324</Value></Attribute><Attribute z:Id="i349"><AttributeType>iyz</AttributeType><IsRequired>true</IsRequired><Value i:type="a:double" xmlns:a="http://www.w3.org/2001/XMLSchema">-6.5805218642319405E-07</Value></Attribute><Attribute z:Id="i350"><AttributeType>izz</AttributeType><IsRequired>true</IsRequired><Value i:type="a:double" xmlns:a="http://www.w3.org/2001/XMLSchema">0.00036796146044990638</Value></Attribute></Attributes><ChildElements/><ElementName>inertia</ElementName><required>false</required><IxxAttribute z:Ref="i345"/><IxyAttribute z:Ref="i346"/><IxzAttribute z:Ref="i347"/><IyyAttribute z:Ref="i348"/><IyzAttribute z:Ref="i349"/><IzzAttribute z:Ref="i350"/></URDFElement></ChildElements><ElementName>inertial</ElementName><required>false</required><Inertia z:Ref="i344"/><Mass z:Ref="i342"/><Origin z:Ref="i339"/></URDFElement><URDFElement z:Id="i351" i:type="Visual"><Attributes/><ChildElements><URDFElement z:Id="i352" i:type="Origin"><Attributes><Attribute z:Id="i353"><AttributeType>xyz</AttributeType><IsRequired>true</IsRequired><Value i:type="a:ArrayOfdouble" xmlns:a="http://schemas.microsoft.com/2003/10/Serialization/Arrays"><a:double>0</a:double><a:double>0</a:double><a:double>0</a:double></Value></Attribute><Attribute z:Id="i354"><AttributeType>rpy</AttributeType><IsRequired>true</IsRequired><Value i:type="a:ArrayOfdouble" xmlns:a="http://schemas.microsoft.com/2003/10/Serialization/Arrays"><a:double>0</a:double><a:double>0</a:double><a:double>0</a:double></Value></Attribute></Attributes><ChildElements/><ElementName>origin</ElementName><required>false</required><RPYAttribute z:Ref="i354"/><XYZAttribute z:Ref="i353"/><isCustomized>false</isCustomized></URDFElement><URDFElement z:Id="i355" i:type="Geometry"><Attributes/><ChildElements><URDFElement z:Id="i356" i:type="Mesh"><Attributes><Attribute z:Id="i357"><AttributeType>filename</AttributeType><IsRequired>true</IsRequired><Value i:nil="true"/></Attribute></Attributes><ChildElements/><ElementName>mesh</ElementName><required>false</required><FilenameAttribute z:Ref="i357"/></URDFElement></ChildElements><ElementName>geometry</ElementName><required>true</required><Mesh z:Ref="i356"/></URDFElement><URDFElement z:Id="i358" i:type="Material"><Attributes><Attribute z:Id="i359"><AttributeType>name</AttributeType><IsRequired>true</IsRequired><Value i:type="a:string" xmlns:a="http://www.w3.org/2001/XMLSchema"/></Attribute></Attributes><ChildElements><URDFElement z:Id="i360" i:type="Color"><Attributes><Attribute z:Id="i361"><AttributeType>rgba</AttributeType><IsRequired>true</IsRequired><Value i:type="a:ArrayOfdouble" xmlns:a="http://schemas.microsoft.com/2003/10/Serialization/Arrays"><a:double>0.64313725490196072</a:double><a:double>0.615686274509804</a:double><a:double>0.6</a:double><a:double>1</a:double></Value></Attribute></Attributes><ChildElements/><ElementName>color</ElementName><required>false</required><RGBAAttribute z:Ref="i361"/></URDFElement><URDFElement z:Id="i362" i:type="Texture"><Attributes><Attribute z:Id="i363"><AttributeType>filename</AttributeType><IsRequired>true</IsRequired><Value i:nil="true"/></Attribute></Attributes><ChildElements/><ElementName>texture</ElementName><required>false</required><FilenameAttribute z:Ref="i363"/><wFilename/></URDFElement></ChildElements><ElementName>material</ElementName><required>false</required><Color z:Ref="i360"/><NameAttribute z:Ref="i359"/><Texture z:Ref="i362"/></URDFElement></ChildElements><ElementName>visual</ElementName><required>false</required><Geometry z:Ref="i355"/><Material z:Ref="i358"/><Origin z:Ref="i352"/></URDFElement><URDFElement z:Id="i364" i:type="Collision"><Attributes/><ChildElements><URDFElement z:Id="i365" i:type="Origin"><Attributes><Attribute z:Id="i366"><AttributeType>xyz</AttributeType><IsRequired>true</IsRequired><Value i:type="a:ArrayOfdouble" xmlns:a="http://schemas.microsoft.com/2003/10/Serialization/Arrays"><a:double>0</a:double><a:double>0</a:double><a:double>0</a:double></Value></Attribute><Attribute z:Id="i367"><AttributeType>rpy</AttributeType><IsRequired>true</IsRequired><Value i:type="a:ArrayOfdouble" xmlns:a="http://schemas.microsoft.com/2003/10/Serialization/Arrays"><a:double>0</a:double><a:double>0</a:double><a:double>0</a:double></Value></Attribute></Attributes><ChildElements/><ElementName>origin</ElementName><required>false</required><RPYAttribute z:Ref="i367"/><XYZAttribute z:Ref="i366"/><isCustomized>false</isCustomized></URDFElement><URDFElement z:Id="i368" i:type="Geometry"><Attributes/><ChildElements><URDFElement z:Id="i369" i:type="Mesh"><Attributes><Attribute z:Id="i370"><AttributeType>filename</AttributeType><IsRequired>true</IsRequired><Value i:nil="true"/></Attribute></Attributes><ChildElements/><ElementName>mesh</ElementName><required>false</required><FilenameAttribute z:Ref="i370"/></URDFElement></ChildElements><ElementName>geometry</ElementName><required>true</required><Mesh z:Ref="i369"/></URDFElement></ChildElements><ElementName>collision</ElementName><required>false</required><Geometry z:Ref="i368"/><Origin z:Ref="i365"/></URDFElement><URDFElement z:Id="i371" i:type="Joint"><Attributes><Attribute z:Id="i372"><AttributeType>name</AttributeType><IsRequired>true</IsRequired><Value i:type="a:string" xmlns:a="http://www.w3.org/2001/XMLSchema">FR_thigh_joint</Value></Attribute><Attribute z:Id="i373"><AttributeType>type</AttributeType><IsRequired>true</IsRequired><Value i:type="a:string" xmlns:a="http://www.w3.org/2001/XMLSchema">revolute</Value></Attribute></Attributes><ChildElements><URDFElement z:Id="i374" i:type="Origin"><Attributes><Attribute z:Id="i375"><AttributeType>xyz</AttributeType><IsRequired>true</IsRequired><Value i:type="a:ArrayOfdouble" xmlns:a="http://schemas.microsoft.com/2003/10/Serialization/Arrays"><a:double>0.05825</a:double><a:double>-0.0186</a:double><a:double>0</a:double></Value></Attribute><Attribute z:Id="i376"><AttributeType>rpy</AttributeType><IsRequired>true</IsRequired><Value i:type="a:ArrayOfdouble" xmlns:a="http://schemas.microsoft.com/2003/10/Serialization/Arrays"><a:double>0</a:double><a:double>0</a:double><a:double>0</a:double></Value></Attribute></Attributes><ChildElements/><ElementName>origin</ElementName><required>false</required><RPYAttribute z:Ref="i376"/><XYZAttribute z:Ref="i375"/><isCustomized>false</isCustomized></URDFElement><URDFElement z:Id="i377" i:type="ParentLink"><Attributes><Attribute z:Id="i378"><AttributeType>link</AttributeType><IsRequired>true</IsRequired><Value i:type="a:string" xmlns:a="http://www.w3.org/2001/XMLSchema">FR_hip</Value></Attribute></Attributes><ChildElements/><ElementName>parent</ElementName><required>true</required><NameAttribute z:Ref="i378"/></URDFElement><URDFElement z:Id="i379" i:type="ChildLink"><Attributes><Attribute z:Id="i380"><AttributeType>link</AttributeType><IsRequired>true</IsRequired><Value i:type="a:string" xmlns:a="http://www.w3.org/2001/XMLSchema">FR_thigh</Value></Attribute></Attributes><ChildElements/><ElementName>child</ElementName><required>true</required><NameAttribute z:Ref="i380"/></URDFElement><URDFElement z:Id="i381" i:type="Axis"><Attributes><Attribute z:Id="i382"><AttributeType>xyz</AttributeType><IsRequired>true</IsRequired><Value i:type="a:ArrayOfdouble" xmlns:a="http://schemas.microsoft.com/2003/10/Serialization/Arrays"><a:double>0</a:double><a:double>-1</a:double><a:double>0</a:double></Value></Attribute></Attributes><ChildElements/><ElementName>axis</ElementName><required>false</required><XYZAttribute z:Ref="i382"/></URDFElement><URDFElement z:Id="i383" i:type="Limit"><Attributes><Attribute z:Id="i384"><AttributeType>lower</AttributeType><IsRequired>true</IsRequired><Value i:type="a:double" xmlns:a="http://www.w3.org/2001/XMLSchema">0</Value></Attribute><Attribute z:Id="i385"><AttributeType>upper</AttributeType><IsRequired>true</IsRequired><Value i:type="a:double" xmlns:a="http://www.w3.org/2001/XMLSchema">0</Value></Attribute><Attribute z:Id="i386"><AttributeType>effort</AttributeType><IsRequired>true</IsRequired><Value i:type="a:double" xmlns:a="http://www.w3.org/2001/XMLSchema">0</Value></Attribute><Attribute z:Id="i387"><AttributeType>velocity</AttributeType><IsRequired>true</IsRequired><Value i:type="a:double" xmlns:a="http://www.w3.org/2001/XMLSchema">0</Value></Attribute></Attributes><ChildElements/><ElementName>limit</ElementName><required>true</required><EffortAttribute z:Ref="i386"/><LowerAttribute z:Ref="i384"/><UpperAttribute z:Ref="i385"/><VelocityAttribute z:Ref="i387"/></URDFElement><URDFElement z:Id="i388" i:type="Calibration"><Attributes><Attribute z:Id="i389"><AttributeType>rising</AttributeType><IsRequired>false</IsRequired><Value i:nil="true"/></Attribute><Attribute z:Id="i390"><AttributeType>falling</AttributeType><IsRequired>false</IsRequired><Value i:nil="true"/></Attribute></Attributes><ChildElements/><ElementName>calibration</ElementName><required>false</required><FallingAttribute z:Ref="i390"/><RisingAttribute z:Ref="i389"/></URDFElement><URDFElement z:Id="i391" i:type="Dynamics"><Attributes><Attribute z:Id="i392"><AttributeType>damping</AttributeType><IsRequired>false</IsRequired><Value i:nil="true"/></Attribute><Attribute z:Id="i393"><AttributeType>friction</AttributeType><IsRequired>false</IsRequired><Value i:nil="true"/></Attribute></Attributes><ChildElements/><ElementName>dynamics</ElementName><required>false</required><DampingAttribute z:Ref="i392"/><FrictionAttribute z:Ref="i393"/></URDFElement><URDFElement z:Id="i394" i:type="SafetyController"><Attributes><Attribute z:Id="i395"><AttributeType>soft_upper_limit</AttributeType><IsRequired>false</IsRequired><Value i:nil="true"/></Attribute><Attribute z:Id="i396"><AttributeType>soft_lower_limit</AttributeType><IsRequired>false</IsRequired><Value i:nil="true"/></Attribute><Attribute z:Id="i397"><AttributeType>k_position</AttributeType><IsRequired>false</IsRequired><Value i:nil="true"/></Attribute><Attribute z:Id="i398"><AttributeType>k_velocity</AttributeType><IsRequired>true</IsRequired><Value i:nil="true"/></Attribute></Attributes><ChildElements/><ElementName>safety_controller</ElementName><required>false</required><KPositionAttribute z:Ref="i397"/><KVelocityAttribute z:Ref="i398"/><SoftLowerAttribute z:Ref="i396"/><SoftUpperAttribute z:Ref="i395"/></URDFElement><URDFElement z:Id="i399" i:type="Mimic"><Attributes><Attribute z:Id="i400"><AttributeType>joint</AttributeType><IsRequired>true</IsRequired><Value i:nil="true"/></Attribute><Attribute z:Id="i401"><AttributeType>multiplier</AttributeType><IsRequired>false</IsRequired><Value i:nil="true"/></Attribute><Attribute z:Id="i402"><AttributeType>offset</AttributeType><IsRequired>false</IsRequired><Value i:nil="true"/></Attribute></Attributes><ChildElements/><ElementName>mimic</ElementName><required>false</required><JointNameAttribute z:Ref="i400"/><MultiplierAttribute z:Ref="i401"/><OffsetAttribute z:Ref="i402"/></URDFElement></ChildElements><ElementName>joint</ElementName><required>false</required><Axis z:Ref="i381"/><AxisName>FR_thigh_axis</AxisName><Calibration z:Ref="i388"/><Child z:Ref="i379"/><CoordinateSystemName>FR_thigh_Coordinate System</CoordinateSystemName><Dynamics z:Ref="i391"/><Limit z:Ref="i383"/><Mimic z:Ref="i399"/><NameAttribute z:Ref="i372"/><Origin z:Ref="i374"/><Parent z:Ref="i377"/><Safety z:Ref="i394"/><TypeAttribute z:Ref="i373"/></URDFElement></ChildElements><ElementName>link</ElementName><required>true</required><Children><Link z:Id="i403"><Attributes><Attribute z:Id="i404"><AttributeType>name</AttributeType><IsRequired>true</IsRequired><Value i:type="a:string" xmlns:a="http://www.w3.org/2001/XMLSchema">FR_calf</Value></Attribute></Attributes><ChildElements><URDFElement z:Id="i405" i:type="Inertial"><Attributes/><ChildElements><URDFElement z:Id="i406" i:type="Origin"><Attributes><Attribute z:Id="i407"><AttributeType>xyz</AttributeType><IsRequired>true</IsRequired><Value i:type="a:ArrayOfdouble" xmlns:a="http://schemas.microsoft.com/2003/10/Serialization/Arrays"><a:double>0.0063129932843737635</a:double><a:double>-2.8262452081928569E-05</a:double><a:double>-0.091768654493874224</a:double></Value></Attribute><Attribute z:Id="i408"><AttributeType>rpy</AttributeType><IsRequired>true</IsRequired><Value i:type="a:ArrayOfdouble" xmlns:a="http://schemas.microsoft.com/2003/10/Serialization/Arrays"><a:double>0</a:double><a:double>0</a:double><a:double>0</a:double></Value></Attribute></Attributes><ChildElements/><ElementName>origin</ElementName><required>false</required><RPYAttribute z:Ref="i408"/><XYZAttribute z:Ref="i407"/><isCustomized>false</isCustomized></URDFElement><URDFElement z:Id="i409" i:type="Mass"><Attributes><Attribute z:Id="i410"><AttributeType>value</AttributeType><IsRequired>true</IsRequired><Value i:type="a:double" xmlns:a="http://www.w3.org/2001/XMLSchema">0.24779927634993068</Value></Attribute></Attributes><ChildElements/><ElementName>mass</ElementName><required>false</required><ValueAttribute z:Ref="i410"/></URDFElement><URDFElement z:Id="i411" i:type="Inertia"><Attributes><Attribute z:Id="i412"><AttributeType>ixx</AttributeType><IsRequired>true</IsRequired><Value i:type="a:double" xmlns:a="http://www.w3.org/2001/XMLSchema">0.00055936945050888409</Value></Attribute><Attribute z:Id="i413"><AttributeType>ixy</AttributeType><IsRequired>true</IsRequired><Value i:type="a:double" xmlns:a="http://www.w3.org/2001/XMLSchema">7.2776729077197142E-09</Value></Attribute><Attribute z:Id="i414"><AttributeType>ixz</AttributeType><IsRequired>true</IsRequired><Value i:type="a:double" xmlns:a="http://www.w3.org/2001/XMLSchema">3.1927590651445608E-05</Value></Attribute><Attribute z:Id="i415"><AttributeType>iyy</AttributeType><IsRequired>true</IsRequired><Value i:type="a:double" xmlns:a="http://www.w3.org/2001/XMLSchema">0.000579943419434487</Value></Attribute><Attribute z:Id="i416"><AttributeType>iyz</AttributeType><IsRequired>true</IsRequired><Value i:type="a:double" xmlns:a="http://www.w3.org/2001/XMLSchema">5.9037738840195351E-08</Value></Attribute><Attribute z:Id="i417"><AttributeType>izz</AttributeType><IsRequired>true</IsRequired><Value i:type="a:double" xmlns:a="http://www.w3.org/2001/XMLSchema">2.493361246386682E-05</Value></Attribute></Attributes><ChildElements/><ElementName>inertia</ElementName><required>false</required><IxxAttribute z:Ref="i412"/><IxyAttribute z:Ref="i413"/><IxzAttribute z:Ref="i414"/><IyyAttribute z:Ref="i415"/><IyzAttribute z:Ref="i416"/><IzzAttribute z:Ref="i417"/></URDFElement></ChildElements><ElementName>inertial</ElementName><required>false</required><Inertia z:Ref="i411"/><Mass z:Ref="i409"/><Origin z:Ref="i406"/></URDFElement><URDFElement z:Id="i418" i:type="Visual"><Attributes/><ChildElements><URDFElement z:Id="i419" i:type="Origin"><Attributes><Attribute z:Id="i420"><AttributeType>xyz</AttributeType><IsRequired>true</IsRequired><Value i:type="a:ArrayOfdouble" xmlns:a="http://schemas.microsoft.com/2003/10/Serialization/Arrays"><a:double>0</a:double><a:double>0</a:double><a:double>0</a:double></Value></Attribute><Attribute z:Id="i421"><AttributeType>rpy</AttributeType><IsRequired>true</IsRequired><Value i:type="a:ArrayOfdouble" xmlns:a="http://schemas.microsoft.com/2003/10/Serialization/Arrays"><a:double>0</a:double><a:double>0</a:double><a:double>0</a:double></Value></Attribute></Attributes><ChildElements/><ElementName>origin</ElementName><required>false</required><RPYAttribute z:Ref="i421"/><XYZAttribute z:Ref="i420"/><isCustomized>false</isCustomized></URDFElement><URDFElement z:Id="i422" i:type="Geometry"><Attributes/><ChildElements><URDFElement z:Id="i423" i:type="Mesh"><Attributes><Attribute z:Id="i424"><AttributeType>filename</AttributeType><IsRequired>true</IsRequired><Value i:nil="true"/></Attribute></Attributes><ChildElements/><ElementName>mesh</ElementName><required>false</required><FilenameAttribute z:Ref="i424"/></URDFElement></ChildElements><ElementName>geometry</ElementName><required>true</required><Mesh z:Ref="i423"/></URDFElement><URDFElement z:Id="i425" i:type="Material"><Attributes><Attribute z:Id="i426"><AttributeType>name</AttributeType><IsRequired>true</IsRequired><Value i:type="a:string" xmlns:a="http://www.w3.org/2001/XMLSchema"/></Attribute></Attributes><ChildElements><URDFElement z:Id="i427" i:type="Color"><Attributes><Attribute z:Id="i428"><AttributeType>rgba</AttributeType><IsRequired>true</IsRequired><Value i:type="a:ArrayOfdouble" xmlns:a="http://schemas.microsoft.com/2003/10/Serialization/Arrays"><a:double>0.89803921568627454</a:double><a:double>0.91764705882352937</a:double><a:double>0.92941176470588238</a:double><a:double>1</a:double></Value></Attribute></Attributes><ChildElements/><ElementName>color</ElementName><required>false</required><RGBAAttribute z:Ref="i428"/></URDFElement><URDFElement z:Id="i429" i:type="Texture"><Attributes><Attribute z:Id="i430"><AttributeType>filename</AttributeType><IsRequired>true</IsRequired><Value i:nil="true"/></Attribute></Attributes><ChildElements/><ElementName>texture</ElementName><required>false</required><FilenameAttribute z:Ref="i430"/><wFilename/></URDFElement></ChildElements><ElementName>material</ElementName><required>false</required><Color z:Ref="i427"/><NameAttribute z:Ref="i426"/><Texture z:Ref="i429"/></URDFElement></ChildElements><ElementName>visual</ElementName><required>false</required><Geometry z:Ref="i422"/><Material z:Ref="i425"/><Origin z:Ref="i419"/></URDFElement><URDFElement z:Id="i431" i:type="Collision"><Attributes/><ChildElements><URDFElement z:Id="i432" i:type="Origin"><Attributes><Attribute z:Id="i433"><AttributeType>xyz</AttributeType><IsRequired>true</IsRequired><Value i:type="a:ArrayOfdouble" xmlns:a="http://schemas.microsoft.com/2003/10/Serialization/Arrays"><a:double>0</a:double><a:double>0</a:double><a:double>0</a:double></Value></Attribute><Attribute z:Id="i434"><AttributeType>rpy</AttributeType><IsRequired>true</IsRequired><Value i:type="a:ArrayOfdouble" xmlns:a="http://schemas.microsoft.com/2003/10/Serialization/Arrays"><a:double>0</a:double><a:double>0</a:double><a:double>0</a:double></Value></Attribute></Attributes><ChildElements/><ElementName>origin</ElementName><required>false</required><RPYAttribute z:Ref="i434"/><XYZAttribute z:Ref="i433"/><isCustomized>false</isCustomized></URDFElement><URDFElement z:Id="i435" i:type="Geometry"><Attributes/><ChildElements><URDFElement z:Id="i436" i:type="Mesh"><Attributes><Attribute z:Id="i437"><AttributeType>filename</AttributeType><IsRequired>true</IsRequired><Value i:nil="true"/></Attribute></Attributes><ChildElements/><ElementName>mesh</ElementName><required>false</required><FilenameAttribute z:Ref="i437"/></URDFElement></ChildElements><ElementName>geometry</ElementName><required>true</required><Mesh z:Ref="i436"/></URDFElement></ChildElements><ElementName>collision</ElementName><required>false</required><Geometry z:Ref="i435"/><Origin z:Ref="i432"/></URDFElement><URDFElement z:Id="i438" i:type="Joint"><Attributes><Attribute z:Id="i439"><AttributeType>name</AttributeType><IsRequired>true</IsRequired><Value i:type="a:string" xmlns:a="http://www.w3.org/2001/XMLSchema">FR_calf_joint</Value></Attribute><Attribute z:Id="i440"><AttributeType>type</AttributeType><IsRequired>true</IsRequired><Value i:type="a:string" xmlns:a="http://www.w3.org/2001/XMLSchema">revolute</Value></Attribute></Attributes><ChildElements><URDFElement z:Id="i441" i:type="Origin"><Attributes><Attribute z:Id="i442"><AttributeType>xyz</AttributeType><IsRequired>true</IsRequired><Value i:type="a:ArrayOfdouble" xmlns:a="http://schemas.microsoft.com/2003/10/Serialization/Arrays"><a:double>0</a:double><a:double>-0.0572</a:double><a:double>-0.21</a:double></Value></Attribute><Attribute z:Id="i443"><AttributeType>rpy</AttributeType><IsRequired>true</IsRequired><Value i:type="a:ArrayOfdouble" xmlns:a="http://schemas.microsoft.com/2003/10/Serialization/Arrays"><a:double>0</a:double><a:double>0</a:double><a:double>0</a:double></Value></Attribute></Attributes><ChildElements/><ElementName>origin</ElementName><required>false</required><RPYAttribute z:Ref="i443"/><XYZAttribute z:Ref="i442"/><isCustomized>false</isCustomized></URDFElement><URDFElement z:Id="i444" i:type="ParentLink"><Attributes><Attribute z:Id="i445"><AttributeType>link</AttributeType><IsRequired>true</IsRequired><Value i:type="a:string" xmlns:a="http://www.w3.org/2001/XMLSchema">FR_thigh</Value></Attribute></Attributes><ChildElements/><ElementName>parent</ElementName><required>true</required><NameAttribute z:Ref="i445"/></URDFElement><URDFElement z:Id="i446" i:type="ChildLink"><Attributes><Attribute z:Id="i447"><AttributeType>link</AttributeType><IsRequired>true</IsRequired><Value i:type="a:string" xmlns:a="http://www.w3.org/2001/XMLSchema">FR_calf</Value></Attribute></Attributes><ChildElements/><ElementName>child</ElementName><required>true</required><NameAttribute z:Ref="i447"/></URDFElement><URDFElement z:Id="i448" i:type="Axis"><Attributes><Attribute z:Id="i449"><AttributeType>xyz</AttributeType><IsRequired>true</IsRequired><Value i:type="a:ArrayOfdouble" xmlns:a="http://schemas.microsoft.com/2003/10/Serialization/Arrays"><a:double>0</a:double><a:double>1</a:double><a:double>0</a:double></Value></Attribute></Attributes><ChildElements/><ElementName>axis</ElementName><required>false</required><XYZAttribute z:Ref="i449"/></URDFElement><URDFElement z:Id="i450" i:type="Limit"><Attributes><Attribute z:Id="i451"><AttributeType>lower</AttributeType><IsRequired>true</IsRequired><Value i:type="a:double" xmlns:a="http://www.w3.org/2001/XMLSchema">0</Value></Attribute><Attribute z:Id="i452"><AttributeType>upper</AttributeType><IsRequired>true</IsRequired><Value i:type="a:double" xmlns:a="http://www.w3.org/2001/XMLSchema">0</Value></Attribute><Attribute z:Id="i453"><AttributeType>effort</AttributeType><IsRequired>true</IsRequired><Value i:type="a:double" xmlns:a="http://www.w3.org/2001/XMLSchema">0</Value></Attribute><Attribute z:Id="i454"><AttributeType>velocity</AttributeType><IsRequired>true</IsRequired><Value i:type="a:double" xmlns:a="http://www.w3.org/2001/XMLSchema">0</Value></Attribute></Attributes><ChildElements/><ElementName>limit</ElementName><required>true</required><EffortAttribute z:Ref="i453"/><LowerAttribute z:Ref="i451"/><UpperAttribute z:Ref="i452"/><VelocityAttribute z:Ref="i454"/></URDFElement><URDFElement z:Id="i455" i:type="Calibration"><Attributes><Attribute z:Id="i456"><AttributeType>rising</AttributeType><IsRequired>false</IsRequired><Value i:nil="true"/></Attribute><Attribute z:Id="i457"><AttributeType>falling</AttributeType><IsRequired>false</IsRequired><Value i:nil="true"/></Attribute></Attributes><ChildElements/><ElementName>calibration</ElementName><required>false</required><FallingAttribute z:Ref="i457"/><RisingAttribute z:Ref="i456"/></URDFElement><URDFElement z:Id="i458" i:type="Dynamics"><Attributes><Attribute z:Id="i459"><AttributeType>damping</AttributeType><IsRequired>false</IsRequired><Value i:nil="true"/></Attribute><Attribute z:Id="i460"><AttributeType>friction</AttributeType><IsRequired>false</IsRequired><Value i:nil="true"/></Attribute></Attributes><ChildElements/><ElementName>dynamics</ElementName><required>false</required><DampingAttribute z:Ref="i459"/><FrictionAttribute z:Ref="i460"/></URDFElement><URDFElement z:Id="i461" i:type="SafetyController"><Attributes><Attribute z:Id="i462"><AttributeType>soft_upper_limit</AttributeType><IsRequired>false</IsRequired><Value i:nil="true"/></Attribute><Attribute z:Id="i463"><AttributeType>soft_lower_limit</AttributeType><IsRequired>false</IsRequired><Value i:nil="true"/></Attribute><Attribute z:Id="i464"><AttributeType>k_position</AttributeType><IsRequired>false</IsRequired><Value i:nil="true"/></Attribute><Attribute z:Id="i465"><AttributeType>k_velocity</AttributeType><IsRequired>true</IsRequired><Value i:nil="true"/></Attribute></Attributes><ChildElements/><ElementName>safety_controller</ElementName><required>false</required><KPositionAttribute z:Ref="i464"/><KVelocityAttribute z:Ref="i465"/><SoftLowerAttribute z:Ref="i463"/><SoftUpperAttribute z:Ref="i462"/></URDFElement><URDFElement z:Id="i466" i:type="Mimic"><Attributes><Attribute z:Id="i467"><AttributeType>joint</AttributeType><IsRequired>true</IsRequired><Value i:nil="true"/></Attribute><Attribute z:Id="i468"><AttributeType>multiplier</AttributeType><IsRequired>false</IsRequired><Value i:nil="true"/></Attribute><Attribute z:Id="i469"><AttributeType>offset</AttributeType><IsRequired>false</IsRequired><Value i:nil="true"/></Attribute></Attributes><ChildElements/><ElementName>mimic</ElementName><required>false</required><JointNameAttribute z:Ref="i467"/><MultiplierAttribute z:Ref="i468"/><OffsetAttribute z:Ref="i469"/></URDFElement></ChildElements><ElementName>joint</ElementName><required>false</required><Axis z:Ref="i448"/><AxisName>FR_calf_axis</AxisName><Calibration z:Ref="i455"/><Child z:Ref="i446"/><CoordinateSystemName>FR_calf_Coordinate System</CoordinateSystemName><Dynamics z:Ref="i458"/><Limit z:Ref="i450"/><Mimic z:Ref="i466"/><NameAttribute z:Ref="i439"/><Origin z:Ref="i441"/><Parent z:Ref="i444"/><Safety z:Ref="i461"/><TypeAttribute z:Ref="i440"/></URDFElement></ChildElements><ElementName>link</ElementName><required>true</required><Children/><Collision z:Ref="i431"/><Inertial z:Ref="i405"/><Joint z:Ref="i438"/><NameAttribute z:Ref="i404"/><Parent z:Ref="i336"/><STLQualityFine>false</STLQualityFine><SWComponentPIDs xmlns:a="http://schemas.microsoft.com/2003/10/Serialization/Arrays"><a:base64Binary>aEIAAAUAAAD//v8TD1x/gS1O9JXyZr9+LQA2ADAANgAxAC0AMQBAAHRl13LFiE2RU08EAAAAEAAAAAEAAAABAAAAdwIAAA==</a:base64Binary><a:base64Binary>aEIAAAUAAAD//v8WD1x/gRZZp0/yZr9+LQBclc9QLQA2ADAANgAxAC0AMQBAAHRl13LFiE2RU08EAAAAEAAAAAEAAAABAAAAdgIAAA==</a:base64Binary><a:base64Binary>aEIAAAUAAAD//v8TD1x/gRZZp0/yZr9+LQA2ADAANgAxAC0AMQBAAHRl13LFiE2RU08EAAAAEAAAAAEAAAABAAAAdQIAAA==</a:base64Binary><a:base64Binary>aEIAAAUAAAD//v8ND1x/gXCZf2cyAC0ANABAAHRl13LFiE2RU08EAAAAEAAAAAEAAAABAAAA1QQAAA==</a:base64Binary><a:base64Binary>aEIAAAUAAAD//v8Ns43velNicFP2Ti0ANgBAAHRl13LFiE2RU08EAAAAEAAAAAEAAAABAAAAGgUAAA==</a:base64Binary><a:base64Binary>aEIAAAUAAAD//v8MRXj2gLON73otADUAQAB0ZddyxYhNkVNPBAAAABAAAAABAAAAAQAAABgFAAA=</a:base64Binary><a:base64Binary>aEIAAAUAAAD//v8ND1x/gXCZf2cxAC0ANABAAHRl13LFiE2RU08EAAAAEAAAAAEAAAABAAAA1gQAAA==</a:base64Binary></SWComponentPIDs><SWMainComponentPID i:nil="true"/><Visual z:Ref="i418"/><isFixedFrame>false</isFixedFrame><isIncomplete>false</isIncomplete></Link></Children><Collision z:Ref="i364"/><Inertial z:Ref="i338"/><Joint z:Ref="i371"/><NameAttribute z:Ref="i337"/><Parent z:Ref="i269"/><STLQualityFine>false</STLQualityFine><SWComponentPIDs xmlns:a="http://schemas.microsoft.com/2003/10/Serialization/Arrays"><a:base64Binary>aEIAAAUAAAD//v8YRwBPAC0ATQA4ADAAMQAwAC0ANgA1dTpnMwBEACFqi1ctADIAQAB0ZddyxYhNkVNPBAAAABAAAAABAAAAAQAAAHYAAAA=</a:base64Binary><a:base64Binary>aEIAAAUAAAD//v8RJ1l/gYVRp08tADYAMAA2ADEALQAxAEAAdGXXcsWITZFTTwQAAAAQAAAAAQAAAAEAAABnAgAA</a:base64Binary><a:base64Binary>aEIAAAUAAAD//v8NJ1l/gVNicFP2Ti0AMQBAAHRl13LFiE2RU08EAAAAEAAAAAEAAAABAAAAZgIAAA==</a:base64Binary><a:base64Binary>aEIAAAUAAAD//v8VJ1l/gRZZp08tADYAMAA2ADEALQAzAG0AbQAtADEAQAB0ZddyxYhNkVNPBAAAABAAAAABAAAAAQAAAGgCAAA=</a:base64Binary><a:base64Binary>aEIAAAUAAAD//v8YMgAtADMAc1GCgt6PpWP2Ti0ATVLzUy0ANgAwADYAMQAtADIAQAB0ZddyxYhNkVNPBAAAABAAAAABAAAAAQAAAI0EAAA=</a:base64Binary></SWComponentPIDs><SWMainComponentPID i:nil="true"/><Visual z:Ref="i351"/><isFixedFrame>false</isFixedFrame><isIncomplete>false</isIncomplete></Link></Children><Collision z:Ref="i297"/><Inertial z:Ref="i271"/><Joint z:Ref="i304"/><NameAttribute z:Ref="i270"/><Parent z:Ref="i1"/><STLQualityFine>false</STLQualityFine><SWComponentPIDs xmlns:a="http://schemas.microsoft.com/2003/10/Serialization/Arrays"><a:base64Binary>aEIAAAUAAAD//v8YRwBPAC0ATQA4ADAAMQAwAC0ANgA1dTpnMwBEACFqi1ctADMAQAB0ZddyxYhNkVNPBAAAABAAAAABAAAAAQAAAHcAAAA=</a:base64Binary><a:base64Binary>aEIAAAUAAAD//v8Wy5pzUYKC3o+lY/ZOLQBNUn+BLQA2ADAANgAxAC0AMQBAAHRl13LFiE2RU08EAAAAEAAAAAEAAAABAAAAWQIAAA==</a:base64Binary><a:base64Binary>aEIAAAUAAAD//v8SJ1l/gS0AD1x/gXNRgoJQlk1PV1ctADIAQAB0ZddyxYhNkVNPBAAAABAAAAABAAAAAQAAAIwCAAA=</a:base64Binary></SWComponentPIDs><SWMainComponentPID i:nil="true"/><Visual z:Ref="i284"/><isFixedFrame>false</isFixedFrame><isIncomplete>false</isIncomplete></Link><Link z:Id="i470"><Attributes><Attribute z:Id="i471"><AttributeType>name</AttributeType><IsRequired>true</IsRequired><Value i:type="a:string" xmlns:a="http://www.w3.org/2001/XMLSchema">RL_hip</Value></Attribute></Attributes><ChildElements><URDFElement z:Id="i472" i:type="Inertial"><Attributes/><ChildElements><URDFElement z:Id="i473" i:type="Origin"><Attributes><Attribute z:Id="i474"><AttributeType>xyz</AttributeType><IsRequired>true</IsRequired><Value i:type="a:ArrayOfdouble" xmlns:a="http://schemas.microsoft.com/2003/10/Serialization/Arrays"><a:double>-0.039336140959549265</a:double><a:double>-0.022640063071283259</a:double><a:double>-0.0010391385342445741</a:double></Value></Attribute><Attribute z:Id="i475"><AttributeType>rpy</AttributeType><IsRequired>true</IsRequired><Value i:type="a:ArrayOfdouble" xmlns:a="http://schemas.microsoft.com/2003/10/Serialization/Arrays"><a:double>0</a:double><a:double>0</a:double><a:double>0</a:double></Value></Attribute></Attributes><ChildElements/><ElementName>origin</ElementName><required>false</required><RPYAttribute z:Ref="i475"/><XYZAttribute z:Ref="i474"/><isCustomized>false</isCustomized></URDFElement><URDFElement z:Id="i476" i:type="Mass"><Attributes><Attribute z:Id="i477"><AttributeType>value</AttributeType><IsRequired>true</IsRequired><Value i:type="a:double" xmlns:a="http://www.w3.org/2001/XMLSchema">0.3831054586044253</Value></Attribute></Attributes><ChildElements/><ElementName>mass</ElementName><required>false</required><ValueAttribute z:Ref="i477"/></URDFElement><URDFElement z:Id="i478" i:type="Inertia"><Attributes><Attribute z:Id="i479"><AttributeType>ixx</AttributeType><IsRequired>true</IsRequired><Value i:type="a:double" xmlns:a="http://www.w3.org/2001/XMLSchema">0.00024827015908543046</Value></Attribute><Attribute z:Id="i480"><AttributeType>ixy</AttributeType><IsRequired>true</IsRequired><Value i:type="a:double" xmlns:a="http://www.w3.org/2001/XMLSchema">5.062582303695987E-06</Value></Attribute><Attribute z:Id="i481"><AttributeType>ixz</AttributeType><IsRequired>true</IsRequired><Value i:type="a:double" xmlns:a="http://www.w3.org/2001/XMLSchema">-1.7804153524945725E-06</Value></Attribute><Attribute z:Id="i482"><AttributeType>iyy</AttributeType><IsRequired>true</IsRequired><Value i:type="a:double" xmlns:a="http://www.w3.org/2001/XMLSchema">0.00040166364060331071</Value></Attribute><Attribute z:Id="i483"><AttributeType>iyz</AttributeType><IsRequired>true</IsRequired><Value i:type="a:double" xmlns:a="http://www.w3.org/2001/XMLSchema">-9.3520396937172047E-07</Value></Attribute><Attribute z:Id="i484"><AttributeType>izz</AttributeType><IsRequired>true</IsRequired><Value i:type="a:double" xmlns:a="http://www.w3.org/2001/XMLSchema">0.000191129161344077</Value></Attribute></Attributes><ChildElements/><ElementName>inertia</ElementName><required>false</required><IxxAttribute z:Ref="i479"/><IxyAttribute z:Ref="i480"/><IxzAttribute z:Ref="i481"/><IyyAttribute z:Ref="i482"/><IyzAttribute z:Ref="i483"/><IzzAttribute z:Ref="i484"/></URDFElement></ChildElements><ElementName>inertial</ElementName><required>false</required><Inertia z:Ref="i478"/><Mass z:Ref="i476"/><Origin z:Ref="i473"/></URDFElement><URDFElement z:Id="i485" i:type="Visual"><Attributes/><ChildElements><URDFElement z:Id="i486" i:type="Origin"><Attributes><Attribute z:Id="i487"><AttributeType>xyz</AttributeType><IsRequired>true</IsRequired><Value i:type="a:ArrayOfdouble" xmlns:a="http://schemas.microsoft.com/2003/10/Serialization/Arrays"><a:double>0</a:double><a:double>0</a:double><a:double>0</a:double></Value></Attribute><Attribute z:Id="i488"><AttributeType>rpy</AttributeType><IsRequired>true</IsRequired><Value i:type="a:ArrayOfdouble" xmlns:a="http://schemas.microsoft.com/2003/10/Serialization/Arrays"><a:double>0</a:double><a:double>0</a:double><a:double>0</a:double></Value></Attribute></Attributes><ChildElements/><ElementName>origin</ElementName><required>false</required><RPYAttribute z:Ref="i488"/><XYZAttribute z:Ref="i487"/><isCustomized>false</isCustomized></URDFElement><URDFElement z:Id="i489" i:type="Geometry"><Attributes/><ChildElements><URDFElement z:Id="i490" i:type="Mesh"><Attributes><Attribute z:Id="i491"><AttributeType>filename</AttributeType><IsRequired>true</IsRequired><Value i:nil="true"/></Attribute></Attributes><ChildElements/><ElementName>mesh</ElementName><required>false</required><FilenameAttribute z:Ref="i491"/></URDFElement></ChildElements><ElementName>geometry</ElementName><required>true</required><Mesh z:Ref="i490"/></URDFElement><URDFElement z:Id="i492" i:type="Material"><Attributes><Attribute z:Id="i493"><AttributeType>name</AttributeType><IsRequired>true</IsRequired><Value i:type="a:string" xmlns:a="http://www.w3.org/2001/XMLSchema"/></Attribute></Attributes><ChildElements><URDFElement z:Id="i494" i:type="Color"><Attributes><Attribute z:Id="i495"><AttributeType>rgba</AttributeType><IsRequired>true</IsRequired><Value i:type="a:ArrayOfdouble" xmlns:a="http://schemas.microsoft.com/2003/10/Serialization/Arrays"><a:double>0.64313725490196072</a:double><a:double>0.615686274509804</a:double><a:double>0.6</a:double><a:double>1</a:double></Value></Attribute></Attributes><ChildElements/><ElementName>color</ElementName><required>false</required><RGBAAttribute z:Ref="i495"/></URDFElement><URDFElement z:Id="i496" i:type="Texture"><Attributes><Attribute z:Id="i497"><AttributeType>filename</AttributeType><IsRequired>true</IsRequired><Value i:nil="true"/></Attribute></Attributes><ChildElements/><ElementName>texture</ElementName><required>false</required><FilenameAttribute z:Ref="i497"/><wFilename/></URDFElement></ChildElements><ElementName>material</ElementName><required>false</required><Color z:Ref="i494"/><NameAttribute z:Ref="i493"/><Texture z:Ref="i496"/></URDFElement></ChildElements><ElementName>visual</ElementName><required>false</required><Geometry z:Ref="i489"/><Material z:Ref="i492"/><Origin z:Ref="i486"/></URDFElement><URDFElement z:Id="i498" i:type="Collision"><Attributes/><ChildElements><URDFElement z:Id="i499" i:type="Origin"><Attributes><Attribute z:Id="i500"><AttributeType>xyz</AttributeType><IsRequired>true</IsRequired><Value i:type="a:ArrayOfdouble" xmlns:a="http://schemas.microsoft.com/2003/10/Serialization/Arrays"><a:double>0</a:double><a:double>0</a:double><a:double>0</a:double></Value></Attribute><Attribute z:Id="i501"><AttributeType>rpy</AttributeType><IsRequired>true</IsRequired><Value i:type="a:ArrayOfdouble" xmlns:a="http://schemas.microsoft.com/2003/10/Serialization/Arrays"><a:double>0</a:double><a:double>0</a:double><a:double>0</a:double></Value></Attribute></Attributes><ChildElements/><ElementName>origin</ElementName><required>false</required><RPYAttribute z:Ref="i501"/><XYZAttribute z:Ref="i500"/><isCustomized>false</isCustomized></URDFElement><URDFElement z:Id="i502" i:type="Geometry"><Attributes/><ChildElements><URDFElement z:Id="i503" i:type="Mesh"><Attributes><Attribute z:Id="i504"><AttributeType>filename</AttributeType><IsRequired>true</IsRequired><Value i:nil="true"/></Attribute></Attributes><ChildElements/><ElementName>mesh</ElementName><required>false</required><FilenameAttribute z:Ref="i504"/></URDFElement></ChildElements><ElementName>geometry</ElementName><required>true</required><Mesh z:Ref="i503"/></URDFElement></ChildElements><ElementName>collision</ElementName><required>false</required><Geometry z:Ref="i502"/><Origin z:Ref="i499"/></URDFElement><URDFElement z:Id="i505" i:type="Joint"><Attributes><Attribute z:Id="i506"><AttributeType>name</AttributeType><IsRequired>true</IsRequired><Value i:type="a:string" xmlns:a="http://www.w3.org/2001/XMLSchema">RL_hip_joint</Value></Attribute><Attribute z:Id="i507"><AttributeType>type</AttributeType><IsRequired>true</IsRequired><Value i:type="a:string" xmlns:a="http://www.w3.org/2001/XMLSchema">revolute</Value></Attribute></Attributes><ChildElements><URDFElement z:Id="i508" i:type="Origin"><Attributes><Attribute z:Id="i509"><AttributeType>xyz</AttributeType><IsRequired>true</IsRequired><Value i:type="a:ArrayOfdouble" xmlns:a="http://schemas.microsoft.com/2003/10/Serialization/Arrays"><a:double>-0.1366</a:double><a:double>0.065</a:double><a:double>0</a:double></Value></Attribute><Attribute z:Id="i510"><AttributeType>rpy</AttributeType><IsRequired>true</IsRequired><Value i:type="a:ArrayOfdouble" xmlns:a="http://schemas.microsoft.com/2003/10/Serialization/Arrays"><a:double>0</a:double><a:double>0</a:double><a:double>0</a:double></Value></Attribute></Attributes><ChildElements/><ElementName>origin</ElementName><required>false</required><RPYAttribute z:Ref="i510"/><XYZAttribute z:Ref="i509"/><isCustomized>false</isCustomized></URDFElement><URDFElement z:Id="i511" i:type="ParentLink"><Attributes><Attribute z:Id="i512"><AttributeType>link</AttributeType><IsRequired>true</IsRequired><Value i:type="a:string" xmlns:a="http://www.w3.org/2001/XMLSchema">base</Value></Attribute></Attributes><ChildElements/><ElementName>parent</ElementName><required>true</required><NameAttribute z:Ref="i512"/></URDFElement><URDFElement z:Id="i513" i:type="ChildLink"><Attributes><Attribute z:Id="i514"><AttributeType>link</AttributeType><IsRequired>true</IsRequired><Value i:type="a:string" xmlns:a="http://www.w3.org/2001/XMLSchema">RL_hip</Value></Attribute></Attributes><ChildElements/><ElementName>child</ElementName><required>true</required><NameAttribute z:Ref="i514"/></URDFElement><URDFElement z:Id="i515" i:type="Axis"><Attributes><Attribute z:Id="i516"><AttributeType>xyz</AttributeType><IsRequired>true</IsRequired><Value i:type="a:ArrayOfdouble" xmlns:a="http://schemas.microsoft.com/2003/10/Serialization/Arrays"><a:double>-1</a:double><a:double>0</a:double><a:double>0</a:double></Value></Attribute></Attributes><ChildElements/><ElementName>axis</ElementName><required>false</required><XYZAttribute z:Ref="i516"/></URDFElement><URDFElement z:Id="i517" i:type="Limit"><Attributes><Attribute z:Id="i518"><AttributeType>lower</AttributeType><IsRequired>true</IsRequired><Value i:type="a:double" xmlns:a="http://www.w3.org/2001/XMLSchema">0</Value></Attribute><Attribute z:Id="i519"><AttributeType>upper</AttributeType><IsRequired>true</IsRequired><Value i:type="a:double" xmlns:a="http://www.w3.org/2001/XMLSchema">0</Value></Attribute><Attribute z:Id="i520"><AttributeType>effort</AttributeType><IsRequired>true</IsRequired><Value i:type="a:double" xmlns:a="http://www.w3.org/2001/XMLSchema">0</Value></Attribute><Attribute z:Id="i521"><AttributeType>velocity</AttributeType><IsRequired>true</IsRequired><Value i:type="a:double" xmlns:a="http://www.w3.org/2001/XMLSchema">0</Value></Attribute></Attributes><ChildElements/><ElementName>limit</ElementName><required>true</required><EffortAttribute z:Ref="i520"/><LowerAttribute z:Ref="i518"/><UpperAttribute z:Ref="i519"/><VelocityAttribute z:Ref="i521"/></URDFElement><URDFElement z:Id="i522" i:type="Calibration"><Attributes><Attribute z:Id="i523"><AttributeType>rising</AttributeType><IsRequired>false</IsRequired><Value i:nil="true"/></Attribute><Attribute z:Id="i524"><AttributeType>falling</AttributeType><IsRequired>false</IsRequired><Value i:nil="true"/></Attribute></Attributes><ChildElements/><ElementName>calibration</ElementName><required>false</required><FallingAttribute z:Ref="i524"/><RisingAttribute z:Ref="i523"/></URDFElement><URDFElement z:Id="i525" i:type="Dynamics"><Attributes><Attribute z:Id="i526"><AttributeType>damping</AttributeType><IsRequired>false</IsRequired><Value i:nil="true"/></Attribute><Attribute z:Id="i527"><AttributeType>friction</AttributeType><IsRequired>false</IsRequired><Value i:nil="true"/></Attribute></Attributes><ChildElements/><ElementName>dynamics</ElementName><required>false</required><DampingAttribute z:Ref="i526"/><FrictionAttribute z:Ref="i527"/></URDFElement><URDFElement z:Id="i528" i:type="SafetyController"><Attributes><Attribute z:Id="i529"><AttributeType>soft_upper_limit</AttributeType><IsRequired>false</IsRequired><Value i:nil="true"/></Attribute><Attribute z:Id="i530"><AttributeType>soft_lower_limit</AttributeType><IsRequired>false</IsRequired><Value i:nil="true"/></Attribute><Attribute z:Id="i531"><AttributeType>k_position</AttributeType><IsRequired>false</IsRequired><Value i:nil="true"/></Attribute><Attribute z:Id="i532"><AttributeType>k_velocity</AttributeType><IsRequired>true</IsRequired><Value i:nil="true"/></Attribute></Attributes><ChildElements/><ElementName>safety_controller</ElementName><required>false</required><KPositionAttribute z:Ref="i531"/><KVelocityAttribute z:Ref="i532"/><SoftLowerAttribute z:Ref="i530"/><SoftUpperAttribute z:Ref="i529"/></URDFElement><URDFElement z:Id="i533" i:type="Mimic"><Attributes><Attribute z:Id="i534"><AttributeType>joint</AttributeType><IsRequired>true</IsRequired><Value i:nil="true"/></Attribute><Attribute z:Id="i535"><AttributeType>multiplier</AttributeType><IsRequired>false</IsRequired><Value i:nil="true"/></Attribute><Attribute z:Id="i536"><AttributeType>offset</AttributeType><IsRequired>false</IsRequired><Value i:nil="true"/></Attribute></Attributes><ChildElements/><ElementName>mimic</ElementName><required>false</required><JointNameAttribute z:Ref="i534"/><MultiplierAttribute z:Ref="i535"/><OffsetAttribute z:Ref="i536"/></URDFElement></ChildElements><ElementName>joint</ElementName><required>false</required><Axis z:Ref="i515"/><AxisName>RL_hip_axis</AxisName><Calibration z:Ref="i522"/><Child z:Ref="i513"/><CoordinateSystemName>RL_hip_Coordinate System</CoordinateSystemName><Dynamics z:Ref="i525"/><Limit z:Ref="i517"/><Mimic z:Ref="i533"/><NameAttribute z:Ref="i506"/><Origin z:Ref="i508"/><Parent z:Ref="i511"/><Safety z:Ref="i528"/><TypeAttribute z:Ref="i507"/></URDFElement></ChildElements><ElementName>link</ElementName><required>true</required><Children><Link z:Id="i537"><Attributes><Attribute z:Id="i538"><AttributeType>name</AttributeType><IsRequired>true</IsRequired><Value i:type="a:string" xmlns:a="http://www.w3.org/2001/XMLSchema">RL_thigh</Value></Attribute></Attributes><ChildElements><URDFElement z:Id="i539" i:type="Inertial"><Attributes/><ChildElements><URDFElement z:Id="i540" i:type="Origin"><Attributes><Attribute z:Id="i541"><AttributeType>xyz</AttributeType><IsRequired>true</IsRequired><Value i:type="a:ArrayOfdouble" xmlns:a="http://schemas.microsoft.com/2003/10/Serialization/Arrays"><a:double>-0.00060561656977695111</a:double><a:double>0.033789057814668427</a:double><a:double>-0.03464165520142426</a:double></Value></Attribute><Attribute z:Id="i542"><AttributeType>rpy</AttributeType><IsRequired>true</IsRequired><Value i:type="a:ArrayOfdouble" xmlns:a="http://schemas.microsoft.com/2003/10/Serialization/Arrays"><a:double>0</a:double><a:double>0</a:double><a:double>0</a:double></Value></Attribute></Attributes><ChildElements/><ElementName>origin</ElementName><required>false</required><RPYAttribute z:Ref="i542"/><XYZAttribute z:Ref="i541"/><isCustomized>false</isCustomized></URDFElement><URDFElement z:Id="i543" i:type="Mass"><Attributes><Attribute z:Id="i544"><AttributeType>value</AttributeType><IsRequired>true</IsRequired><Value i:type="a:double" xmlns:a="http://www.w3.org/2001/XMLSchema">0.767995666672362</Value></Attribute></Attributes><ChildElements/><ElementName>mass</ElementName><required>false</required><ValueAttribute z:Ref="i544"/></URDFElement><URDFElement z:Id="i545" i:type="Inertia"><Attributes><Attribute z:Id="i546"><AttributeType>ixx</AttributeType><IsRequired>true</IsRequired><Value i:type="a:double" xmlns:a="http://www.w3.org/2001/XMLSchema">0.0027035101011315542</Value></Attribute><Attribute z:Id="i547"><AttributeType>ixy</AttributeType><IsRequired>true</IsRequired><Value i:type="a:double" xmlns:a="http://www.w3.org/2001/XMLSchema">-6.1942485330895431E-07</Value></Attribute><Attribute z:Id="i548"><AttributeType>ixz</AttributeType><IsRequired>true</IsRequired><Value i:type="a:double" xmlns:a="http://www.w3.org/2001/XMLSchema">-5.5615916709620819E-05</Value></Attribute><Attribute z:Id="i549"><AttributeType>iyy</AttributeType><IsRequired>true</IsRequired><Value i:type="a:double" xmlns:a="http://www.w3.org/2001/XMLSchema">0.003166530980392069</Value></Attribute><Attribute z:Id="i550"><AttributeType>iyz</AttributeType><IsRequired>true</IsRequired><Value i:type="a:double" xmlns:a="http://www.w3.org/2001/XMLSchema">7.276259413903382E-07</Value></Attribute><Attribute z:Id="i551"><AttributeType>izz</AttributeType><IsRequired>true</IsRequired><Value i:type="a:double" xmlns:a="http://www.w3.org/2001/XMLSchema">0.00048678603228100226</Value></Attribute></Attributes><ChildElements/><ElementName>inertia</ElementName><required>false</required><IxxAttribute z:Ref="i546"/><IxyAttribute z:Ref="i547"/><IxzAttribute z:Ref="i548"/><IyyAttribute z:Ref="i549"/><IyzAttribute z:Ref="i550"/><IzzAttribute z:Ref="i551"/></URDFElement></ChildElements><ElementName>inertial</ElementName><required>false</required><Inertia z:Ref="i545"/><Mass z:Ref="i543"/><Origin z:Ref="i540"/></URDFElement><URDFElement z:Id="i552" i:type="Visual"><Attributes/><ChildElements><URDFElement z:Id="i553" i:type="Origin"><Attributes><Attribute z:Id="i554"><AttributeType>xyz</AttributeType><IsRequired>true</IsRequired><Value i:type="a:ArrayOfdouble" xmlns:a="http://schemas.microsoft.com/2003/10/Serialization/Arrays"><a:double>0</a:double><a:double>0</a:double><a:double>0</a:double></Value></Attribute><Attribute z:Id="i555"><AttributeType>rpy</AttributeType><IsRequired>true</IsRequired><Value i:type="a:ArrayOfdouble" xmlns:a="http://schemas.microsoft.com/2003/10/Serialization/Arrays"><a:double>0</a:double><a:double>0</a:double><a:double>0</a:double></Value></Attribute></Attributes><ChildElements/><ElementName>origin</ElementName><required>false</required><RPYAttribute z:Ref="i555"/><XYZAttribute z:Ref="i554"/><isCustomized>false</isCustomized></URDFElement><URDFElement z:Id="i556" i:type="Geometry"><Attributes/><ChildElements><URDFElement z:Id="i557" i:type="Mesh"><Attributes><Attribute z:Id="i558"><AttributeType>filename</AttributeType><IsRequired>true</IsRequired><Value i:nil="true"/></Attribute></Attributes><ChildElements/><ElementName>mesh</ElementName><required>false</required><FilenameAttribute z:Ref="i558"/></URDFElement></ChildElements><ElementName>geometry</ElementName><required>true</required><Mesh z:Ref="i557"/></URDFElement><URDFElement z:Id="i559" i:type="Material"><Attributes><Attribute z:Id="i560"><AttributeType>name</AttributeType><IsRequired>true</IsRequired><Value i:type="a:string" xmlns:a="http://www.w3.org/2001/XMLSchema"/></Attribute></Attributes><ChildElements><URDFElement z:Id="i561" i:type="Color"><Attributes><Attribute z:Id="i562"><AttributeType>rgba</AttributeType><IsRequired>true</IsRequired><Value i:type="a:ArrayOfdouble" xmlns:a="http://schemas.microsoft.com/2003/10/Serialization/Arrays"><a:double>0.64313725490196072</a:double><a:double>0.615686274509804</a:double><a:double>0.6</a:double><a:double>1</a:double></Value></Attribute></Attributes><ChildElements/><ElementName>color</ElementName><required>false</required><RGBAAttribute z:Ref="i562"/></URDFElement><URDFElement z:Id="i563" i:type="Texture"><Attributes><Attribute z:Id="i564"><AttributeType>filename</AttributeType><IsRequired>true</IsRequired><Value i:nil="true"/></Attribute></Attributes><ChildElements/><ElementName>texture</ElementName><required>false</required><FilenameAttribute z:Ref="i564"/><wFilename/></URDFElement></ChildElements><ElementName>material</ElementName><required>false</required><Color z:Ref="i561"/><NameAttribute z:Ref="i560"/><Texture z:Ref="i563"/></URDFElement></ChildElements><ElementName>visual</ElementName><required>false</required><Geometry z:Ref="i556"/><Material z:Ref="i559"/><Origin z:Ref="i553"/></URDFElement><URDFElement z:Id="i565" i:type="Collision"><Attributes/><ChildElements><URDFElement z:Id="i566" i:type="Origin"><Attributes><Attribute z:Id="i567"><AttributeType>xyz</AttributeType><IsRequired>true</IsRequired><Value i:type="a:ArrayOfdouble" xmlns:a="http://schemas.microsoft.com/2003/10/Serialization/Arrays"><a:double>0</a:double><a:double>0</a:double><a:double>0</a:double></Value></Attribute><Attribute z:Id="i568"><AttributeType>rpy</AttributeType><IsRequired>true</IsRequired><Value i:type="a:ArrayOfdouble" xmlns:a="http://schemas.microsoft.com/2003/10/Serialization/Arrays"><a:double>0</a:double><a:double>0</a:double><a:double>0</a:double></Value></Attribute></Attributes><ChildElements/><ElementName>origin</ElementName><required>false</required><RPYAttribute z:Ref="i568"/><XYZAttribute z:Ref="i567"/><isCustomized>false</isCustomized></URDFElement><URDFElement z:Id="i569" i:type="Geometry"><Attributes/><ChildElements><URDFElement z:Id="i570" i:type="Mesh"><Attributes><Attribute z:Id="i571"><AttributeType>filename</AttributeType><IsRequired>true</IsRequired><Value i:nil="true"/></Attribute></Attributes><ChildElements/><ElementName>mesh</ElementName><required>false</required><FilenameAttribute z:Ref="i571"/></URDFElement></ChildElements><ElementName>geometry</ElementName><required>true</required><Mesh z:Ref="i570"/></URDFElement></ChildElements><ElementName>collision</ElementName><required>false</required><Geometry z:Ref="i569"/><Origin z:Ref="i566"/></URDFElement><URDFElement z:Id="i572" i:type="Joint"><Attributes><Attribute z:Id="i573"><AttributeType>name</AttributeType><IsRequired>true</IsRequired><Value i:type="a:string" xmlns:a="http://www.w3.org/2001/XMLSchema">RL_thigh_joint</Value></Attribute><Attribute z:Id="i574"><AttributeType>type</AttributeType><IsRequired>true</IsRequired><Value i:type="a:string" xmlns:a="http://www.w3.org/2001/XMLSchema">revolute</Value></Attribute></Attributes><ChildElements><URDFElement z:Id="i575" i:type="Origin"><Attributes><Attribute z:Id="i576"><AttributeType>xyz</AttributeType><IsRequired>true</IsRequired><Value i:type="a:ArrayOfdouble" xmlns:a="http://schemas.microsoft.com/2003/10/Serialization/Arrays"><a:double>-0.05825</a:double><a:double>0.0186</a:double><a:double>0</a:double></Value></Attribute><Attribute z:Id="i577"><AttributeType>rpy</AttributeType><IsRequired>true</IsRequired><Value i:type="a:ArrayOfdouble" xmlns:a="http://schemas.microsoft.com/2003/10/Serialization/Arrays"><a:double>0</a:double><a:double>0</a:double><a:double>0</a:double></Value></Attribute></Attributes><ChildElements/><ElementName>origin</ElementName><required>false</required><RPYAttribute z:Ref="i577"/><XYZAttribute z:Ref="i576"/><isCustomized>false</isCustomized></URDFElement><URDFElement z:Id="i578" i:type="ParentLink"><Attributes><Attribute z:Id="i579"><AttributeType>link</AttributeType><IsRequired>true</IsRequired><Value i:type="a:string" xmlns:a="http://www.w3.org/2001/XMLSchema">RL_hip</Value></Attribute></Attributes><ChildElements/><ElementName>parent</ElementName><required>true</required><NameAttribute z:Ref="i579"/></URDFElement><URDFElement z:Id="i580" i:type="ChildLink"><Attributes><Attribute z:Id="i581"><AttributeType>link</AttributeType><IsRequired>true</IsRequired><Value i:type="a:string" xmlns:a="http://www.w3.org/2001/XMLSchema">RL_thigh</Value></Attribute></Attributes><ChildElements/><ElementName>child</ElementName><required>true</required><NameAttribute z:Ref="i581"/></URDFElement><URDFElement z:Id="i582" i:type="Axis"><Attributes><Attribute z:Id="i583"><AttributeType>xyz</AttributeType><IsRequired>true</IsRequired><Value i:type="a:ArrayOfdouble" xmlns:a="http://schemas.microsoft.com/2003/10/Serialization/Arrays"><a:double>0</a:double><a:double>1</a:double><a:double>0</a:double></Value></Attribute></Attributes><ChildElements/><ElementName>axis</ElementName><required>false</required><XYZAttribute z:Ref="i583"/></URDFElement><URDFElement z:Id="i584" i:type="Limit"><Attributes><Attribute z:Id="i585"><AttributeType>lower</AttributeType><IsRequired>true</IsRequired><Value i:type="a:double" xmlns:a="http://www.w3.org/2001/XMLSchema">0</Value></Attribute><Attribute z:Id="i586"><AttributeType>upper</AttributeType><IsRequired>true</IsRequired><Value i:type="a:double" xmlns:a="http://www.w3.org/2001/XMLSchema">0</Value></Attribute><Attribute z:Id="i587"><AttributeType>effort</AttributeType><IsRequired>true</IsRequired><Value i:type="a:double" xmlns:a="http://www.w3.org/2001/XMLSchema">0</Value></Attribute><Attribute z:Id="i588"><AttributeType>velocity</AttributeType><IsRequired>true</IsRequired><Value i:type="a:double" xmlns:a="http://www.w3.org/2001/XMLSchema">0</Value></Attribute></Attributes><ChildElements/><ElementName>limit</ElementName><required>true</required><EffortAttribute z:Ref="i587"/><LowerAttribute z:Ref="i585"/><UpperAttribute z:Ref="i586"/><VelocityAttribute z:Ref="i588"/></URDFElement><URDFElement z:Id="i589" i:type="Calibration"><Attributes><Attribute z:Id="i590"><AttributeType>rising</AttributeType><IsRequired>false</IsRequired><Value i:nil="true"/></Attribute><Attribute z:Id="i591"><AttributeType>falling</AttributeType><IsRequired>false</IsRequired><Value i:nil="true"/></Attribute></Attributes><ChildElements/><ElementName>calibration</ElementName><required>false</required><FallingAttribute z:Ref="i591"/><RisingAttribute z:Ref="i590"/></URDFElement><URDFElement z:Id="i592" i:type="Dynamics"><Attributes><Attribute z:Id="i593"><AttributeType>damping</AttributeType><IsRequired>false</IsRequired><Value i:nil="true"/></Attribute><Attribute z:Id="i594"><AttributeType>friction</AttributeType><IsRequired>false</IsRequired><Value i:nil="true"/></Attribute></Attributes><ChildElements/><ElementName>dynamics</ElementName><required>false</required><DampingAttribute z:Ref="i593"/><FrictionAttribute z:Ref="i594"/></URDFElement><URDFElement z:Id="i595" i:type="SafetyController"><Attributes><Attribute z:Id="i596"><AttributeType>soft_upper_limit</AttributeType><IsRequired>false</IsRequired><Value i:nil="true"/></Attribute><Attribute z:Id="i597"><AttributeType>soft_lower_limit</AttributeType><IsRequired>false</IsRequired><Value i:nil="true"/></Attribute><Attribute z:Id="i598"><AttributeType>k_position</AttributeType><IsRequired>false</IsRequired><Value i:nil="true"/></Attribute><Attribute z:Id="i599"><AttributeType>k_velocity</AttributeType><IsRequired>true</IsRequired><Value i:nil="true"/></Attribute></Attributes><ChildElements/><ElementName>safety_controller</ElementName><required>false</required><KPositionAttribute z:Ref="i598"/><KVelocityAttribute z:Ref="i599"/><SoftLowerAttribute z:Ref="i597"/><SoftUpperAttribute z:Ref="i596"/></URDFElement><URDFElement z:Id="i600" i:type="Mimic"><Attributes><Attribute z:Id="i601"><AttributeType>joint</AttributeType><IsRequired>true</IsRequired><Value i:nil="true"/></Attribute><Attribute z:Id="i602"><AttributeType>multiplier</AttributeType><IsRequired>false</IsRequired><Value i:nil="true"/></Attribute><Attribute z:Id="i603"><AttributeType>offset</AttributeType><IsRequired>false</IsRequired><Value i:nil="true"/></Attribute></Attributes><ChildElements/><ElementName>mimic</ElementName><required>false</required><JointNameAttribute z:Ref="i601"/><MultiplierAttribute z:Ref="i602"/><OffsetAttribute z:Ref="i603"/></URDFElement></ChildElements><ElementName>joint</ElementName><required>false</required><Axis z:Ref="i582"/><AxisName>RL_thigh_axis</AxisName><Calibration z:Ref="i589"/><Child z:Ref="i580"/><CoordinateSystemName>RL_thigh_Coordinate System</CoordinateSystemName><Dynamics z:Ref="i592"/><Limit z:Ref="i584"/><Mimic z:Ref="i600"/><NameAttribute z:Ref="i573"/><Origin z:Ref="i575"/><Parent z:Ref="i578"/><Safety z:Ref="i595"/><TypeAttribute z:Ref="i574"/></URDFElement></ChildElements><ElementName>link</ElementName><required>true</required><Children><Link z:Id="i604"><Attributes><Attribute z:Id="i605"><AttributeType>name</AttributeType><IsRequired>true</IsRequired><Value i:type="a:string" xmlns:a="http://www.w3.org/2001/XMLSchema">RL_calf</Value></Attribute></Attributes><ChildElements><URDFElement z:Id="i606" i:type="Inertial"><Attributes/><ChildElements><URDFElement z:Id="i607" i:type="Origin"><Attributes><Attribute z:Id="i608"><AttributeType>xyz</AttributeType><IsRequired>true</IsRequired><Value i:type="a:ArrayOfdouble" xmlns:a="http://schemas.microsoft.com/2003/10/Serialization/Arrays"><a:double>0.0063129932843730974</a:double><a:double>-2.4496200635326648E-05</a:double><a:double>-0.091768654493874169</a:double></Value></Attribute><Attribute z:Id="i609"><AttributeType>rpy</AttributeType><IsRequired>true</IsRequired><Value i:type="a:ArrayOfdouble" xmlns:a="http://schemas.microsoft.com/2003/10/Serialization/Arrays"><a:double>0</a:double><a:double>0</a:double><a:double>0</a:double></Value></Attribute></Attributes><ChildElements/><ElementName>origin</ElementName><required>false</required><RPYAttribute z:Ref="i609"/><XYZAttribute z:Ref="i608"/><isCustomized>false</isCustomized></URDFElement><URDFElement z:Id="i610" i:type="Mass"><Attributes><Attribute z:Id="i611"><AttributeType>value</AttributeType><IsRequired>true</IsRequired><Value i:type="a:double" xmlns:a="http://www.w3.org/2001/XMLSchema">0.2477992763499306</Value></Attribute></Attributes><ChildElements/><ElementName>mass</ElementName><required>false</required><ValueAttribute z:Ref="i611"/></URDFElement><URDFElement z:Id="i612" i:type="Inertia"><Attributes><Attribute z:Id="i613"><AttributeType>ixx</AttributeType><IsRequired>true</IsRequired><Value i:type="a:double" xmlns:a="http://www.w3.org/2001/XMLSchema">0.000559369450508884</Value></Attribute><Attribute z:Id="i614"><AttributeType>ixy</AttributeType><IsRequired>true</IsRequired><Value i:type="a:double" xmlns:a="http://www.w3.org/2001/XMLSchema">7.2776729077305536E-09</Value></Attribute><Attribute z:Id="i615"><AttributeType>ixz</AttributeType><IsRequired>true</IsRequired><Value i:type="a:double" xmlns:a="http://www.w3.org/2001/XMLSchema">3.1927590651445635E-05</Value></Attribute><Attribute z:Id="i616"><AttributeType>iyy</AttributeType><IsRequired>true</IsRequired><Value i:type="a:double" xmlns:a="http://www.w3.org/2001/XMLSchema">0.00057994341943448462</Value></Attribute><Attribute z:Id="i617"><AttributeType>iyz</AttributeType><IsRequired>true</IsRequired><Value i:type="a:double" xmlns:a="http://www.w3.org/2001/XMLSchema">5.9037738839712238E-08</Value></Attribute><Attribute z:Id="i618"><AttributeType>izz</AttributeType><IsRequired>true</IsRequired><Value i:type="a:double" xmlns:a="http://www.w3.org/2001/XMLSchema">2.4933612463864574E-05</Value></Attribute></Attributes><ChildElements/><ElementName>inertia</ElementName><required>false</required><IxxAttribute z:Ref="i613"/><IxyAttribute z:Ref="i614"/><IxzAttribute z:Ref="i615"/><IyyAttribute z:Ref="i616"/><IyzAttribute z:Ref="i617"/><IzzAttribute z:Ref="i618"/></URDFElement></ChildElements><ElementName>inertial</ElementName><required>false</required><Inertia z:Ref="i612"/><Mass z:Ref="i610"/><Origin z:Ref="i607"/></URDFElement><URDFElement z:Id="i619" i:type="Visual"><Attributes/><ChildElements><URDFElement z:Id="i620" i:type="Origin"><Attributes><Attribute z:Id="i621"><AttributeType>xyz</AttributeType><IsRequired>true</IsRequired><Value i:type="a:ArrayOfdouble" xmlns:a="http://schemas.microsoft.com/2003/10/Serialization/Arrays"><a:double>0</a:double><a:double>0</a:double><a:double>0</a:double></Value></Attribute><Attribute z:Id="i622"><AttributeType>rpy</AttributeType><IsRequired>true</IsRequired><Value i:type="a:ArrayOfdouble" xmlns:a="http://schemas.microsoft.com/2003/10/Serialization/Arrays"><a:double>0</a:double><a:double>0</a:double><a:double>0</a:double></Value></Attribute></Attributes><ChildElements/><ElementName>origin</ElementName><required>false</required><RPYAttribute z:Ref="i622"/><XYZAttribute z:Ref="i621"/><isCustomized>false</isCustomized></URDFElement><URDFElement z:Id="i623" i:type="Geometry"><Attributes/><ChildElements><URDFElement z:Id="i624" i:type="Mesh"><Attributes><Attribute z:Id="i625"><AttributeType>filename</AttributeType><IsRequired>true</IsRequired><Value i:nil="true"/></Attribute></Attributes><ChildElements/><ElementName>mesh</ElementName><required>false</required><FilenameAttribute z:Ref="i625"/></URDFElement></ChildElements><ElementName>geometry</ElementName><required>true</required><Mesh z:Ref="i624"/></URDFElement><URDFElement z:Id="i626" i:type="Material"><Attributes><Attribute z:Id="i627"><AttributeType>name</AttributeType><IsRequired>true</IsRequired><Value i:type="a:string" xmlns:a="http://www.w3.org/2001/XMLSchema"/></Attribute></Attributes><ChildElements><URDFElement z:Id="i628" i:type="Color"><Attributes><Attribute z:Id="i629"><AttributeType>rgba</AttributeType><IsRequired>true</IsRequired><Value i:type="a:ArrayOfdouble" xmlns:a="http://schemas.microsoft.com/2003/10/Serialization/Arrays"><a:double>0.89803921568627454</a:double><a:double>0.91764705882352937</a:double><a:double>0.92941176470588238</a:double><a:double>1</a:double></Value></Attribute></Attributes><ChildElements/><ElementName>color</ElementName><required>false</required><RGBAAttribute z:Ref="i629"/></URDFElement><URDFElement z:Id="i630" i:type="Texture"><Attributes><Attribute z:Id="i631"><AttributeType>filename</AttributeType><IsRequired>true</IsRequired><Value i:nil="true"/></Attribute></Attributes><ChildElements/><ElementName>texture</ElementName><required>false</required><FilenameAttribute z:Ref="i631"/><wFilename/></URDFElement></ChildElements><ElementName>material</ElementName><required>false</required><Color z:Ref="i628"/><NameAttribute z:Ref="i627"/><Texture z:Ref="i630"/></URDFElement></ChildElements><ElementName>visual</ElementName><required>false</required><Geometry z:Ref="i623"/><Material z:Ref="i626"/><Origin z:Ref="i620"/></URDFElement><URDFElement z:Id="i632" i:type="Collision"><Attributes/><ChildElements><URDFElement z:Id="i633" i:type="Origin"><Attributes><Attribute z:Id="i634"><AttributeType>xyz</AttributeType><IsRequired>true</IsRequired><Value i:type="a:ArrayOfdouble" xmlns:a="http://schemas.microsoft.com/2003/10/Serialization/Arrays"><a:double>0</a:double><a:double>0</a:double><a:double>0</a:double></Value></Attribute><Attribute z:Id="i635"><AttributeType>rpy</AttributeType><IsRequired>true</IsRequired><Value i:type="a:ArrayOfdouble" xmlns:a="http://schemas.microsoft.com/2003/10/Serialization/Arrays"><a:double>0</a:double><a:double>0</a:double><a:double>0</a:double></Value></Attribute></Attributes><ChildElements/><ElementName>origin</ElementName><required>false</required><RPYAttribute z:Ref="i635"/><XYZAttribute z:Ref="i634"/><isCustomized>false</isCustomized></URDFElement><URDFElement z:Id="i636" i:type="Geometry"><Attributes/><ChildElements><URDFElement z:Id="i637" i:type="Mesh"><Attributes><Attribute z:Id="i638"><AttributeType>filename</AttributeType><IsRequired>true</IsRequired><Value i:nil="true"/></Attribute></Attributes><ChildElements/><ElementName>mesh</ElementName><required>false</required><FilenameAttribute z:Ref="i638"/></URDFElement></ChildElements><ElementName>geometry</ElementName><required>true</required><Mesh z:Ref="i637"/></URDFElement></ChildElements><ElementName>collision</ElementName><required>false</required><Geometry z:Ref="i636"/><Origin z:Ref="i633"/></URDFElement><URDFElement z:Id="i639" i:type="Joint"><Attributes><Attribute z:Id="i640"><AttributeType>name</AttributeType><IsRequired>true</IsRequired><Value i:type="a:string" xmlns:a="http://www.w3.org/2001/XMLSchema">RL_calf_joint</Value></Attribute><Attribute z:Id="i641"><AttributeType>type</AttributeType><IsRequired>true</IsRequired><Value i:type="a:string" xmlns:a="http://www.w3.org/2001/XMLSchema">revolute</Value></Attribute></Attributes><ChildElements><URDFElement z:Id="i642" i:type="Origin"><Attributes><Attribute z:Id="i643"><AttributeType>xyz</AttributeType><IsRequired>true</IsRequired><Value i:type="a:ArrayOfdouble" xmlns:a="http://schemas.microsoft.com/2003/10/Serialization/Arrays"><a:double>0</a:double><a:double>0.0572</a:double><a:double>-0.21</a:double></Value></Attribute><Attribute z:Id="i644"><AttributeType>rpy</AttributeType><IsRequired>true</IsRequired><Value i:type="a:ArrayOfdouble" xmlns:a="http://schemas.microsoft.com/2003/10/Serialization/Arrays"><a:double>0</a:double><a:double>0</a:double><a:double>0</a:double></Value></Attribute></Attributes><ChildElements/><ElementName>origin</ElementName><required>false</required><RPYAttribute z:Ref="i644"/><XYZAttribute z:Ref="i643"/><isCustomized>false</isCustomized></URDFElement><URDFElement z:Id="i645" i:type="ParentLink"><Attributes><Attribute z:Id="i646"><AttributeType>link</AttributeType><IsRequired>true</IsRequired><Value i:type="a:string" xmlns:a="http://www.w3.org/2001/XMLSchema">RL_thigh</Value></Attribute></Attributes><ChildElements/><ElementName>parent</ElementName><required>true</required><NameAttribute z:Ref="i646"/></URDFElement><URDFElement z:Id="i647" i:type="ChildLink"><Attributes><Attribute z:Id="i648"><AttributeType>link</AttributeType><IsRequired>true</IsRequired><Value i:type="a:string" xmlns:a="http://www.w3.org/2001/XMLSchema">RL_calf</Value></Attribute></Attributes><ChildElements/><ElementName>child</ElementName><required>true</required><NameAttribute z:Ref="i648"/></URDFElement><URDFElement z:Id="i649" i:type="Axis"><Attributes><Attribute z:Id="i650"><AttributeType>xyz</AttributeType><IsRequired>true</IsRequired><Value i:type="a:ArrayOfdouble" xmlns:a="http://schemas.microsoft.com/2003/10/Serialization/Arrays"><a:double>0</a:double><a:double>1</a:double><a:double>0</a:double></Value></Attribute></Attributes><ChildElements/><ElementName>axis</ElementName><required>false</required><XYZAttribute z:Ref="i650"/></URDFElement><URDFElement z:Id="i651" i:type="Limit"><Attributes><Attribute z:Id="i652"><AttributeType>lower</AttributeType><IsRequired>true</IsRequired><Value i:type="a:double" xmlns:a="http://www.w3.org/2001/XMLSchema">0</Value></Attribute><Attribute z:Id="i653"><AttributeType>upper</AttributeType><IsRequired>true</IsRequired><Value i:type="a:double" xmlns:a="http://www.w3.org/2001/XMLSchema">0</Value></Attribute><Attribute z:Id="i654"><AttributeType>effort</AttributeType><IsRequired>true</IsRequired><Value i:type="a:double" xmlns:a="http://www.w3.org/2001/XMLSchema">0</Value></Attribute><Attribute z:Id="i655"><AttributeType>velocity</AttributeType><IsRequired>true</IsRequired><Value i:type="a:double" xmlns:a="http://www.w3.org/2001/XMLSchema">0</Value></Attribute></Attributes><ChildElements/><ElementName>limit</ElementName><required>true</required><EffortAttribute z:Ref="i654"/><LowerAttribute z:Ref="i652"/><UpperAttribute z:Ref="i653"/><VelocityAttribute z:Ref="i655"/></URDFElement><URDFElement z:Id="i656" i:type="Calibration"><Attributes><Attribute z:Id="i657"><AttributeType>rising</AttributeType><IsRequired>false</IsRequired><Value i:nil="true"/></Attribute><Attribute z:Id="i658"><AttributeType>falling</AttributeType><IsRequired>false</IsRequired><Value i:nil="true"/></Attribute></Attributes><ChildElements/><ElementName>calibration</ElementName><required>false</required><FallingAttribute z:Ref="i658"/><RisingAttribute z:Ref="i657"/></URDFElement><URDFElement z:Id="i659" i:type="Dynamics"><Attributes><Attribute z:Id="i660"><AttributeType>damping</AttributeType><IsRequired>false</IsRequired><Value i:nil="true"/></Attribute><Attribute z:Id="i661"><AttributeType>friction</AttributeType><IsRequired>false</IsRequired><Value i:nil="true"/></Attribute></Attributes><ChildElements/><ElementName>dynamics</ElementName><required>false</required><DampingAttribute z:Ref="i660"/><FrictionAttribute z:Ref="i661"/></URDFElement><URDFElement z:Id="i662" i:type="SafetyController"><Attributes><Attribute z:Id="i663"><AttributeType>soft_upper_limit</AttributeType><IsRequired>false</IsRequired><Value i:nil="true"/></Attribute><Attribute z:Id="i664"><AttributeType>soft_lower_limit</AttributeType><IsRequired>false</IsRequired><Value i:nil="true"/></Attribute><Attribute z:Id="i665"><AttributeType>k_position</AttributeType><IsRequired>false</IsRequired><Value i:nil="true"/></Attribute><Attribute z:Id="i666"><AttributeType>k_velocity</AttributeType><IsRequired>true</IsRequired><Value i:nil="true"/></Attribute></Attributes><ChildElements/><ElementName>safety_controller</ElementName><required>false</required><KPositionAttribute z:Ref="i665"/><KVelocityAttribute z:Ref="i666"/><SoftLowerAttribute z:Ref="i664"/><SoftUpperAttribute z:Ref="i663"/></URDFElement><URDFElement z:Id="i667" i:type="Mimic"><Attributes><Attribute z:Id="i668"><AttributeType>joint</AttributeType><IsRequired>true</IsRequired><Value i:nil="true"/></Attribute><Attribute z:Id="i669"><AttributeType>multiplier</AttributeType><IsRequired>false</IsRequired><Value i:nil="true"/></Attribute><Attribute z:Id="i670"><AttributeType>offset</AttributeType><IsRequired>false</IsRequired><Value i:nil="true"/></Attribute></Attributes><ChildElements/><ElementName>mimic</ElementName><required>false</required><JointNameAttribute z:Ref="i668"/><MultiplierAttribute z:Ref="i669"/><OffsetAttribute z:Ref="i670"/></URDFElement></ChildElements><ElementName>joint</ElementName><required>false</required><Axis z:Ref="i649"/><AxisName>RL_calf_axis</AxisName><Calibration z:Ref="i656"/><Child z:Ref="i647"/><CoordinateSystemName>RL_calf_Coordinate System</CoordinateSystemName><Dynamics z:Ref="i659"/><Limit z:Ref="i651"/><Mimic z:Ref="i667"/><NameAttribute z:Ref="i640"/><Origin z:Ref="i642"/><Parent z:Ref="i645"/><Safety z:Ref="i662"/><TypeAttribute z:Ref="i641"/></URDFElement></ChildElements><ElementName>link</ElementName><required>true</required><Children/><Collision z:Ref="i632"/><Inertial z:Ref="i606"/><Joint z:Ref="i639"/><NameAttribute z:Ref="i605"/><Parent z:Ref="i537"/><STLQualityFine>false</STLQualityFine><SWComponentPIDs xmlns:a="http://schemas.microsoft.com/2003/10/Serialization/Arrays"><a:base64Binary>aEIAAAUAAAD//v8TD1x/gS1O9JXyZr9+LQA2ADAANgAxAC0ANQBAAHRl13LFiE2RU08EAAAAEAAAAAEAAAABAAAAWQMAAA==</a:base64Binary><a:base64Binary>aEIAAAUAAAD//v8WD1x/gRZZp0/yZr9+LQBclc9QLQA2ADAANgAxAC0ANQBAAHRl13LFiE2RU08EAAAAEAAAAAEAAAABAAAAWgMAAA==</a:base64Binary><a:base64Binary>aEIAAAUAAAD//v8TD1x/gRZZp0/yZr9+LQA2ADAANgAxAC0ANQBAAHRl13LFiE2RU08EAAAAEAAAAAEAAAABAAAAWwMAAA==</a:base64Binary><a:base64Binary>aEIAAAUAAAD//v8ND1x/gXCZf2cyAC0AMQBAAHRl13LFiE2RU08EAAAAEAAAAAEAAAABAAAAzQQAAA==</a:base64Binary><a:base64Binary>aEIAAAUAAAD//v8Ns43velNicFP2Ti0AMQBAAHRl13LFiE2RU08EAAAAEAAAAAEAAAABAAAAvAQAAA==</a:base64Binary><a:base64Binary>aEIAAAUAAAD//v8MRXj2gLON73otADIAQAB0ZddyxYhNkVNPBAAAABAAAAABAAAAAQAAAPgEAAA=</a:base64Binary><a:base64Binary>aEIAAAUAAAD//v8ND1x/gXCZf2cxAC0AMQBAAHRl13LFiE2RU08EAAAAEAAAAAEAAAABAAAAxwQAAA==</a:base64Binary></SWComponentPIDs><SWMainComponentPID i:nil="true"/><Visual z:Ref="i619"/><isFixedFrame>false</isFixedFrame><isIncomplete>false</isIncomplete></Link></Children><Collision z:Ref="i565"/><Inertial z:Ref="i539"/><Joint z:Ref="i572"/><NameAttribute z:Ref="i538"/><Parent z:Ref="i470"/><STLQualityFine>false</STLQualityFine><SWComponentPIDs xmlns:a="http://schemas.microsoft.com/2003/10/Serialization/Arrays"><a:base64Binary>aEIAAAUAAAD//v8ZRwBPAC0ATQA4ADAAMQAwAC0ANgA1dTpnMwBEACFqi1ctADEAMQBAAHRl13LFiE2RU08EAAAAEAAAAAEAAAABAAAAGAEAAA==</a:base64Binary><a:base64Binary>aEIAAAUAAAD//v8UJ1l/gYVRp08tADYAMAA2ADEALQDmXadPLQAyAEAAdGXXcsWITZFTTwQAAAAQAAAAAQAAAAEAAABWAwAA</a:base64Binary><a:base64Binary>aEIAAAUAAAD//v8SJ1l/gVNicFP2Ti0AXJXPUOZdp08tADIAQAB0ZddyxYhNkVNPBAAAABAAAAABAAAAAQAAAFcDAAA=</a:base64Binary><a:base64Binary>aEIAAAUAAAD//v8VJ1l/gRZZp08tADYAMAA2ADEALQAzAG0AbQAtADUAQAB0ZddyxYhNkVNPBAAAABAAAAABAAAAAQAAAFgDAAA=</a:base64Binary><a:base64Binary>aEIAAAUAAAD//v8YMgAtADMAc1GCgt6PpWP2Ti0A5l0OVC0ANgAwADYAMQAtADIAQAB0ZddyxYhNkVNPBAAAABAAAAABAAAAAQAAAKgEAAA=</a:base64Binary></SWComponentPIDs><SWMainComponentPID i:nil="true"/><Visual z:Ref="i552"/><isFixedFrame>false</isFixedFrame><isIncomplete>false</isIncomplete></Link></Children><Collision z:Ref="i498"/><Inertial z:Ref="i472"/><Joint z:Ref="i505"/><NameAttribute z:Ref="i471"/><Parent z:Ref="i1"/><STLQualityFine>false</STLQualityFine><SWComponentPIDs xmlns:a="http://schemas.microsoft.com/2003/10/Serialization/Arrays"><a:base64Binary>aEIAAAUAAAD//v8ZRwBPAC0ATQA4ADAAMQAwAC0ANgA1dTpnMwBEACFqi1ctADEAMgBAAHRl13LFiE2RU08EAAAAEAAAAAEAAAABAAAAGQEAAA==</a:base64Binary><a:base64Binary>aEIAAAUAAAD//v8Zy5pzUYKC3o+lY/ZOLQBVU2KXLQA2ADAANgAxAC0A5l0OVC0AMQBAAHRl13LFiE2RU08EAAAAEAAAAAEAAAABAAAADwMAAA==</a:base64Binary><a:base64Binary>aEIAAAUAAAD//v8SJ1l/gS0AD1x/gXNRgoJQlk1PV1ctADUAQAB0ZddyxYhNkVNPBAAAABAAAAABAAAAAQAAALIDAAA=</a:base64Binary></SWComponentPIDs><SWMainComponentPID i:nil="true"/><Visual z:Ref="i485"/><isFixedFrame>false</isFixedFrame><isIncomplete>false</isIncomplete></Link><Link z:Id="i671"><Attributes><Attribute z:Id="i672"><AttributeType>name</AttributeType><IsRequired>true</IsRequired><Value i:type="a:string" xmlns:a="http://www.w3.org/2001/XMLSchema">RR_hip</Value></Attribute></Attributes><ChildElements><URDFElement z:Id="i673" i:type="Inertial"><Attributes/><ChildElements><URDFElement z:Id="i674" i:type="Origin"><Attributes><Attribute z:Id="i675"><AttributeType>xyz</AttributeType><IsRequired>true</IsRequired><Value i:type="a:ArrayOfdouble" xmlns:a="http://schemas.microsoft.com/2003/10/Serialization/Arrays"><a:double>-0.058314157257065208</a:double><a:double>0.00085523239828218245</a:double><a:double>-9.8232643282777921E-05</a:double></Value></Attribute><Attribute z:Id="i676"><AttributeType>rpy</AttributeType><IsRequired>true</IsRequired><Value i:type="a:ArrayOfdouble" xmlns:a="http://schemas.microsoft.com/2003/10/Serialization/Arrays"><a:double>0</a:double><a:double>0</a:double><a:double>0</a:double></Value></Attribute></Attributes><ChildElements/><ElementName>origin</ElementName><required>false</required><RPYAttribute z:Ref="i676"/><XYZAttribute z:Ref="i675"/><isCustomized>false</isCustomized></URDFElement><URDFElement z:Id="i677" i:type="Mass"><Attributes><Attribute z:Id="i678"><AttributeType>value</AttributeType><IsRequired>true</IsRequired><Value i:type="a:double" xmlns:a="http://www.w3.org/2001/XMLSchema">0.19355153966926017</Value></Attribute></Attributes><ChildElements/><ElementName>mass</ElementName><required>false</required><ValueAttribute z:Ref="i678"/></URDFElement><URDFElement z:Id="i679" i:type="Inertia"><Attributes><Attribute z:Id="i680"><AttributeType>ixx</AttributeType><IsRequired>true</IsRequired><Value i:type="a:double" xmlns:a="http://www.w3.org/2001/XMLSchema">0.00011111842152959225</Value></Attribute><Attribute z:Id="i681"><AttributeType>ixy</AttributeType><IsRequired>true</IsRequired><Value i:type="a:double" xmlns:a="http://www.w3.org/2001/XMLSchema">-2.5287516299098222E-08</Value></Attribute><Attribute z:Id="i682"><AttributeType>ixz</AttributeType><IsRequired>true</IsRequired><Value i:type="a:double" xmlns:a="http://www.w3.org/2001/XMLSchema">3.6294121855137336E-07</Value></Attribute><Attribute z:Id="i683"><AttributeType>iyy</AttributeType><IsRequired>true</IsRequired><Value i:type="a:double" xmlns:a="http://www.w3.org/2001/XMLSchema">0.00021217812294279173</Value></Attribute><Attribute z:Id="i684"><AttributeType>iyz</AttributeType><IsRequired>true</IsRequired><Value i:type="a:double" xmlns:a="http://www.w3.org/2001/XMLSchema">-3.0639885334031071E-08</Value></Attribute><Attribute z:Id="i685"><AttributeType>izz</AttributeType><IsRequired>true</IsRequired><Value i:type="a:double" xmlns:a="http://www.w3.org/2001/XMLSchema">0.00011492305076321836</Value></Attribute></Attributes><ChildElements/><ElementName>inertia</ElementName><required>false</required><IxxAttribute z:Ref="i680"/><IxyAttribute z:Ref="i681"/><IxzAttribute z:Ref="i682"/><IyyAttribute z:Ref="i683"/><IyzAttribute z:Ref="i684"/><IzzAttribute z:Ref="i685"/></URDFElement></ChildElements><ElementName>inertial</ElementName><required>false</required><Inertia z:Ref="i679"/><Mass z:Ref="i677"/><Origin z:Ref="i674"/></URDFElement><URDFElement z:Id="i686" i:type="Visual"><Attributes/><ChildElements><URDFElement z:Id="i687" i:type="Origin"><Attributes><Attribute z:Id="i688"><AttributeType>xyz</AttributeType><IsRequired>true</IsRequired><Value i:type="a:ArrayOfdouble" xmlns:a="http://schemas.microsoft.com/2003/10/Serialization/Arrays"><a:double>0</a:double><a:double>0</a:double><a:double>0</a:double></Value></Attribute><Attribute z:Id="i689"><AttributeType>rpy</AttributeType><IsRequired>true</IsRequired><Value i:type="a:ArrayOfdouble" xmlns:a="http://schemas.microsoft.com/2003/10/Serialization/Arrays"><a:double>0</a:double><a:double>0</a:double><a:double>0</a:double></Value></Attribute></Attributes><ChildElements/><ElementName>origin</ElementName><required>false</required><RPYAttribute z:Ref="i689"/><XYZAttribute z:Ref="i688"/><isCustomized>false</isCustomized></URDFElement><URDFElement z:Id="i690" i:type="Geometry"><Attributes/><ChildElements><URDFElement z:Id="i691" i:type="Mesh"><Attributes><Attribute z:Id="i692"><AttributeType>filename</AttributeType><IsRequired>true</IsRequired><Value i:nil="true"/></Attribute></Attributes><ChildElements/><ElementName>mesh</ElementName><required>false</required><FilenameAttribute z:Ref="i692"/></URDFElement></ChildElements><ElementName>geometry</ElementName><required>true</required><Mesh z:Ref="i691"/></URDFElement><URDFElement z:Id="i693" i:type="Material"><Attributes><Attribute z:Id="i694"><AttributeType>name</AttributeType><IsRequired>true</IsRequired><Value i:type="a:string" xmlns:a="http://www.w3.org/2001/XMLSchema"/></Attribute></Attributes><ChildElements><URDFElement z:Id="i695" i:type="Color"><Attributes><Attribute z:Id="i696"><AttributeType>rgba</AttributeType><IsRequired>true</IsRequired><Value i:type="a:ArrayOfdouble" xmlns:a="http://schemas.microsoft.com/2003/10/Serialization/Arrays"><a:double>0.64313725490196072</a:double><a:double>0.615686274509804</a:double><a:double>0.6</a:double><a:double>1</a:double></Value></Attribute></Attributes><ChildElements/><ElementName>color</ElementName><required>false</required><RGBAAttribute z:Ref="i696"/></URDFElement><URDFElement z:Id="i697" i:type="Texture"><Attributes><Attribute z:Id="i698"><AttributeType>filename</AttributeType><IsRequired>true</IsRequired><Value i:nil="true"/></Attribute></Attributes><ChildElements/><ElementName>texture</ElementName><required>false</required><FilenameAttribute z:Ref="i698"/><wFilename/></URDFElement></ChildElements><ElementName>material</ElementName><required>false</required><Color z:Ref="i695"/><NameAttribute z:Ref="i694"/><Texture z:Ref="i697"/></URDFElement></ChildElements><ElementName>visual</ElementName><required>false</required><Geometry z:Ref="i690"/><Material z:Ref="i693"/><Origin z:Ref="i687"/></URDFElement><URDFElement z:Id="i699" i:type="Collision"><Attributes/><ChildElements><URDFElement z:Id="i700" i:type="Origin"><Attributes><Attribute z:Id="i701"><AttributeType>xyz</AttributeType><IsRequired>true</IsRequired><Value i:type="a:ArrayOfdouble" xmlns:a="http://schemas.microsoft.com/2003/10/Serialization/Arrays"><a:double>0</a:double><a:double>0</a:double><a:double>0</a:double></Value></Attribute><Attribute z:Id="i702"><AttributeType>rpy</AttributeType><IsRequired>true</IsRequired><Value i:type="a:ArrayOfdouble" xmlns:a="http://schemas.microsoft.com/2003/10/Serialization/Arrays"><a:double>0</a:double><a:double>0</a:double><a:double>0</a:double></Value></Attribute></Attributes><ChildElements/><ElementName>origin</ElementName><required>false</required><RPYAttribute z:Ref="i702"/><XYZAttribute z:Ref="i701"/><isCustomized>false</isCustomized></URDFElement><URDFElement z:Id="i703" i:type="Geometry"><Attributes/><ChildElements><URDFElement z:Id="i704" i:type="Mesh"><Attributes><Attribute z:Id="i705"><AttributeType>filename</AttributeType><IsRequired>true</IsRequired><Value i:nil="true"/></Attribute></Attributes><ChildElements/><ElementName>mesh</ElementName><required>false</required><FilenameAttribute z:Ref="i705"/></URDFElement></ChildElements><ElementName>geometry</ElementName><required>true</required><Mesh z:Ref="i704"/></URDFElement></ChildElements><ElementName>collision</ElementName><required>false</required><Geometry z:Ref="i703"/><Origin z:Ref="i700"/></URDFElement><URDFElement z:Id="i706" i:type="Joint"><Attributes><Attribute z:Id="i707"><AttributeType>name</AttributeType><IsRequired>true</IsRequired><Value i:type="a:string" xmlns:a="http://www.w3.org/2001/XMLSchema">RR_hip_joint</Value></Attribute><Attribute z:Id="i708"><AttributeType>type</AttributeType><IsRequired>true</IsRequired><Value i:type="a:string" xmlns:a="http://www.w3.org/2001/XMLSchema">revolute</Value></Attribute></Attributes><ChildElements><URDFElement z:Id="i709" i:type="Origin"><Attributes><Attribute z:Id="i710"><AttributeType>xyz</AttributeType><IsRequired>true</IsRequired><Value i:type="a:ArrayOfdouble" xmlns:a="http://schemas.microsoft.com/2003/10/Serialization/Arrays"><a:double>-0.1366</a:double><a:double>-0.065</a:double><a:double>0</a:double></Value></Attribute><Attribute z:Id="i711"><AttributeType>rpy</AttributeType><IsRequired>true</IsRequired><Value i:type="a:ArrayOfdouble" xmlns:a="http://schemas.microsoft.com/2003/10/Serialization/Arrays"><a:double>0</a:double><a:double>0</a:double><a:double>0</a:double></Value></Attribute></Attributes><ChildElements/><ElementName>origin</ElementName><required>false</required><RPYAttribute z:Ref="i711"/><XYZAttribute z:Ref="i710"/><isCustomized>false</isCustomized></URDFElement><URDFElement z:Id="i712" i:type="ParentLink"><Attributes><Attribute z:Id="i713"><AttributeType>link</AttributeType><IsRequired>true</IsRequired><Value i:type="a:string" xmlns:a="http://www.w3.org/2001/XMLSchema">base</Value></Attribute></Attributes><ChildElements/><ElementName>parent</ElementName><required>true</required><NameAttribute z:Ref="i713"/></URDFElement><URDFElement z:Id="i714" i:type="ChildLink"><Attributes><Attribute z:Id="i715"><AttributeType>link</AttributeType><IsRequired>true</IsRequired><Value i:type="a:string" xmlns:a="http://www.w3.org/2001/XMLSchema">RR_hip</Value></Attribute></Attributes><ChildElements/><ElementName>child</ElementName><required>true</required><NameAttribute z:Ref="i715"/></URDFElement><URDFElement z:Id="i716" i:type="Axis"><Attributes><Attribute z:Id="i717"><AttributeType>xyz</AttributeType><IsRequired>true</IsRequired><Value i:type="a:ArrayOfdouble" xmlns:a="http://schemas.microsoft.com/2003/10/Serialization/Arrays"><a:double>-1</a:double><a:double>0</a:double><a:double>0</a:double></Value></Attribute></Attributes><ChildElements/><ElementName>axis</ElementName><required>false</required><XYZAttribute z:Ref="i717"/></URDFElement><URDFElement z:Id="i718" i:type="Limit"><Attributes><Attribute z:Id="i719"><AttributeType>lower</AttributeType><IsRequired>true</IsRequired><Value i:type="a:double" xmlns:a="http://www.w3.org/2001/XMLSchema">0</Value></Attribute><Attribute z:Id="i720"><AttributeType>upper</AttributeType><IsRequired>true</IsRequired><Value i:type="a:double" xmlns:a="http://www.w3.org/2001/XMLSchema">0</Value></Attribute><Attribute z:Id="i721"><AttributeType>effort</AttributeType><IsRequired>true</IsRequired><Value i:type="a:double" xmlns:a="http://www.w3.org/2001/XMLSchema">0</Value></Attribute><Attribute z:Id="i722"><AttributeType>velocity</AttributeType><IsRequired>true</IsRequired><Value i:type="a:double" xmlns:a="http://www.w3.org/2001/XMLSchema">0</Value></Attribute></Attributes><ChildElements/><ElementName>limit</ElementName><required>true</required><EffortAttribute z:Ref="i721"/><LowerAttribute z:Ref="i719"/><UpperAttribute z:Ref="i720"/><VelocityAttribute z:Ref="i722"/></URDFElement><URDFElement z:Id="i723" i:type="Calibration"><Attributes><Attribute z:Id="i724"><AttributeType>rising</AttributeType><IsRequired>false</IsRequired><Value i:nil="true"/></Attribute><Attribute z:Id="i725"><AttributeType>falling</AttributeType><IsRequired>false</IsRequired><Value i:nil="true"/></Attribute></Attributes><ChildElements/><ElementName>calibration</ElementName><required>false</required><FallingAttribute z:Ref="i725"/><RisingAttribute z:Ref="i724"/></URDFElement><URDFElement z:Id="i726" i:type="Dynamics"><Attributes><Attribute z:Id="i727"><AttributeType>damping</AttributeType><IsRequired>false</IsRequired><Value i:nil="true"/></Attribute><Attribute z:Id="i728"><AttributeType>friction</AttributeType><IsRequired>false</IsRequired><Value i:nil="true"/></Attribute></Attributes><ChildElements/><ElementName>dynamics</ElementName><required>false</required><DampingAttribute z:Ref="i727"/><FrictionAttribute z:Ref="i728"/></URDFElement><URDFElement z:Id="i729" i:type="SafetyController"><Attributes><Attribute z:Id="i730"><AttributeType>soft_upper_limit</AttributeType><IsRequired>false</IsRequired><Value i:nil="true"/></Attribute><Attribute z:Id="i731"><AttributeType>soft_lower_limit</AttributeType><IsRequired>false</IsRequired><Value i:nil="true"/></Attribute><Attribute z:Id="i732"><AttributeType>k_position</AttributeType><IsRequired>false</IsRequired><Value i:nil="true"/></Attribute><Attribute z:Id="i733"><AttributeType>k_velocity</AttributeType><IsRequired>true</IsRequired><Value i:nil="true"/></Attribute></Attributes><ChildElements/><ElementName>safety_controller</ElementName><required>false</required><KPositionAttribute z:Ref="i732"/><KVelocityAttribute z:Ref="i733"/><SoftLowerAttribute z:Ref="i731"/><SoftUpperAttribute z:Ref="i730"/></URDFElement><URDFElement z:Id="i734" i:type="Mimic"><Attributes><Attribute z:Id="i735"><AttributeType>joint</AttributeType><IsRequired>true</IsRequired><Value i:nil="true"/></Attribute><Attribute z:Id="i736"><AttributeType>multiplier</AttributeType><IsRequired>false</IsRequired><Value i:nil="true"/></Attribute><Attribute z:Id="i737"><AttributeType>offset</AttributeType><IsRequired>false</IsRequired><Value i:nil="true"/></Attribute></Attributes><ChildElements/><ElementName>mimic</ElementName><required>false</required><JointNameAttribute z:Ref="i735"/><MultiplierAttribute z:Ref="i736"/><OffsetAttribute z:Ref="i737"/></URDFElement></ChildElements><ElementName>joint</ElementName><required>false</required><Axis z:Ref="i716"/><AxisName>RR_hip_axis</AxisName><Calibration z:Ref="i723"/><Child z:Ref="i714"/><CoordinateSystemName>RR_hip_Coordinate System</CoordinateSystemName><Dynamics z:Ref="i726"/><Limit z:Ref="i718"/><Mimic z:Ref="i734"/><NameAttribute z:Ref="i707"/><Origin z:Ref="i709"/><Parent z:Ref="i712"/><Safety z:Ref="i729"/><TypeAttribute z:Ref="i708"/></URDFElement></ChildElements><ElementName>link</ElementName><required>true</required><Children><Link z:Id="i738"><Attributes><Attribute z:Id="i739"><AttributeType>name</AttributeType><IsRequired>true</IsRequired><Value i:type="a:string" xmlns:a="http://www.w3.org/2001/XMLSchema">RR_thigh</Value></Attribute></Attributes><ChildElements><URDFElement z:Id="i740" i:type="Inertial"><Attributes/><ChildElements><URDFElement z:Id="i741" i:type="Origin"><Attributes><Attribute z:Id="i742"><AttributeType>xyz</AttributeType><IsRequired>true</IsRequired><Value i:type="a:ArrayOfdouble" xmlns:a="http://schemas.microsoft.com/2003/10/Serialization/Arrays"><a:double>-0.0012194206917331696</a:double><a:double>-0.037132292322959518</a:double><a:double>-0.028843759914765468</a:double></Value></Attribute><Attribute z:Id="i743"><AttributeType>rpy</AttributeType><IsRequired>true</IsRequired><Value i:type="a:ArrayOfdouble" xmlns:a="http://schemas.microsoft.com/2003/10/Serialization/Arrays"><a:double>0</a:double><a:double>0</a:double><a:double>0</a:double></Value></Attribute></Attributes><ChildElements/><ElementName>origin</ElementName><required>false</required><RPYAttribute z:Ref="i743"/><XYZAttribute z:Ref="i742"/><isCustomized>false</isCustomized></URDFElement><URDFElement z:Id="i744" i:type="Mass"><Attributes><Attribute z:Id="i745"><AttributeType>value</AttributeType><IsRequired>true</IsRequired><Value i:type="a:double" xmlns:a="http://www.w3.org/2001/XMLSchema">0.59238128132792545</Value></Attribute></Attributes><ChildElements/><ElementName>mass</ElementName><required>false</required><ValueAttribute z:Ref="i745"/></URDFElement><URDFElement z:Id="i746" i:type="Inertia"><Attributes><Attribute z:Id="i747"><AttributeType>ixx</AttributeType><IsRequired>true</IsRequired><Value i:type="a:double" xmlns:a="http://www.w3.org/2001/XMLSchema">0.0017829983095806713</Value></Attribute><Attribute z:Id="i748"><AttributeType>ixy</AttributeType><IsRequired>true</IsRequired><Value i:type="a:double" xmlns:a="http://www.w3.org/2001/XMLSchema">-4.3130834451568519E-07</Value></Attribute><Attribute z:Id="i749"><AttributeType>ixz</AttributeType><IsRequired>true</IsRequired><Value i:type="a:double" xmlns:a="http://www.w3.org/2001/XMLSchema">-2.6476601642654478E-05</Value></Attribute><Attribute z:Id="i750"><AttributeType>iyy</AttributeType><IsRequired>true</IsRequired><Value i:type="a:double" xmlns:a="http://www.w3.org/2001/XMLSchema">0.0021336659205672707</Value></Attribute><Attribute z:Id="i751"><AttributeType>iyz</AttributeType><IsRequired>true</IsRequired><Value i:type="a:double" xmlns:a="http://www.w3.org/2001/XMLSchema">-5.4586672169388475E-07</Value></Attribute><Attribute z:Id="i752"><AttributeType>izz</AttributeType><IsRequired>true</IsRequired><Value i:type="a:double" xmlns:a="http://www.w3.org/2001/XMLSchema">0.00037178452713302143</Value></Attribute></Attributes><ChildElements/><ElementName>inertia</ElementName><required>false</required><IxxAttribute z:Ref="i747"/><IxyAttribute z:Ref="i748"/><IxzAttribute z:Ref="i749"/><IyyAttribute z:Ref="i750"/><IyzAttribute z:Ref="i751"/><IzzAttribute z:Ref="i752"/></URDFElement></ChildElements><ElementName>inertial</ElementName><required>false</required><Inertia z:Ref="i746"/><Mass z:Ref="i744"/><Origin z:Ref="i741"/></URDFElement><URDFElement z:Id="i753" i:type="Visual"><Attributes/><ChildElements><URDFElement z:Id="i754" i:type="Origin"><Attributes><Attribute z:Id="i755"><AttributeType>xyz</AttributeType><IsRequired>true</IsRequired><Value i:type="a:ArrayOfdouble" xmlns:a="http://schemas.microsoft.com/2003/10/Serialization/Arrays"><a:double>0</a:double><a:double>0</a:double><a:double>0</a:double></Value></Attribute><Attribute z:Id="i756"><AttributeType>rpy</AttributeType><IsRequired>true</IsRequired><Value i:type="a:ArrayOfdouble" xmlns:a="http://schemas.microsoft.com/2003/10/Serialization/Arrays"><a:double>0</a:double><a:double>0</a:double><a:double>0</a:double></Value></Attribute></Attributes><ChildElements/><ElementName>origin</ElementName><required>false</required><RPYAttribute z:Ref="i756"/><XYZAttribute z:Ref="i755"/><isCustomized>false</isCustomized></URDFElement><URDFElement z:Id="i757" i:type="Geometry"><Attributes/><ChildElements><URDFElement z:Id="i758" i:type="Mesh"><Attributes><Attribute z:Id="i759"><AttributeType>filename</AttributeType><IsRequired>true</IsRequired><Value i:nil="true"/></Attribute></Attributes><ChildElements/><ElementName>mesh</ElementName><required>false</required><FilenameAttribute z:Ref="i759"/></URDFElement></ChildElements><ElementName>geometry</ElementName><required>true</required><Mesh z:Ref="i758"/></URDFElement><URDFElement z:Id="i760" i:type="Material"><Attributes><Attribute z:Id="i761"><AttributeType>name</AttributeType><IsRequired>true</IsRequired><Value i:type="a:string" xmlns:a="http://www.w3.org/2001/XMLSchema"/></Attribute></Attributes><ChildElements><URDFElement z:Id="i762" i:type="Color"><Attributes><Attribute z:Id="i763"><AttributeType>rgba</AttributeType><IsRequired>true</IsRequired><Value i:type="a:ArrayOfdouble" xmlns:a="http://schemas.microsoft.com/2003/10/Serialization/Arrays"><a:double>0.64313725490196072</a:double><a:double>0.615686274509804</a:double><a:double>0.6</a:double><a:double>1</a:double></Value></Attribute></Attributes><ChildElements/><ElementName>color</ElementName><required>false</required><RGBAAttribute z:Ref="i763"/></URDFElement><URDFElement z:Id="i764" i:type="Texture"><Attributes><Attribute z:Id="i765"><AttributeType>filename</AttributeType><IsRequired>true</IsRequired><Value i:nil="true"/></Attribute></Attributes><ChildElements/><ElementName>texture</ElementName><required>false</required><FilenameAttribute z:Ref="i765"/><wFilename/></URDFElement></ChildElements><ElementName>material</ElementName><required>false</required><Color z:Ref="i762"/><NameAttribute z:Ref="i761"/><Texture z:Ref="i764"/></URDFElement></ChildElements><ElementName>visual</ElementName><required>false</required><Geometry z:Ref="i757"/><Material z:Ref="i760"/><Origin z:Ref="i754"/></URDFElement><URDFElement z:Id="i766" i:type="Collision"><Attributes/><ChildElements><URDFElement z:Id="i767" i:type="Origin"><Attributes><Attribute z:Id="i768"><AttributeType>xyz</AttributeType><IsRequired>true</IsRequired><Value i:type="a:ArrayOfdouble" xmlns:a="http://schemas.microsoft.com/2003/10/Serialization/Arrays"><a:double>0</a:double><a:double>0</a:double><a:double>0</a:double></Value></Attribute><Attribute z:Id="i769"><AttributeType>rpy</AttributeType><IsRequired>true</IsRequired><Value i:type="a:ArrayOfdouble" xmlns:a="http://schemas.microsoft.com/2003/10/Serialization/Arrays"><a:double>0</a:double><a:double>0</a:double><a:double>0</a:double></Value></Attribute></Attributes><ChildElements/><ElementName>origin</ElementName><required>false</required><RPYAttribute z:Ref="i769"/><XYZAttribute z:Ref="i768"/><isCustomized>false</isCustomized></URDFElement><URDFElement z:Id="i770" i:type="Geometry"><Attributes/><ChildElements><URDFElement z:Id="i771" i:type="Mesh"><Attributes><Attribute z:Id="i772"><AttributeType>filename</AttributeType><IsRequired>true</IsRequired><Value i:nil="true"/></Attribute></Attributes><ChildElements/><ElementName>mesh</ElementName><required>false</required><FilenameAttribute z:Ref="i772"/></URDFElement></ChildElements><ElementName>geometry</ElementName><required>true</required><Mesh z:Ref="i771"/></URDFElement></ChildElements><ElementName>collision</ElementName><required>false</required><Geometry z:Ref="i770"/><Origin z:Ref="i767"/></URDFElement><URDFElement z:Id="i773" i:type="Joint"><Attributes><Attribute z:Id="i774"><AttributeType>name</AttributeType><IsRequired>true</IsRequired><Value i:type="a:string" xmlns:a="http://www.w3.org/2001/XMLSchema">RR_thigh_joint</Value></Attribute><Attribute z:Id="i775"><AttributeType>type</AttributeType><IsRequired>true</IsRequired><Value i:type="a:string" xmlns:a="http://www.w3.org/2001/XMLSchema">revolute</Value></Attribute></Attributes><ChildElements><URDFElement z:Id="i776" i:type="Origin"><Attributes><Attribute z:Id="i777"><AttributeType>xyz</AttributeType><IsRequired>true</IsRequired><Value i:type="a:ArrayOfdouble" xmlns:a="http://schemas.microsoft.com/2003/10/Serialization/Arrays"><a:double>-0.05825</a:double><a:double>-0.0186</a:double><a:double>0</a:double></Value></Attribute><Attribute z:Id="i778"><AttributeType>rpy</AttributeType><IsRequired>true</IsRequired><Value i:type="a:ArrayOfdouble" xmlns:a="http://schemas.microsoft.com/2003/10/Serialization/Arrays"><a:double>0</a:double><a:double>0</a:double><a:double>0</a:double></Value></Attribute></Attributes><ChildElements/><ElementName>origin</ElementName><required>false</required><RPYAttribute z:Ref="i778"/><XYZAttribute z:Ref="i777"/><isCustomized>false</isCustomized></URDFElement><URDFElement z:Id="i779" i:type="ParentLink"><Attributes><Attribute z:Id="i780"><AttributeType>link</AttributeType><IsRequired>true</IsRequired><Value i:type="a:string" xmlns:a="http://www.w3.org/2001/XMLSchema">RR_hip</Value></Attribute></Attributes><ChildElements/><ElementName>parent</ElementName><required>true</required><NameAttribute z:Ref="i780"/></URDFElement><URDFElement z:Id="i781" i:type="ChildLink"><Attributes><Attribute z:Id="i782"><AttributeType>link</AttributeType><IsRequired>true</IsRequired><Value i:type="a:string" xmlns:a="http://www.w3.org/2001/XMLSchema">RR_thigh</Value></Attribute></Attributes><ChildElements/><ElementName>child</ElementName><required>true</required><NameAttribute z:Ref="i782"/></URDFElement><URDFElement z:Id="i783" i:type="Axis"><Attributes><Attribute z:Id="i784"><AttributeType>xyz</AttributeType><IsRequired>true</IsRequired><Value i:type="a:ArrayOfdouble" xmlns:a="http://schemas.microsoft.com/2003/10/Serialization/Arrays"><a:double>0</a:double><a:double>-1</a:double><a:double>0</a:double></Value></Attribute></Attributes><ChildElements/><ElementName>axis</ElementName><required>false</required><XYZAttribute z:Ref="i784"/></URDFElement><URDFElement z:Id="i785" i:type="Limit"><Attributes><Attribute z:Id="i786"><AttributeType>lower</AttributeType><IsRequired>true</IsRequired><Value i:type="a:double" xmlns:a="http://www.w3.org/2001/XMLSchema">0</Value></Attribute><Attribute z:Id="i787"><AttributeType>upper</AttributeType><IsRequired>true</IsRequired><Value i:type="a:double" xmlns:a="http://www.w3.org/2001/XMLSchema">0</Value></Attribute><Attribute z:Id="i788"><AttributeType>effort</AttributeType><IsRequired>true</IsRequired><Value i:type="a:double" xmlns:a="http://www.w3.org/2001/XMLSchema">0</Value></Attribute><Attribute z:Id="i789"><AttributeType>velocity</AttributeType><IsRequired>true</IsRequired><Value i:type="a:double" xmlns:a="http://www.w3.org/2001/XMLSchema">0</Value></Attribute></Attributes><ChildElements/><ElementName>limit</ElementName><required>true</required><EffortAttribute z:Ref="i788"/><LowerAttribute z:Ref="i786"/><UpperAttribute z:Ref="i787"/><VelocityAttribute z:Ref="i789"/></URDFElement><URDFElement z:Id="i790" i:type="Calibration"><Attributes><Attribute z:Id="i791"><AttributeType>rising</AttributeType><IsRequired>false</IsRequired><Value i:nil="true"/></Attribute><Attribute z:Id="i792"><AttributeType>falling</AttributeType><IsRequired>false</IsRequired><Value i:nil="true"/></Attribute></Attributes><ChildElements/><ElementName>calibration</ElementName><required>false</required><FallingAttribute z:Ref="i792"/><RisingAttribute z:Ref="i791"/></URDFElement><URDFElement z:Id="i793" i:type="Dynamics"><Attributes><Attribute z:Id="i794"><AttributeType>damping</AttributeType><IsRequired>false</IsRequired><Value i:nil="true"/></Attribute><Attribute z:Id="i795"><AttributeType>friction</AttributeType><IsRequired>false</IsRequired><Value i:nil="true"/></Attribute></Attributes><ChildElements/><ElementName>dynamics</ElementName><required>false</required><DampingAttribute z:Ref="i794"/><FrictionAttribute z:Ref="i795"/></URDFElement><URDFElement z:Id="i796" i:type="SafetyController"><Attributes><Attribute z:Id="i797"><AttributeType>soft_upper_limit</AttributeType><IsRequired>false</IsRequired><Value i:nil="true"/></Attribute><Attribute z:Id="i798"><AttributeType>soft_lower_limit</AttributeType><IsRequired>false</IsRequired><Value i:nil="true"/></Attribute><Attribute z:Id="i799"><AttributeType>k_position</AttributeType><IsRequired>false</IsRequired><Value i:nil="true"/></Attribute><Attribute z:Id="i800"><AttributeType>k_velocity</AttributeType><IsRequired>true</IsRequired><Value i:nil="true"/></Attribute></Attributes><ChildElements/><ElementName>safety_controller</ElementName><required>false</required><KPositionAttribute z:Ref="i799"/><KVelocityAttribute z:Ref="i800"/><SoftLowerAttribute z:Ref="i798"/><SoftUpperAttribute z:Ref="i797"/></URDFElement><URDFElement z:Id="i801" i:type="Mimic"><Attributes><Attribute z:Id="i802"><AttributeType>joint</AttributeType><IsRequired>true</IsRequired><Value i:nil="true"/></Attribute><Attribute z:Id="i803"><AttributeType>multiplier</AttributeType><IsRequired>false</IsRequired><Value i:nil="true"/></Attribute><Attribute z:Id="i804"><AttributeType>offset</AttributeType><IsRequired>false</IsRequired><Value i:nil="true"/></Attribute></Attributes><ChildElements/><ElementName>mimic</ElementName><required>false</required><JointNameAttribute z:Ref="i802"/><MultiplierAttribute z:Ref="i803"/><OffsetAttribute z:Ref="i804"/></URDFElement></ChildElements><ElementName>joint</ElementName><required>false</required><Axis z:Ref="i783"/><AxisName>RR_thigh_axis</AxisName><Calibration z:Ref="i790"/><Child z:Ref="i781"/><CoordinateSystemName>RR_thigh_Coordinate System</CoordinateSystemName><Dynamics z:Ref="i793"/><Limit z:Ref="i785"/><Mimic z:Ref="i801"/><NameAttribute z:Ref="i774"/><Origin z:Ref="i776"/><Parent z:Ref="i779"/><Safety z:Ref="i796"/><TypeAttribute z:Ref="i775"/></URDFElement></ChildElements><ElementName>link</ElementName><required>true</required><Children><Link z:Id="i805"><Attributes><Attribute z:Id="i806"><AttributeType>name</AttributeType><IsRequired>true</IsRequired><Value i:type="a:string" xmlns:a="http://www.w3.org/2001/XMLSchema">RR_calf</Value></Attribute></Attributes><ChildElements><URDFElement z:Id="i807" i:type="Inertial"><Attributes/><ChildElements><URDFElement z:Id="i808" i:type="Origin"><Attributes><Attribute z:Id="i809"><AttributeType>xyz</AttributeType><IsRequired>true</IsRequired><Value i:type="a:ArrayOfdouble" xmlns:a="http://schemas.microsoft.com/2003/10/Serialization/Arrays"><a:double>0.0063129932843737635</a:double><a:double>-2.4496200632107E-05</a:double><a:double>-0.091768654493873947</a:double></Value></Attribute><Attribute z:Id="i810"><AttributeType>rpy</AttributeType><IsRequired>true</IsRequired><Value i:type="a:ArrayOfdouble" xmlns:a="http://schemas.microsoft.com/2003/10/Serialization/Arrays"><a:double>0</a:double><a:double>0</a:double><a:double>0</a:double></Value></Attribute></Attributes><ChildElements/><ElementName>origin</ElementName><required>false</required><RPYAttribute z:Ref="i810"/><XYZAttribute z:Ref="i809"/><isCustomized>false</isCustomized></URDFElement><URDFElement z:Id="i811" i:type="Mass"><Attributes><Attribute z:Id="i812"><AttributeType>value</AttributeType><IsRequired>true</IsRequired><Value i:type="a:double" xmlns:a="http://www.w3.org/2001/XMLSchema">0.24779927634993029</Value></Attribute></Attributes><ChildElements/><ElementName>mass</ElementName><required>false</required><ValueAttribute z:Ref="i812"/></URDFElement><URDFElement z:Id="i813" i:type="Inertia"><Attributes><Attribute z:Id="i814"><AttributeType>ixx</AttributeType><IsRequired>true</IsRequired><Value i:type="a:double" xmlns:a="http://www.w3.org/2001/XMLSchema">0.000559369450508883</Value></Attribute><Attribute z:Id="i815"><AttributeType>ixy</AttributeType><IsRequired>true</IsRequired><Value i:type="a:double" xmlns:a="http://www.w3.org/2001/XMLSchema">7.2776729077003822E-09</Value></Attribute><Attribute z:Id="i816"><AttributeType>ixz</AttributeType><IsRequired>true</IsRequired><Value i:type="a:double" xmlns:a="http://www.w3.org/2001/XMLSchema">3.1927590651445235E-05</Value></Attribute><Attribute z:Id="i817"><AttributeType>iyy</AttributeType><IsRequired>true</IsRequired><Value i:type="a:double" xmlns:a="http://www.w3.org/2001/XMLSchema">0.00057994341943448592</Value></Attribute><Attribute z:Id="i818"><AttributeType>iyz</AttributeType><IsRequired>true</IsRequired><Value i:type="a:double" xmlns:a="http://www.w3.org/2001/XMLSchema">5.9037738840050912E-08</Value></Attribute><Attribute z:Id="i819"><AttributeType>izz</AttributeType><IsRequired>true</IsRequired><Value i:type="a:double" xmlns:a="http://www.w3.org/2001/XMLSchema">2.4933612463866874E-05</Value></Attribute></Attributes><ChildElements/><ElementName>inertia</ElementName><required>false</required><IxxAttribute z:Ref="i814"/><IxyAttribute z:Ref="i815"/><IxzAttribute z:Ref="i816"/><IyyAttribute z:Ref="i817"/><IyzAttribute z:Ref="i818"/><IzzAttribute z:Ref="i819"/></URDFElement></ChildElements><ElementName>inertial</ElementName><required>false</required><Inertia z:Ref="i813"/><Mass z:Ref="i811"/><Origin z:Ref="i808"/></URDFElement><URDFElement z:Id="i820" i:type="Visual"><Attributes/><ChildElements><URDFElement z:Id="i821" i:type="Origin"><Attributes><Attribute z:Id="i822"><AttributeType>xyz</AttributeType><IsRequired>true</IsRequired><Value i:type="a:ArrayOfdouble" xmlns:a="http://schemas.microsoft.com/2003/10/Serialization/Arrays"><a:double>0</a:double><a:double>0</a:double><a:double>0</a:double></Value></Attribute><Attribute z:Id="i823"><AttributeType>rpy</AttributeType><IsRequired>true</IsRequired><Value i:type="a:ArrayOfdouble" xmlns:a="http://schemas.microsoft.com/2003/10/Serialization/Arrays"><a:double>0</a:double><a:double>0</a:double><a:double>0</a:double></Value></Attribute></Attributes><ChildElements/><ElementName>origin</ElementName><required>false</required><RPYAttribute z:Ref="i823"/><XYZAttribute z:Ref="i822"/><isCustomized>false</isCustomized></URDFElement><URDFElement z:Id="i824" i:type="Geometry"><Attributes/><ChildElements><URDFElement z:Id="i825" i:type="Mesh"><Attributes><Attribute z:Id="i826"><AttributeType>filename</AttributeType><IsRequired>true</IsRequired><Value i:nil="true"/></Attribute></Attributes><ChildElements/><ElementName>mesh</ElementName><required>false</required><FilenameAttribute z:Ref="i826"/></URDFElement></ChildElements><ElementName>geometry</ElementName><required>true</required><Mesh z:Ref="i825"/></URDFElement><URDFElement z:Id="i827" i:type="Material"><Attributes><Attribute z:Id="i828"><AttributeType>name</AttributeType><IsRequired>true</IsRequired><Value i:type="a:string" xmlns:a="http://www.w3.org/2001/XMLSchema"/></Attribute></Attributes><ChildElements><URDFElement z:Id="i829" i:type="Color"><Attributes><Attribute z:Id="i830"><AttributeType>rgba</AttributeType><IsRequired>true</IsRequired><Value i:type="a:ArrayOfdouble" xmlns:a="http://schemas.microsoft.com/2003/10/Serialization/Arrays"><a:double>0.89803921568627454</a:double><a:double>0.91764705882352937</a:double><a:double>0.92941176470588238</a:double><a:double>1</a:double></Value></Attribute></Attributes><ChildElements/><ElementName>color</ElementName><required>false</required><RGBAAttribute z:Ref="i830"/></URDFElement><URDFElement z:Id="i831" i:type="Texture"><Attributes><Attribute z:Id="i832"><AttributeType>filename</AttributeType><IsRequired>true</IsRequired><Value i:nil="true"/></Attribute></Attributes><ChildElements/><ElementName>texture</ElementName><required>false</required><FilenameAttribute z:Ref="i832"/><wFilename/></URDFElement></ChildElements><ElementName>material</ElementName><required>false</required><Color z:Ref="i829"/><NameAttribute z:Ref="i828"/><Texture z:Ref="i831"/></URDFElement></ChildElements><ElementName>visual</ElementName><required>false</required><Geometry z:Ref="i824"/><Material z:Ref="i827"/><Origin z:Ref="i821"/></URDFElement><URDFElement z:Id="i833" i:type="Collision"><Attributes/><ChildElements><URDFElement z:Id="i834" i:type="Origin"><Attributes><Attribute z:Id="i835"><AttributeType>xyz</AttributeType><IsRequired>true</IsRequired><Value i:type="a:ArrayOfdouble" xmlns:a="http://schemas.microsoft.com/2003/10/Serialization/Arrays"><a:double>0</a:double><a:double>0</a:double><a:double>0</a:double></Value></Attribute><Attribute z:Id="i836"><AttributeType>rpy</AttributeType><IsRequired>true</IsRequired><Value i:type="a:ArrayOfdouble" xmlns:a="http://schemas.microsoft.com/2003/10/Serialization/Arrays"><a:double>0</a:double><a:double>0</a:double><a:double>0</a:double></Value></Attribute></Attributes><ChildElements/><ElementName>origin</ElementName><required>false</required><RPYAttribute z:Ref="i836"/><XYZAttribute z:Ref="i835"/><isCustomized>false</isCustomized></URDFElement><URDFElement z:Id="i837" i:type="Geometry"><Attributes/><ChildElements><URDFElement z:Id="i838" i:type="Mesh"><Attributes><Attribute z:Id="i839"><AttributeType>filename</AttributeType><IsRequired>true</IsRequired><Value i:nil="true"/></Attribute></Attributes><ChildElements/><ElementName>mesh</ElementName><required>false</required><FilenameAttribute z:Ref="i839"/></URDFElement></ChildElements><ElementName>geometry</ElementName><required>true</required><Mesh z:Ref="i838"/></URDFElement></ChildElements><ElementName>collision</ElementName><required>false</required><Geometry z:Ref="i837"/><Origin z:Ref="i834"/></URDFElement><URDFElement z:Id="i840" i:type="Joint"><Attributes><Attribute z:Id="i841"><AttributeType>name</AttributeType><IsRequired>true</IsRequired><Value i:type="a:string" xmlns:a="http://www.w3.org/2001/XMLSchema">RR_calf_joint</Value></Attribute><Attribute z:Id="i842"><AttributeType>type</AttributeType><IsRequired>true</IsRequired><Value i:type="a:string" xmlns:a="http://www.w3.org/2001/XMLSchema">revolute</Value></Attribute></Attributes><ChildElements><URDFElement z:Id="i843" i:type="Origin"><Attributes><Attribute z:Id="i844"><AttributeType>xyz</AttributeType><IsRequired>true</IsRequired><Value i:type="a:ArrayOfdouble" xmlns:a="http://schemas.microsoft.com/2003/10/Serialization/Arrays"><a:double>0</a:double><a:double>-0.0572</a:double><a:double>-0.21</a:double></Value></Attribute><Attribute z:Id="i845"><AttributeType>rpy</AttributeType><IsRequired>true</IsRequired><Value i:type="a:ArrayOfdouble" xmlns:a="http://schemas.microsoft.com/2003/10/Serialization/Arrays"><a:double>0</a:double><a:double>0</a:double><a:double>0</a:double></Value></Attribute></Attributes><ChildElements/><ElementName>origin</ElementName><required>false</required><RPYAttribute z:Ref="i845"/><XYZAttribute z:Ref="i844"/><isCustomized>false</isCustomized></URDFElement><URDFElement z:Id="i846" i:type="ParentLink"><Attributes><Attribute z:Id="i847"><AttributeType>link</AttributeType><IsRequired>true</IsRequired><Value i:type="a:string" xmlns:a="http://www.w3.org/2001/XMLSchema">RR_thigh</Value></Attribute></Attributes><ChildElements/><ElementName>parent</ElementName><required>true</required><NameAttribute z:Ref="i847"/></URDFElement><URDFElement z:Id="i848" i:type="ChildLink"><Attributes><Attribute z:Id="i849"><AttributeType>link</AttributeType><IsRequired>true</IsRequired><Value i:type="a:string" xmlns:a="http://www.w3.org/2001/XMLSchema">RR_calf</Value></Attribute></Attributes><ChildElements/><ElementName>child</ElementName><required>true</required><NameAttribute z:Ref="i849"/></URDFElement><URDFElement z:Id="i850" i:type="Axis"><Attributes><Attribute z:Id="i851"><AttributeType>xyz</AttributeType><IsRequired>true</IsRequired><Value i:type="a:ArrayOfdouble" xmlns:a="http://schemas.microsoft.com/2003/10/Serialization/Arrays"><a:double>0</a:double><a:double>1</a:double><a:double>0</a:double></Value></Attribute></Attributes><ChildElements/><ElementName>axis</ElementName><required>false</required><XYZAttribute z:Ref="i851"/></URDFElement><URDFElement z:Id="i852" i:type="Limit"><Attributes><Attribute z:Id="i853"><AttributeType>lower</AttributeType><IsRequired>true</IsRequired><Value i:type="a:double" xmlns:a="http://www.w3.org/2001/XMLSchema">0</Value></Attribute><Attribute z:Id="i854"><AttributeType>upper</AttributeType><IsRequired>true</IsRequired><Value i:type="a:double" xmlns:a="http://www.w3.org/2001/XMLSchema">0</Value></Attribute><Attribute z:Id="i855"><AttributeType>effort</AttributeType><IsRequired>true</IsRequired><Value i:type="a:double" xmlns:a="http://www.w3.org/2001/XMLSchema">0</Value></Attribute><Attribute z:Id="i856"><AttributeType>velocity</AttributeType><IsRequired>true</IsRequired><Value i:type="a:double" xmlns:a="http://www.w3.org/2001/XMLSchema">0</Value></Attribute></Attributes><ChildElements/><ElementName>limit</ElementName><required>true</required><EffortAttribute z:Ref="i855"/><LowerAttribute z:Ref="i853"/><UpperAttribute z:Ref="i854"/><VelocityAttribute z:Ref="i856"/></URDFElement><URDFElement z:Id="i857" i:type="Calibration"><Attributes><Attribute z:Id="i858"><AttributeType>rising</AttributeType><IsRequired>false</IsRequired><Value i:nil="true"/></Attribute><Attribute z:Id="i859"><AttributeType>falling</AttributeType><IsRequired>false</IsRequired><Value i:nil="true"/></Attribute></Attributes><ChildElements/><ElementName>calibration</ElementName><required>false</required><FallingAttribute z:Ref="i859"/><RisingAttribute z:Ref="i858"/></URDFElement><URDFElement z:Id="i860" i:type="Dynamics"><Attributes><Attribute z:Id="i861"><AttributeType>damping</AttributeType><IsRequired>false</IsRequired><Value i:nil="true"/></Attribute><Attribute z:Id="i862"><AttributeType>friction</AttributeType><IsRequired>false</IsRequired><Value i:nil="true"/></Attribute></Attributes><ChildElements/><ElementName>dynamics</ElementName><required>false</required><DampingAttribute z:Ref="i861"/><FrictionAttribute z:Ref="i862"/></URDFElement><URDFElement z:Id="i863" i:type="SafetyController"><Attributes><Attribute z:Id="i864"><AttributeType>soft_upper_limit</AttributeType><IsRequired>false</IsRequired><Value i:nil="true"/></Attribute><Attribute z:Id="i865"><AttributeType>soft_lower_limit</AttributeType><IsRequired>false</IsRequired><Value i:nil="true"/></Attribute><Attribute z:Id="i866"><AttributeType>k_position</AttributeType><IsRequired>false</IsRequired><Value i:nil="true"/></Attribute><Attribute z:Id="i867"><AttributeType>k_velocity</AttributeType><IsRequired>true</IsRequired><Value i:nil="true"/></Attribute></Attributes><ChildElements/><ElementName>safety_controller</ElementName><required>false</required><KPositionAttribute z:Ref="i866"/><KVelocityAttribute z:Ref="i867"/><SoftLowerAttribute z:Ref="i865"/><SoftUpperAttribute z:Ref="i864"/></URDFElement><URDFElement z:Id="i868" i:type="Mimic"><Attributes><Attribute z:Id="i869"><AttributeType>joint</AttributeType><IsRequired>true</IsRequired><Value i:nil="true"/></Attribute><Attribute z:Id="i870"><AttributeType>multiplier</AttributeType><IsRequired>false</IsRequired><Value i:nil="true"/></Attribute><Attribute z:Id="i871"><AttributeType>offset</AttributeType><IsRequired>false</IsRequired><Value i:nil="true"/></Attribute></Attributes><ChildElements/><ElementName>mimic</ElementName><required>false</required><JointNameAttribute z:Ref="i869"/><MultiplierAttribute z:Ref="i870"/><OffsetAttribute z:Ref="i871"/></URDFElement></ChildElements><ElementName>joint</ElementName><required>false</required><Axis z:Ref="i850"/><AxisName>RR_calf_axis</AxisName><Calibration z:Ref="i857"/><Child z:Ref="i848"/><CoordinateSystemName>RR_calf_Coordinate System</CoordinateSystemName><Dynamics z:Ref="i860"/><Limit z:Ref="i852"/><Mimic z:Ref="i868"/><NameAttribute z:Ref="i841"/><Origin z:Ref="i843"/><Parent z:Ref="i846"/><Safety z:Ref="i863"/><TypeAttribute z:Ref="i842"/></URDFElement></ChildElements><ElementName>link</ElementName><required>true</required><Children/><Collision z:Ref="i833"/><Inertial z:Ref="i807"/><Joint z:Ref="i840"/><NameAttribute z:Ref="i806"/><Parent z:Ref="i738"/><STLQualityFine>false</STLQualityFine><SWComponentPIDs xmlns:a="http://schemas.microsoft.com/2003/10/Serialization/Arrays"><a:base64Binary>aEIAAAUAAAD//v8TD1x/gRZZp0/yZr9+LQA2ADAANgAxAC0AMwBAAHRl13LFiE2RU08EAAAAEAAAAAEAAAABAAAA5QIAAA==</a:base64Binary><a:base64Binary>aEIAAAUAAAD//v8WD1x/gRZZp0/yZr9+LQBclc9QLQA2ADAANgAxAC0AMwBAAHRl13LFiE2RU08EAAAAEAAAAAEAAAABAAAA5AIAAA==</a:base64Binary><a:base64Binary>aEIAAAUAAAD//v8TD1x/gS1O9JXyZr9+LQA2ADAANgAxAC0AMwBAAHRl13LFiE2RU08EAAAAEAAAAAEAAAABAAAA4wIAAA==</a:base64Binary><a:base64Binary>aEIAAAUAAAD//v8ND1x/gXCZf2cyAC0AMwBAAHRl13LFiE2RU08EAAAAEAAAAAEAAAABAAAA0wQAAA==</a:base64Binary><a:base64Binary>aEIAAAUAAAD//v8Ns43velNicFP2Ti0ANABAAHRl13LFiE2RU08EAAAAEAAAAAEAAAABAAAACAUAAA==</a:base64Binary><a:base64Binary>aEIAAAUAAAD//v8MRXj2gLON73otADMAQAB0ZddyxYhNkVNPBAAAABAAAAABAAAAAQAAAAYFAAA=</a:base64Binary><a:base64Binary>aEIAAAUAAAD//v8ND1x/gXCZf2cxAC0AMwBAAHRl13LFiE2RU08EAAAAEAAAAAEAAAABAAAA1AQAAA==</a:base64Binary></SWComponentPIDs><SWMainComponentPID i:nil="true"/><Visual z:Ref="i820"/><isFixedFrame>false</isFixedFrame><isIncomplete>false</isIncomplete></Link></Children><Collision z:Ref="i766"/><Inertial z:Ref="i740"/><Joint z:Ref="i773"/><NameAttribute z:Ref="i739"/><Parent z:Ref="i671"/><STLQualityFine>false</STLQualityFine><SWComponentPIDs xmlns:a="http://schemas.microsoft.com/2003/10/Serialization/Arrays"><a:base64Binary>aEIAAAUAAAD//v8YRwBPAC0ATQA4ADAAMQAwAC0ANgA1dTpnMwBEACFqi1ctADUAQAB0ZddyxYhNkVNPBAAAABAAAAABAAAAAQAAAK0AAAA=</a:base64Binary><a:base64Binary>aEIAAAUAAAD//v8RJ1l/gYVRp08tADYAMAA2ADEALQAzAEAAdGXXcsWITZFTTwQAAAAQAAAAAQAAAAEAAADnAgAA</a:base64Binary><a:base64Binary>aEIAAAUAAAD//v8NJ1l/gVNicFP2Ti0AMwBAAHRl13LFiE2RU08EAAAAEAAAAAEAAAABAAAA6AIAAA==</a:base64Binary><a:base64Binary>aEIAAAUAAAD//v8VJ1l/gRZZp08tADYAMAA2ADEALQAzAG0AbQAtADMAQAB0ZddyxYhNkVNPBAAAABAAAAABAAAAAQAAAOYCAAA=</a:base64Binary><a:base64Binary>aEIAAAUAAAD//v8YMgAtADMAc1GCgt6PpWP2Ti0A81MOVC0ANgAwADYAMQAtADIAQAB0ZddyxYhNkVNPBAAAABAAAAABAAAAAQAAAFAEAAA=</a:base64Binary></SWComponentPIDs><SWMainComponentPID i:nil="true"/><Visual z:Ref="i753"/><isFixedFrame>false</isFixedFrame><isIncomplete>false</isIncomplete></Link></Children><Collision z:Ref="i699"/><Inertial z:Ref="i673"/><Joint z:Ref="i706"/><NameAttribute z:Ref="i672"/><Parent z:Ref="i1"/><STLQualityFine>false</STLQualityFine><SWComponentPIDs xmlns:a="http://schemas.microsoft.com/2003/10/Serialization/Arrays"><a:base64Binary>aEIAAAUAAAD//v8YRwBPAC0ATQA4ADAAMQAwAC0ANgA1dTpnMwBEACFqi1ctADYAQAB0ZddyxYhNkVNPBAAAABAAAAABAAAAAQAAAK4AAAA=</a:base64Binary><a:base64Binary>aEIAAAUAAAD//v8Zy5pzUYKC3o+lY/ZOLQBVU2KXLQA2ADAANgAxAC0A81MOVC0AMgBAAHRl13LFiE2RU08EAAAAEAAAAAEAAAABAAAALgQAAA==</a:base64Binary><a:base64Binary>aEIAAAUAAAD//v8SJ1l/gS0AD1x/gXNRgoJQlk1PV1ctADYAQAB0ZddyxYhNkVNPBAAAABAAAAABAAAAAQAAAG0EAAA=</a:base64Binary></SWComponentPIDs><SWMainComponentPID i:nil="true"/><Visual z:Ref="i686"/><isFixedFrame>false</isFixedFrame><isIncomplete>false</isIncomplete></Link></Children><Collision z:Ref="i29"/><Inertial z:Ref="i3"/><Joint z:Ref="i36"/><NameAttribute z:Ref="i2"/><Parent i:nil="true"/><STLQualityFine>false</STLQualityFine><SWComponentPIDs xmlns:a="http://schemas.microsoft.com/2003/10/Serialization/Arrays"><a:base64Binary>aEIAAAUAAAD//v8STVLokN6PpWP2Ti0ANgAwADYAMQAtADEAQAB0ZddyxYhNkVNPBAAAABAAAAABAAAAAQAAADkAAAA=</a:base64Binary><a:base64Binary>aEIAAAUAAAD//v8YRwBPAC0ATQA4ADAAMQAwAC0ANgA1dTpnMwBEACFqi1ctADcAQAB0ZddyxYhNkVNPBAAAABAAAAABAAAAAQAAAOEAAAA=</a:base64Binary><a:base64Binary>aEIAAAUAAAD//v8RMgA2ADAAbQBtADIAMAAyADAALQA0AEAAdGXXcsWITZFTTwQAAAAQAAAAAQAAAAEAAABLAAAA</a:base64Binary><a:base64Binary>aEIAAAUAAAD//v8RMgA2ADAAbQBtADIAMAAyADAALQAzAEAAdGXXcsWITZFTTwQAAAAQAAAAAQAAAAEAAABKAAAA</a:base64Binary><a:base64Binary>aEIAAAUAAAD//v8YRwBPAC0ATQA4ADAAMQAwAC0ANgA1dTpnMwBEACFqi1ctADEAQAB0ZddyxYhNkVNPBAAAABAAAAABAAAAAQAAAHMAAAA=</a:base64Binary><a:base64Binary>aEIAAAUAAAD//v8RMgA2ADAAbQBtADIAMAAyADAALQAyAEAAdGXXcsWITZFTTwQAAAAQAAAAAQAAAAEAAABJAAAA</a:base64Binary><a:base64Binary>aEIAAAUAAAD//v8ZRwBPAC0ATQA4ADAAMQAwAC0ANgA1dTpnMwBEACFqi1ctADEAMABAAHRl13LFiE2RU08EAAAAEAAAAAEAAAABAAAAFQEAAA==</a:base64Binary><a:base64Binary>aEIAAAUAAAD//v8NDlTokN6PpWP2Ti0AMQBAAHRl13LFiE2RU08EAAAAEAAAAAEAAAABAAAAPgAAAA==</a:base64Binary><a:base64Binary>aEIAAAUAAAD//v8YRwBPAC0ATQA4ADAAMQAwAC0ANgA1dTpnMwBEACFqi1ctADQAQAB0ZddyxYhNkVNPBAAAABAAAAABAAAAAQAAAKoAAAA=</a:base64Binary><a:base64Binary>aEIAAAUAAAD//v8RMgA2ADAAbQBtADIAMAAyADAALQAxAEAAdGXXcsWITZFTTwQAAAAQAAAAAQAAAAEAAABIAAAA</a:base64Binary><a:base64Binary>aEIAAAUAAAD//v8RTVJil39ny5pzUYKCUJZNT1dXLQAzAEAAdGXXcsWITZFTTwQAAAAQAAAAAQAAAAEAAAB8AwAA</a:base64Binary><a:base64Binary>aEIAAAUAAAD//v8RTVJil39ny5pzUYKCUJZNT1dXLQA0AEAAdGXXcsWITZFTTwQAAAAQAAAAAQAAAAEAAAB/AwAA</a:base64Binary><a:base64Binary>aEIAAAUAAAD//v8RTVJil39ny5pzUYKCUJZNT1dXLQA4AEAAdGXXcsWITZFTTwQAAAAQAAAAAQAAAAEAAAC0AwAA</a:base64Binary><a:base64Binary>aEIAAAUAAAD//v8RTVJil39ny5pzUYKCUJZNT1dXLQA3AEAAdGXXcsWITZFTTwQAAAAQAAAAAQAAAAEAAACxAwAA</a:base64Binary><a:base64Binary>aEIAAAUAAAD//v8RTVJil39ny5pzUYKCUJZNT1dXLQA1AEAAdGXXcsWITZFTTwQAAAAQAAAAAQAAAAEAAACbAwAA</a:base64Binary><a:base64Binary>aEIAAAUAAAD//v8RTVJil39ny5pzUYKCUJZNT1dXLQA2AEAAdGXXcsWITZFTTwQAAAAQAAAAAQAAAAEAAACeAwAA</a:base64Binary><a:base64Binary>aEIAAAUAAAD//v8RTVJil39ny5pzUYKCUJZNT1dXLQAyAEAAdGXXcsWITZFTTwQAAAAQAAAAAQAAAAEAAACYAgAA</a:base64Binary><a:base64Binary>aEIAAAUAAAD//v8RTVJil39ny5pzUYKCUJZNT1dXLQAxAEAAdGXXcsWITZFTTwQAAAAQAAAAAQAAAAEAAACLAgAA</a:base64Binary><a:base64Binary>aEIAAAUAAAD//v8NTVLokDKWpGL2Ti0AMQBAAHRl13LFiE2RU08EAAAAEAAAAAEAAAABAAAA1AMAAA==</a:base64Binary><a:base64Binary>aEIAAAUAAAD//v8MOmerjjtOU08tADEAQAB0ZddyxYhNkVNPBAAAABAAAAABAAAAAQAAAPMDAAA=</a:base64Binary></SWComponentPIDs><SWMainComponentPID i:nil="true"/><Visual z:Ref="i16"/><isFixedFrame>false</isFixedFrame><isIncomplete>false</isIncomplete></Link>
2026-07-14 15:42:39,633 INFO  AssemblyExportForm.cs: 309 - Saving URDF package to D:\！文件夹\四足机器人\宇树电机机器狗\URDF\Creeper20260714
2026-07-14 15:42:39,635 INFO  ExportHelper.cs: 147 - Beginning the export process
2026-07-14 15:42:39,637 INFO  ExportHelper.cs: 153 - Creating package directories with name Creeper20260714 and save path D:\！文件夹\四足机器人\宇树电机机器狗\URDF
2026-07-14 15:42:40,605 INFO  ExportHelper.cs: 162 - Creating CMakeLists.txt at D:\！文件夹\四足机器人\宇树电机机器狗\URDF\Creeper20260714\CMakeLists.txt
2026-07-14 15:42:40,608 INFO  ExportHelper.cs: 166 - Creating joint names config at D:\！文件夹\四足机器人\宇树电机机器狗\URDF\Creeper20260714\config\joint_names_Creeper20260714.yaml
2026-07-14 15:42:40,609 INFO  ExportHelper.cs: 170 - Creating package.xml at D:\！文件夹\四足机器人\宇树电机机器狗\URDF\Creeper20260714\package.xml
2026-07-14 15:42:40,610 INFO  PackageXMLWriter.cs: 21 - Creating package.xml at D:\！文件夹\四足机器人\宇树电机机器狗\URDF\Creeper20260714\package.xml
2026-07-14 15:42:40,613 INFO  ExportHelper.cs: 177 - Creating RVIZ launch file in D:\！文件夹\四足机器人\宇树电机机器狗\URDF\Creeper20260714\launch\
2026-07-14 15:42:40,617 INFO  ExportHelper.cs: 182 - Creating Gazebo launch file in D:\！文件夹\四足机器人\宇树电机机器狗\URDF\Creeper20260714\launch\
2026-07-14 15:42:40,619 INFO  ExportHelper.cs: 187 - Saving existing STL preferences
2026-07-14 15:42:40,619 INFO  ExportHelper.cs: 450 - Saving users preferences
2026-07-14 15:42:40,620 INFO  ExportHelper.cs: 190 - Modifying STL preferences
2026-07-14 15:42:40,621 INFO  ExportHelper.cs: 464 - Setting STL preferences
2026-07-14 15:42:40,627 INFO  ExportHelper.cs: 196 - Found 0 hidden components 
2026-07-14 15:42:40,628 INFO  ExportHelper.cs: 197 - Hiding all components
2026-07-14 15:42:41,342 INFO  ExportHelper.cs: 204 - Beginning individual files export
2026-07-14 15:42:41,346 INFO  ExportHelper.cs: 270 - Exporting link: base
2026-07-14 15:42:41,346 INFO  ExportHelper.cs: 272 - Link base has 4 children
2026-07-14 15:42:41,347 INFO  ExportHelper.cs: 270 - Exporting link: FL_hip
2026-07-14 15:42:41,348 INFO  ExportHelper.cs: 272 - Link FL_hip has 1 children
2026-07-14 15:42:41,348 INFO  ExportHelper.cs: 270 - Exporting link: FL_thigh
2026-07-14 15:42:41,349 INFO  ExportHelper.cs: 272 - Link FL_thigh has 1 children
2026-07-14 15:42:41,351 INFO  ExportHelper.cs: 270 - Exporting link: FL_calf
2026-07-14 15:42:41,351 INFO  ExportHelper.cs: 272 - Link FL_calf has 0 children
2026-07-14 15:42:41,352 INFO  ExportHelper.cs: 317 - FL_calf: Exporting STL with coordinate frame FL_calf_Coordinate System
2026-07-14 15:42:41,352 INFO  ExportHelper.cs: 322 - FL_calf: Reference geometry name 
2026-07-14 15:42:43,424 INFO  ExportHelper.cs: 330 - Saving STL to D:\！文件夹\四足机器人\宇树电机机器狗\URDF\Creeper20260714\meshes\FL_calf.STL
2026-07-14 15:42:43,998 INFO  ExportHelper.cs: 405 - Removing SW header in STL file
2026-07-14 15:42:43,999 INFO  ExportHelper.cs: 317 - FL_thigh: Exporting STL with coordinate frame FL_thigh_Coordinate System
2026-07-14 15:42:44,000 INFO  ExportHelper.cs: 322 - FL_thigh: Reference geometry name 
2026-07-14 15:42:44,385 INFO  ExportHelper.cs: 330 - Saving STL to D:\！文件夹\四足机器人\宇树电机机器狗\URDF\Creeper20260714\meshes\FL_thigh.STL
2026-07-14 15:42:46,072 INFO  ExportHelper.cs: 405 - Removing SW header in STL file
2026-07-14 15:42:46,073 INFO  ExportHelper.cs: 317 - FL_hip: Exporting STL with coordinate frame FL_hip_Coordinate System
2026-07-14 15:42:46,074 INFO  ExportHelper.cs: 322 - FL_hip: Reference geometry name 
2026-07-14 15:42:46,467 INFO  ExportHelper.cs: 330 - Saving STL to D:\！文件夹\四足机器人\宇树电机机器狗\URDF\Creeper20260714\meshes\FL_hip.STL
2026-07-14 15:42:47,935 INFO  ExportHelper.cs: 405 - Removing SW header in STL file
2026-07-14 15:42:47,938 INFO  ExportHelper.cs: 270 - Exporting link: FR_hip
2026-07-14 15:42:47,938 INFO  ExportHelper.cs: 272 - Link FR_hip has 1 children
2026-07-14 15:42:47,939 INFO  ExportHelper.cs: 270 - Exporting link: FR_thigh
2026-07-14 15:42:47,940 INFO  ExportHelper.cs: 272 - Link FR_thigh has 1 children
2026-07-14 15:42:47,940 INFO  ExportHelper.cs: 270 - Exporting link: FR_calf
2026-07-14 15:42:47,941 INFO  ExportHelper.cs: 272 - Link FR_calf has 0 children
2026-07-14 15:42:47,941 INFO  ExportHelper.cs: 317 - FR_calf: Exporting STL with coordinate frame FR_calf_Coordinate System
2026-07-14 15:42:47,941 INFO  ExportHelper.cs: 322 - FR_calf: Reference geometry name 
2026-07-14 15:42:48,379 INFO  ExportHelper.cs: 330 - Saving STL to D:\！文件夹\四足机器人\宇树电机机器狗\URDF\Creeper20260714\meshes\FR_calf.STL
2026-07-14 15:42:48,871 INFO  ExportHelper.cs: 405 - Removing SW header in STL file
2026-07-14 15:42:48,872 INFO  ExportHelper.cs: 317 - FR_thigh: Exporting STL with coordinate frame FR_thigh_Coordinate System
2026-07-14 15:42:48,873 INFO  ExportHelper.cs: 322 - FR_thigh: Reference geometry name 
2026-07-14 15:42:49,237 INFO  ExportHelper.cs: 330 - Saving STL to D:\！文件夹\四足机器人\宇树电机机器狗\URDF\Creeper20260714\meshes\FR_thigh.STL
2026-07-14 15:42:50,749 INFO  ExportHelper.cs: 405 - Removing SW header in STL file
2026-07-14 15:42:50,750 INFO  ExportHelper.cs: 317 - FR_hip: Exporting STL with coordinate frame FR_hip_Coordinate System
2026-07-14 15:42:50,751 INFO  ExportHelper.cs: 322 - FR_hip: Reference geometry name 
2026-07-14 15:42:51,110 INFO  ExportHelper.cs: 330 - Saving STL to D:\！文件夹\四足机器人\宇树电机机器狗\URDF\Creeper20260714\meshes\FR_hip.STL
2026-07-14 15:42:52,568 INFO  ExportHelper.cs: 405 - Removing SW header in STL file
2026-07-14 15:42:52,569 INFO  ExportHelper.cs: 270 - Exporting link: RL_hip
2026-07-14 15:42:52,570 INFO  ExportHelper.cs: 272 - Link RL_hip has 1 children
2026-07-14 15:42:52,571 INFO  ExportHelper.cs: 270 - Exporting link: RL_thigh
2026-07-14 15:42:52,572 INFO  ExportHelper.cs: 272 - Link RL_thigh has 1 children
2026-07-14 15:42:52,573 INFO  ExportHelper.cs: 270 - Exporting link: RL_calf
2026-07-14 15:42:52,573 INFO  ExportHelper.cs: 272 - Link RL_calf has 0 children
2026-07-14 15:42:52,573 INFO  ExportHelper.cs: 317 - RL_calf: Exporting STL with coordinate frame RL_calf_Coordinate System
2026-07-14 15:42:52,574 INFO  ExportHelper.cs: 322 - RL_calf: Reference geometry name 
2026-07-14 15:42:52,987 INFO  ExportHelper.cs: 330 - Saving STL to D:\！文件夹\四足机器人\宇树电机机器狗\URDF\Creeper20260714\meshes\RL_calf.STL
2026-07-14 15:42:53,485 INFO  ExportHelper.cs: 405 - Removing SW header in STL file
2026-07-14 15:42:53,486 INFO  ExportHelper.cs: 317 - RL_thigh: Exporting STL with coordinate frame RL_thigh_Coordinate System
2026-07-14 15:42:53,486 INFO  ExportHelper.cs: 322 - RL_thigh: Reference geometry name 
2026-07-14 15:42:53,876 INFO  ExportHelper.cs: 330 - Saving STL to D:\！文件夹\四足机器人\宇树电机机器狗\URDF\Creeper20260714\meshes\RL_thigh.STL
2026-07-14 15:42:55,494 INFO  ExportHelper.cs: 405 - Removing SW header in STL file
2026-07-14 15:42:55,495 INFO  ExportHelper.cs: 317 - RL_hip: Exporting STL with coordinate frame RL_hip_Coordinate System
2026-07-14 15:42:55,495 INFO  ExportHelper.cs: 322 - RL_hip: Reference geometry name 
2026-07-14 15:42:55,879 INFO  ExportHelper.cs: 330 - Saving STL to D:\！文件夹\四足机器人\宇树电机机器狗\URDF\Creeper20260714\meshes\RL_hip.STL
2026-07-14 15:42:57,356 INFO  ExportHelper.cs: 405 - Removing SW header in STL file
2026-07-14 15:42:57,358 INFO  ExportHelper.cs: 270 - Exporting link: RR_hip
2026-07-14 15:42:57,359 INFO  ExportHelper.cs: 272 - Link RR_hip has 1 children
2026-07-14 15:42:57,364 INFO  ExportHelper.cs: 270 - Exporting link: RR_thigh
2026-07-14 15:42:57,364 INFO  ExportHelper.cs: 272 - Link RR_thigh has 1 children
2026-07-14 15:42:57,365 INFO  ExportHelper.cs: 270 - Exporting link: RR_calf
2026-07-14 15:42:57,365 INFO  ExportHelper.cs: 272 - Link RR_calf has 0 children
2026-07-14 15:42:57,366 INFO  ExportHelper.cs: 317 - RR_calf: Exporting STL with coordinate frame RR_calf_Coordinate System
2026-07-14 15:42:57,366 INFO  ExportHelper.cs: 322 - RR_calf: Reference geometry name 
2026-07-14 15:42:57,770 INFO  ExportHelper.cs: 330 - Saving STL to D:\！文件夹\四足机器人\宇树电机机器狗\URDF\Creeper20260714\meshes\RR_calf.STL
2026-07-14 15:42:58,229 INFO  ExportHelper.cs: 405 - Removing SW header in STL file
2026-07-14 15:42:58,230 INFO  ExportHelper.cs: 317 - RR_thigh: Exporting STL with coordinate frame RR_thigh_Coordinate System
2026-07-14 15:42:58,231 INFO  ExportHelper.cs: 322 - RR_thigh: Reference geometry name 
2026-07-14 15:42:58,631 INFO  ExportHelper.cs: 330 - Saving STL to D:\！文件夹\四足机器人\宇树电机机器狗\URDF\Creeper20260714\meshes\RR_thigh.STL
2026-07-14 15:43:00,151 INFO  ExportHelper.cs: 405 - Removing SW header in STL file
2026-07-14 15:43:00,152 INFO  ExportHelper.cs: 317 - RR_hip: Exporting STL with coordinate frame RR_hip_Coordinate System
2026-07-14 15:43:00,153 INFO  ExportHelper.cs: 322 - RR_hip: Reference geometry name 
2026-07-14 15:43:00,530 INFO  ExportHelper.cs: 330 - Saving STL to D:\！文件夹\四足机器人\宇树电机机器狗\URDF\Creeper20260714\meshes\RR_hip.STL
2026-07-14 15:43:02,022 INFO  ExportHelper.cs: 405 - Removing SW header in STL file
2026-07-14 15:43:02,023 INFO  ExportHelper.cs: 317 - base: Exporting STL with coordinate frame base_Coordinate System
2026-07-14 15:43:02,023 INFO  ExportHelper.cs: 322 - base: Reference geometry name 
2026-07-14 15:43:02,569 INFO  ExportHelper.cs: 330 - Saving STL to D:\！文件夹\四足机器人\宇树电机机器狗\URDF\Creeper20260714\meshes\base.STL
2026-07-14 15:43:07,624 INFO  ExportHelper.cs: 405 - Removing SW header in STL file
2026-07-14 15:43:07,625 INFO  ExportHelper.cs: 145 - Showing all components except previously hidden components
2026-07-14 15:43:08,911 INFO  ExportHelper.cs: 145 - Resetting STL preferences
2026-07-14 15:43:08,912 INFO  ExportHelper.cs: 478 - Returning STL preferences to user preferences
2026-07-14 15:43:08,913 INFO  ExportHelper.cs: 228 - Writing URDF file to D:\！文件夹\四足机器人\宇树电机机器狗\URDF\Creeper20260714\urdf\Creeper20260714.urdf
2026-07-14 15:43:08,919 INFO  CSVImportExport.cs: 32 - Writing CSV file D:\！文件夹\四足机器人\宇树电机机器狗\URDF\Creeper20260714\urdf\Creeper20260714.csv
2026-07-14 15:43:08,938 ERROR CSVImportExport.cs: 130 - The following columns were not written to the CSV: Link.Joint.ChildLink.link,
2026-07-14 15:43:08,939 ERROR CSVImportExport.cs: 130 - The following columns were not written to the CSV: Link.Joint.ChildLink.link,
2026-07-14 15:43:08,939 ERROR CSVImportExport.cs: 130 - The following columns were not written to the CSV: Link.Joint.ChildLink.link,
2026-07-14 15:43:08,940 ERROR CSVImportExport.cs: 130 - The following columns were not written to the CSV: Link.Joint.ChildLink.link,
2026-07-14 15:43:08,940 ERROR CSVImportExport.cs: 130 - The following columns were not written to the CSV: Link.Joint.ChildLink.link,
2026-07-14 15:43:08,940 ERROR CSVImportExport.cs: 130 - The following columns were not written to the CSV: Link.Joint.ChildLink.link,
2026-07-14 15:43:08,942 ERROR CSVImportExport.cs: 130 - The following columns were not written to the CSV: Link.Joint.ChildLink.link,
2026-07-14 15:43:08,942 ERROR CSVImportExport.cs: 130 - The following columns were not written to the CSV: Link.Joint.ChildLink.link,
2026-07-14 15:43:08,942 ERROR CSVImportExport.cs: 130 - The following columns were not written to the CSV: Link.Joint.ChildLink.link,
2026-07-14 15:43:08,943 ERROR CSVImportExport.cs: 130 - The following columns were not written to the CSV: Link.Joint.ChildLink.link,
2026-07-14 15:43:08,952 ERROR CSVImportExport.cs: 130 - The following columns were not written to the CSV: Link.Joint.ChildLink.link,
2026-07-14 15:43:08,952 ERROR CSVImportExport.cs: 130 - The following columns were not written to the CSV: Link.Joint.ChildLink.link,
2026-07-14 15:43:08,954 ERROR CSVImportExport.cs: 130 - The following columns were not written to the CSV: Link.Joint.ChildLink.link,
2026-07-14 15:43:08,954 INFO  ExportHelper.cs: 234 - Copying log file
2026-07-14 15:43:08,957 INFO  ExportHelper.cs: 439 - Copying C:\Users\ZZP\sw2urdf_logs\sw2urdf.log to D:\！文件夹\四足机器人\宇树电机机器狗\URDF\Creeper20260714\export.log
